41683720,http://searchwell.l3s.uni-hannover.de/?uid=41683720,"2017-07-22 10:52:59.0",http://gadirajuweb.l3s.uni-hannover.de/SearchWell/AltS/alts_task.php?userID=41683720,40519,30596,0
41683720,http://searchwell.l3s.uni-hannover.de/en/search.jsf?query=sintomas causas y prevencion del mal de altura,"2017-07-22 10:53:43.0",http://searchwell.l3s.uni-hannover.de/?uid=41683720,981522,32340,0
41683720,http://infotratamiento.com.secure.waps.io/consejos-salud/mal-de-altura/,"2017-07-22 10:54:07.0",http://searchwell.l3s.uni-hannover.de/en/search.jsf?query=sintomas causas y prevencion del mal de altura,959721,72749,1
41683720,http://cae.ar.tripod.com.waps.io/Publicaciones/prevencion_y_tratamiento_del_mal_de_altura.htm,"2017-07-22 11:05:03.0",http://searchwell.l3s.uni-hannover.de/en/search.jsf?query=sintomas causas y prevencion del mal de altura,19821,5153,0
41683720,http://cae.ar.tripod.com.waps.io/Publicaciones/prevencion_y_tratamiento_del_mal_de_altura.htm,"2017-07-22 11:05:24.0",http://searchwell.l3s.uni-hannover.de/en/search.jsf?query=sintomas causas y prevencion del mal de altura,42,0,1
41683720,http://www.sos-emergencias.es.waps.io/document/malaltur/mal2.html,"2017-07-22 11:05:45.0",http://searchwell.l3s.uni-hannover.de/en/search.jsf?query=sintomas causas y prevencion del mal de altura,262083,25294,0
43665081,http://searchwell.l3s.uni-hannover.de/?uid=43665081,"2017-07-22 12:12:54.0",http://gadirajuweb.l3s.uni-hannover.de/SearchWell/AltS/alts_task.php?userID=43665081,20665,12920,0
43665081,http://searchwell.l3s.uni-hannover.de/en/search.jsf?query=sintomas%2C causas y prevencion del mal de altura,"2017-07-22 12:13:19.0",http://searchwell.l3s.uni-hannover.de/?uid=43665081,584189,12880,0
43665081,http://es.wikipedia.org.secure.waps.io/wiki/Mal_de_monta%C3%B1a,"2017-07-22 12:15:01.0",http://searchwell.l3s.uni-hannover.de/en/search.jsf?query=sintomas%2C causas y prevencion del mal de altura,234731,15093,1
43164637,http://searchwell.l3s.uni-hannover.de/?uid=43164637,"2017-07-22 11:09:25.0",http://gadirajuweb.l3s.uni-hannover.de/SearchWell/AltS/alts_task.php?userID=43164637,63894,6752,0
43164637,http://searchwell.l3s.uni-hannover.de/en/search.jsf?query=symptoms%2C causes and prevention of altitude sickness,"2017-07-22 11:11:01.0",http://searchwell.l3s.uni-hannover.de/?uid=43164637,331767,10202,0
43164637,http://www.healthline.com.waps.io/health/altitude-sickness,"2017-07-22 11:11:29.0",http://searchwell.l3s.uni-hannover.de/en/search.jsf?query=symptoms%2C causes and prevention of altitude sickness,528157,53135,0
41914129,http://searchwell.l3s.uni-hannover.de/?uid=41914129,"2017-07-22 10:57:55.0",http://gadirajuweb.l3s.uni-hannover.de/SearchWell/AltS/alts_task.php?userID=41914129,25791,11397,0
41914129,http://searchwell.l3s.uni-hannover.de/en/search.jsf?query=aptitude tricks,"2017-07-22 10:58:27.0",http://searchwell.l3s.uni-hannover.de/?uid=41914129,120686,15503,0
41914129,http://searchwell.l3s.uni-hannover.de/en/search.jsf,"2017-07-22 11:00:29.0",http://searchwell.l3s.uni-hannover.de/en/search.jsf?query=aptitude tricks,19213,19012,0
41914129,http://searchwell.l3s.uni-hannover.de/en/search.jsf?query=altitude sickness,"2017-07-22 11:00:58.0",http://searchwell.l3s.uni-hannover.de/en/search.jsf,361316,40549,0
41914129,http://www.healthline.com.waps.io/health/altitude-sickness,"2017-07-22 11:01:14.0",http://searchwell.l3s.uni-hannover.de/en/search.jsf?query=altitude sickness,40020,8200,1
41914129,http://en.wikipedia.org.secure.waps.io/wiki/Altitude_sickness,"2017-07-22 11:02:15.0",http://searchwell.l3s.uni-hannover.de/en/search.jsf?query=altitude sickness,68321,6785,1
43587540,http://searchwell.l3s.uni-hannover.de/?uid=43587540,"2017-07-22 11:59:01.0",http://gadirajuweb.l3s.uni-hannover.de/SearchWell/AltS/alts_task.php?userID=43587540,80486,9266,0
43587540,http://searchwell.l3s.uni-hannover.de/en/search.jsf?query=symptoms%2C causes and prevention of altitude sickness,"2017-07-22 12:00:22.0",http://searchwell.l3s.uni-hannover.de/?uid=43587540,524965,23509,0
43587540,http://www.healthline.com.waps.io/health/altitude-sickness,"2017-07-22 12:00:28.0",http://searchwell.l3s.uni-hannover.de/en/search.jsf?query=symptoms%2C causes and prevention of altitude sickness,521379,155896,0
43587540,http://www.drugs.com.secure.waps.io/health-guide/altitude-sickness.html,"2017-07-22 12:04:02.0",http://searchwell.l3s.uni-hannover.de/en/search.jsf?query=symptoms%2C causes and prevention of altitude sickness,306885,18931,0
43587540,http://www.drugs.com.secure.waps.io/health-guide/altitude-sickness.html,"2017-07-22 12:05:08.0",http://searchwell.l3s.uni-hannover.de/en/search.jsf?query=symptoms%2C causes and prevention of altitude sickness,25055,24441,1
42192898,http://searchwell.l3s.uni-hannover.de/?uid=42192898,"2017-07-22 10:57:02.0",http://gadirajuweb.l3s.uni-hannover.de/SearchWell/AltS/alts_task.php?userID=42192898,45748,20052,0
42192898,http://searchwell.l3s.uni-hannover.de/en/search.jsf?query=%D0%B1%D0%BE%D1%8F%D0%B7%D0%BD%D1%8C %D0%B2%D1%8B%D1%81%D0%BE%D1%82%D1%8B,"2017-07-22 10:57:49.0",http://searchwell.l3s.uni-hannover.de/?uid=42192898,435972,26143,0
42192898,http://ru.wikihow.com.waps.io/%D0%BF%D1%80%D0%B5%D0%BE%D0%B4%D0%BE%D0%BB%D0%B5%D1%82%D1%8C-%D0%B1%D0%BE%D1%8F%D0%B7%D0%BD%D1%8C-%D0%B2%D1%8B%D1%81%D0%BE%D1%82%D1%8B,"2017-07-22 10:57:59.0",http://searchwell.l3s.uni-hannover.de/en/search.jsf?query=%D0%B1%D0%BE%D1%8F%D0%B7%D0%BD%D1%8C %D0%B2%D1%8B%D1%81%D0%BE%D1%82%D1%8B,60966,51020,0
42192898,http://psihomed.com.waps.io/akrofobiya/,"2017-07-22 10:59:16.0",http://searchwell.l3s.uni-hannover.de/en/search.jsf?query=%D0%B1%D0%BE%D1%8F%D0%B7%D0%BD%D1%8C %D0%B2%D1%8B%D1%81%D0%BE%D1%82%D1%8B,48420,41188,1
42192898,http://apatii.net.waps.io/fobii/boyazn-vysoty,"2017-07-22 11:00:32.0",http://searchwell.l3s.uni-hannover.de/en/search.jsf?query=%D0%B1%D0%BE%D1%8F%D0%B7%D0%BD%D1%8C %D0%B2%D1%8B%D1%81%D0%BE%D1%82%D1%8B,283161,68167,0
15505671,http://searchwell.l3s.uni-hannover.de/?uid=15505671,"2017-07-22 10:32:28.0",http://gadirajuweb.l3s.uni-hannover.de/SearchWell/AltS/alts_task.php?userID=15505671,11471,4338,0
15505671,http://searchwell.l3s.uni-hannover.de/en/search.jsf?query=Altitude sickness,"2017-07-22 10:32:40.0",http://searchwell.l3s.uni-hannover.de/?uid=15505671,666907,23530,0
15505671,http://www.healthline.com.waps.io/health/altitude-sickness,"2017-07-22 10:32:48.0",http://searchwell.l3s.uni-hannover.de/en/search.jsf?query=Altitude sickness,660266,39091,0
15505671,http://www.wikihow.com.waps.io/Prevent-Altitude-Sickness,"2017-07-22 10:41:32.0",http://searchwell.l3s.uni-hannover.de/en/search.jsf?query=Altitude sickness,135909,49622,0
36252499,http://searchwell.l3s.uni-hannover.de/?uid=36252499,"2017-07-22 11:13:45.0",http://gadirajuweb.l3s.uni-hannover.de/SearchWell/AltS/alts_task.php?userID=36252499,32599,0,0
36252499,http://searchwell.l3s.uni-hannover.de/?uid=36252499,"2017-07-22 11:14:12.0",http://gadirajuweb.l3s.uni-hannover.de/SearchWell/AltS/alts_task.php?userID=36252499,37364,3737,0
36252499,http://searchwell.l3s.uni-hannover.de/en/search.jsf,"2017-07-22 11:14:50.0",http://searchwell.l3s.uni-hannover.de/?uid=36252499,5344,5326,0
36252499,http://searchwell.l3s.uni-hannover.de/?uid=36252499,"2017-07-22 11:14:54.0",http://gadirajuweb.l3s.uni-hannover.de/SearchWell/AltS/alts_task.php?userID=36252499,31143,3610,0
36252499,http://searchwell.l3s.uni-hannover.de/en/search.jsf?query=,"2017-07-22 11:15:25.0",http://searchwell.l3s.uni-hannover.de/?uid=36252499,41775,9479,0
36252499,http://searchwell.l3s.uni-hannover.de/en/search.jsf?query=symptoms%2C causes and prevention of altitude sickness,"2017-07-22 11:16:07.0",http://searchwell.l3s.uni-hannover.de/en/search.jsf?query=,176212,29456,0
36252499,http://www.healthline.com.waps.io/health/altitude-sickness,"2017-07-22 11:16:15.0",http://searchwell.l3s.uni-hannover.de/en/search.jsf?query=symptoms%2C causes and prevention of altitude sickness,99725,5209,0
36252499,http://www.drugs.com.secure.waps.io/health-guide/altitude-sickness.html,"2017-07-22 11:16:16.0",http://searchwell.l3s.uni-hannover.de/en/search.jsf?query=symptoms%2C causes and prevention of altitude sickness,0,0,1
36252499,http://en.wikipedia.org.secure.waps.io/wiki/Altitude_sickness,"2017-07-22 11:16:20.0",http://searchwell.l3s.uni-hannover.de/en/search.jsf?query=symptoms%2C causes and prevention of altitude sickness,96373,431,0
36252499,http://conditions.healthgrove.com.waps.io/l/32/Altitude-Sickness,"2017-07-22 11:18:22.0",http://searchwell.l3s.uni-hannover.de/en/search.jsf?query=symptoms%2C causes and prevention of altitude sickness,42797,2195,0
40557293,http://searchwell.l3s.uni-hannover.de/?uid=40557293,"2017-07-22 10:56:35.0",http://gadirajuweb.l3s.uni-hannover.de/SearchWell/AltS/alts_task.php?userID=40557293,21792,4809,0
40557293,http://searchwell.l3s.uni-hannover.de/en/search.jsf?query=symptoms%2C causes and prevention of altitude sickness,"2017-07-22 10:57:29.0",http://searchwell.l3s.uni-hannover.de/?uid=40557293,636707,17905,0
40557293,http://www.drugs.com.secure.waps.io/health-guide/altitude-sickness.html,"2017-07-22 10:57:38.0",http://searchwell.l3s.uni-hannover.de/en/search.jsf?query=symptoms%2C causes and prevention of altitude sickness,505129,185651,0
40557293,http://www.drugs.com.secure.waps.io/nifedipine.html,"2017-07-22 11:06:05.0",http://www.drugs.com.secure.waps.io/health-guide/altitude-sickness.html,937,867,0
40557293,http://www.drugs.com.secure.waps.io/health-guide/altitude-sickness.html,"2017-07-22 11:06:07.0",http://searchwell.l3s.uni-hannover.de/en/search.jsf?query=symptoms%2C causes and prevention of altitude sickness,118104,33284,0
36938032,http://searchwell.l3s.uni-hannover.de/?uid=36938032,"2017-07-22 10:58:23.0",http://gadirajuweb.l3s.uni-hannover.de/SearchWell/AltS/alts_task.php?userID=36938032,34774,4529,0
36938032,http://searchwell.l3s.uni-hannover.de/en/search.jsf?query=symptoms%2C causes and prevention of altitude sickness,"2017-07-22 10:59:53.0",http://searchwell.l3s.uni-hannover.de/?uid=36938032,341841,17750,0
36938032,http://www.healthline.com.waps.io/health/altitude-sickness,"2017-07-22 11:00:03.0",http://searchwell.l3s.uni-hannover.de/en/search.jsf?query=symptoms%2C causes and prevention of altitude sickness,419464,59131,1
36938032,http://www.drugs.com.secure.waps.io/health-guide/altitude-sickness.html,"2017-07-22 11:01:50.0",http://searchwell.l3s.uni-hannover.de/en/search.jsf?query=symptoms%2C causes and prevention of altitude sickness,311835,30267,0
36938032,http://wwwnc.cdc.gov.secure.waps.io/travel/yellowbook/2018/the-pre-travel-consultation/altitude-illness,"2017-07-22 11:03:01.0",http://searchwell.l3s.uni-hannover.de/en/search.jsf?query=symptoms%2C causes and prevention of altitude sickness,239210,43032,1
36938032,http://www.medicalnewstoday.com.waps.io/articles/179819.php,"2017-07-22 11:03:03.0",http://searchwell.l3s.uni-hannover.de/en/search.jsf?query=symptoms%2C causes and prevention of altitude sickness,43249,11269,1
30055681,http://searchwell.l3s.uni-hannover.de/?uid=30055681,"2017-07-22 11:00:15.0",http://gadirajuweb.l3s.uni-hannover.de/SearchWell/AltS/alts_task.php?userID=30055681,18148,9394,0
30055681,http://searchwell.l3s.uni-hannover.de/en/search.jsf?query=causes and prevention of altitude sickness,"2017-07-22 11:00:35.0",http://searchwell.l3s.uni-hannover.de/?uid=30055681,1022595,41181,0
30055681,http://www.drugs.com.secure.waps.io/health-guide/altitude-sickness.html,"2017-07-22 11:00:43.0",http://searchwell.l3s.uni-hannover.de/en/search.jsf?query=causes and prevention of altitude sickness,858260,79794,1
30055681,http://www.healthline.com.waps.io/health/altitude-sickness,"2017-07-22 11:04:06.0",http://searchwell.l3s.uni-hannover.de/en/search.jsf?query=causes and prevention of altitude sickness,811727,52600,0
30055681,http://wwwnc.cdc.gov.secure.waps.io/travel/yellowbook/2018/the-pre-travel-consultation/altitude-illness,"2017-07-22 11:06:06.0",http://searchwell.l3s.uni-hannover.de/en/search.jsf?query=causes and prevention of altitude sickness,533081,42026,1
8057247,http://searchwell.l3s.uni-hannover.de/?uid=8057247,"2017-07-22 10:29:13.0",http://gadirajuweb.l3s.uni-hannover.de/SearchWell/AltS/alts_task.php?userID=8057247,38308,5622,0
8057247,http://searchwell.l3s.uni-hannover.de/en/search.jsf?query=symptoms%2C causes and prevention of altitude sickness,"2017-07-22 10:29:53.0",http://searchwell.l3s.uni-hannover.de/?uid=8057247,606037,19470,0
8057247,http://www.healthline.com.waps.io/health/altitude-sickness,"2017-07-22 10:30:02.0",http://searchwell.l3s.uni-hannover.de/en/search.jsf?query=symptoms%2C causes and prevention of altitude sickness,114630,81641,1
8057247,http://searchwell.l3s.uni-hannover.de/en/search.jsf?query=symptoms%2C causes and prevention of altitude sickness high temperature,"2017-07-22 10:40:12.0",http://searchwell.l3s.uni-hannover.de/en/search.jsf?query=symptoms%2C causes and prevention of altitude sickness,93284,0,0
32108646,http://searchwell.l3s.uni-hannover.de/?uid=32108646,"2017-07-22 11:40:29.0",http://gadirajuweb.l3s.uni-hannover.de/SearchWell/AltS/alts_task.php?userID=32108646,22921,9387,0
32108646,http://searchwell.l3s.uni-hannover.de/en/search.jsf?query=symptoms%2C causes and prevention of altitude sickness,"2017-07-22 11:41:00.0",http://searchwell.l3s.uni-hannover.de/?uid=32108646,690287,5316,0
32108646,http://www.drugs.com.secure.waps.io/health-guide/altitude-sickness.html,"2017-07-22 11:41:09.0",http://searchwell.l3s.uni-hannover.de/en/search.jsf?query=symptoms%2C causes and prevention of altitude sickness,674296,132933,1
42262643,http://searchwell.l3s.uni-hannover.de/?uid=42262643,"2017-07-22 11:24:39.0",http://gadirajuweb.l3s.uni-hannover.de/SearchWell/AltS/alts_task.php?userID=42262643,34311,3368,0
42262643,http://searchwell.l3s.uni-hannover.de/en/search.jsf?query=symptoms%2C causes and prevention of altitude sickness,"2017-07-22 11:25:15.0",http://searchwell.l3s.uni-hannover.de/?uid=42262643,131324,9374,0
42262643,http://www.healthline.com.waps.io/health/altitude-sickness,"2017-07-22 11:25:59.0",http://searchwell.l3s.uni-hannover.de/en/search.jsf?query=symptoms%2C causes and prevention of altitude sickness,70361,24977,1
42262643,http://searchwell.l3s.uni-hannover.de/en/search.jsf?query=symptoms%2C causes and prevention of altitude sickness at sea,"2017-07-22 11:27:29.0",http://searchwell.l3s.uni-hannover.de/en/search.jsf?query=symptoms%2C causes and prevention of altitude sickness,641733,8895,0
42262643,http://altitudesicknesscure.com.waps.io/,"2017-07-22 11:27:44.0",http://searchwell.l3s.uni-hannover.de/en/search.jsf?query=symptoms%2C causes and prevention of altitude sickness at sea,545082,120251,1
39616594,http://searchwell.l3s.uni-hannover.de/?uid=39616594,"2017-07-22 10:45:41.0",http://gadirajuweb.l3s.uni-hannover.de/SearchWell/AltS/alts_task.php?userID=39616594,13073,6507,0
39616594,http://searchwell.l3s.uni-hannover.de/en/search.jsf?query=altitude sickness,"2017-07-22 10:45:55.0",http://searchwell.l3s.uni-hannover.de/?uid=39616594,461697,33335,0
39616594,http://www.healthline.com.waps.io/health/altitude-sickness,"2017-07-22 10:46:05.0",http://searchwell.l3s.uni-hannover.de/en/search.jsf?query=altitude sickness,137703,93772,1
39616594,http://www.medicinenet.com.waps.io/altitude_sickness_symptoms/views.htm,"2017-07-22 10:50:03.0",http://searchwell.l3s.uni-hannover.de/en/search.jsf?query=altitude sickness,73567,10673,1
39616594,http://medlineplus.gov.secure.waps.io/ency/article/000133.htm,"2017-07-22 10:50:38.0",http://searchwell.l3s.uni-hannover.de/en/search.jsf?query=altitude sickness,1473,1281,0
42861604,http://searchwell.l3s.uni-hannover.de/?uid=42861604,"2017-07-22 11:26:14.0",http://gadirajuweb.l3s.uni-hannover.de/SearchWell/AltS/alts_task.php?userID=42861604,6219,202,0
42861604,http://searchwell.l3s.uni-hannover.de/en/search.jsf?query= %D8%A7%D9%84%D8%A3%D8%B9%D8%B1%D8%A7%D8%B6 %D9%88%D8%A7%D9%84%D8%A3%D8%B3%D8%A8%D8%A7%D8%A8 %D9%88%D8%A7%D9%84%D9%88%D9%82%D8%A7%D9%8A%D8%A9 %D9%85%D9%86 %D8%A7%D8%B1%D8%AA%D9%81%D8%A7%D8%B9 %D8%A7%D9%84%D9%85%D8%B1%D8%B6,"2017-07-22 11:27:58.0",http://searchwell.l3s.uni-hannover.de/?uid=42861604,113795,20552,0
42861604,http://searchwell.l3s.uni-hannover.de/?uid=42861604,"2017-07-22 11:30:54.0",http://gadirajuweb.l3s.uni-hannover.de/SearchWell/AltS/alts_task.php?userID=42861604,2656,2482,0
42861604,http://searchwell.l3s.uni-hannover.de/en/search.jsf?query= %D8%A7%D9%84%D8%A3%D8%B9%D8%B1%D8%A7%D8%B6 %D9%88%D8%A7%D9%84%D8%A3%D8%B3%D8%A8%D8%A7%D8%A8 %D9%88%D8%A7%D9%84%D9%88%D9%82%D8%A7%D9%8A%D8%A9 %D9%85%D9%86 %D8%A7%D8%B1%D8%AA%D9%81%D8%A7%D8%B9 %D8%A7%D9%84%D9%85%D8%B1%D8%B6,"2017-07-22 11:30:57.0",http://searchwell.l3s.uni-hannover.de/?uid=42861604,95872,1554,0
36437557,http://searchwell.l3s.uni-hannover.de/?uid=36437557,"2017-07-22 11:21:28.0",http://gadirajuweb.l3s.uni-hannover.de/SearchWell/AltS/alts_task.php?userID=36437557,35396,19987,0
36437557,http://searchwell.l3s.uni-hannover.de/en/search.jsf?query=symptoms altitude sickness,"2017-07-22 11:22:05.0",http://searchwell.l3s.uni-hannover.de/?uid=36437557,101065,18905,0
36437557,http://www.medicinenet.com.waps.io/altitude_sickness_symptoms/views.htm,"2017-07-22 11:22:32.0",http://searchwell.l3s.uni-hannover.de/en/search.jsf?query=symptoms altitude sickness,872432,10973,0
36437557,http://searchwell.l3s.uni-hannover.de/en/search.jsf?query=symptoms and causes altitude sickness,"2017-07-22 11:23:51.0",http://searchwell.l3s.uni-hannover.de/en/search.jsf?query=symptoms altitude sickness,326627,31630,0
36437557,http://www.healthline.com.waps.io/health/altitude-sickness,"2017-07-22 11:24:07.0",http://searchwell.l3s.uni-hannover.de/en/search.jsf?query=symptoms and causes altitude sickness,776971,33882,0
36437557,http://en.wikipedia.org.secure.waps.io/wiki/Altitude_sickness,"2017-07-22 11:27:57.0",http://searchwell.l3s.uni-hannover.de/en/search.jsf?query=symptoms and causes altitude sickness,544746,74042,0
42152204,http://searchwell.l3s.uni-hannover.de/?uid=42152204,"2017-07-22 10:47:38.0",http://gadirajuweb.l3s.uni-hannover.de/SearchWell/AltS/alts_task.php?userID=42152204,7670,2690,0
42152204,http://searchwell.l3s.uni-hannover.de/en/search.jsf?query=symptoms%2C causes and prevention of altitude sickness,"2017-07-22 10:47:47.0",http://searchwell.l3s.uni-hannover.de/?uid=42152204,385466,13245,0
42152204,http://www.healthline.com.waps.io/health/altitude-sickness,"2017-07-22 10:48:21.0",http://searchwell.l3s.uni-hannover.de/en/search.jsf?query=symptoms%2C causes and prevention of altitude sickness,166295,44595,0
42152204,http://www.drugs.com.secure.waps.io/health-guide/altitude-sickness.html,"2017-07-22 10:51:16.0",http://searchwell.l3s.uni-hannover.de/en/search.jsf?query=symptoms%2C causes and prevention of altitude sickness,32478,31983,0
42152204,http://en.wikipedia.org.secure.waps.io/wiki/Altitude_sickness,"2017-07-22 10:51:53.0",http://searchwell.l3s.uni-hannover.de/en/search.jsf?query=symptoms%2C causes and prevention of altitude sickness,138698,29218,0
41571219,http://searchwell.l3s.uni-hannover.de/?uid=41571219,"2017-07-22 11:06:24.0",http://gadirajuweb.l3s.uni-hannover.de/SearchWell/AltS/alts_task.php?userID=41571219,10204,9355,0
41571219,http://searchwell.l3s.uni-hannover.de/en/search.jsf?query=high altitude sickness,"2017-07-22 11:06:36.0",http://searchwell.l3s.uni-hannover.de/?uid=41571219,464196,911,0
43691638,http://searchwell.l3s.uni-hannover.de/?uid=43691638,"2017-07-22 10:31:29.0",http://gadirajuweb.l3s.uni-hannover.de/SearchWell/AltS/alts_task.php?userID=43691638,69395,21237,0
43691638,http://searchwell.l3s.uni-hannover.de/en/search.jsf?query=causes of altitude sickness,"2017-07-22 10:32:41.0",http://searchwell.l3s.uni-hannover.de/?uid=43691638,640304,16019,0
43691638,http://www.healthline.com.waps.io/health/altitude-sickness,"2017-07-22 10:32:52.0",http://searchwell.l3s.uni-hannover.de/en/search.jsf?query=causes of altitude sickness,96199,27031,1
11311952,http://searchwell.l3s.uni-hannover.de/?uid=11311952,"2017-07-22 11:12:02.0",http://gadirajuweb.l3s.uni-hannover.de/SearchWell/AltS/alts_task.php?userID=11311952,28840,4923,0
11311952,http://searchwell.l3s.uni-hannover.de/en/search.jsf?query=s%C3%ADntomas%2C causas y prevenci%C3%B3n del mal de altura,"2017-07-22 11:12:34.0",http://searchwell.l3s.uni-hannover.de/?uid=11311952,572886,39999,0
11311952,http://infotratamiento.com.secure.waps.io/consejos-salud/mal-de-altura/,"2017-07-22 11:12:47.0",http://searchwell.l3s.uni-hannover.de/en/search.jsf?query=s%C3%ADntomas%2C causas y prevenci%C3%B3n del mal de altura,84465,35547,1
11311952,http://es.wikihow.com.waps.io/prevenir-el-mal-de-altura,"2017-07-22 11:14:23.0",http://searchwell.l3s.uni-hannover.de/en/search.jsf?query=s%C3%ADntomas%2C causas y prevenci%C3%B3n del mal de altura,466234,55983,0
11311952,http://salud.ccm.net.waps.io/faq/3095-mal-de-altura-sintomas-graves-y-tratamiento,"2017-07-22 11:15:45.0",http://searchwell.l3s.uni-hannover.de/en/search.jsf?query=s%C3%ADntomas%2C causas y prevenci%C3%B3n del mal de altura,16699,13614,1
40941178,http://searchwell.l3s.uni-hannover.de/?uid=40941178,"2017-07-22 10:30:36.0",http://gadirajuweb.l3s.uni-hannover.de/SearchWell/AltS/alts_task.php?userID=40941178,42334,5221,0
40941178,http://searchwell.l3s.uni-hannover.de/en/search.jsf?query=symptoms%2C causes and prevention of altitude sickness,"2017-07-22 10:31:19.0",http://searchwell.l3s.uni-hannover.de/?uid=40941178,493031,5514,0
40941178,http://www.healthline.com.waps.io/health/altitude-sickness,"2017-07-22 10:31:26.0",http://searchwell.l3s.uni-hannover.de/en/search.jsf?query=symptoms%2C causes and prevention of altitude sickness,637625,71352,1
40507163,http://searchwell.l3s.uni-hannover.de/?uid=40507163,"2017-07-22 10:55:55.0",http://gadirajuweb.l3s.uni-hannover.de/SearchWell/AltS/alts_task.php?userID=40507163,5567,2140,0
40507163,http://searchwell.l3s.uni-hannover.de/en/search.jsf?query=symptoms%2C causes and prevention of altitude sickness,"2017-07-22 10:56:02.0",http://searchwell.l3s.uni-hannover.de/?uid=40507163,618812,17711,0
40507163,http://www.healthline.com.waps.io/health/altitude-sickness,"2017-07-22 10:56:15.0",http://searchwell.l3s.uni-hannover.de/en/search.jsf?query=symptoms%2C causes and prevention of altitude sickness,349922,101017,1
40507163,http://www.drugs.com.secure.waps.io/health-guide/altitude-sickness.html,"2017-07-22 10:58:40.0",http://searchwell.l3s.uni-hannover.de/en/search.jsf?query=symptoms%2C causes and prevention of altitude sickness,461373,77814,0
43563855,http://searchwell.l3s.uni-hannover.de/?uid=43563855,"2017-07-22 11:07:21.0",http://gadirajuweb.l3s.uni-hannover.de/SearchWell/AltS/alts_task.php?userID=43563855,12063,12026,0
43563855,http://searchwell.l3s.uni-hannover.de/en/search.jsf?query=altitude sickness,"2017-07-22 11:08:07.0",http://searchwell.l3s.uni-hannover.de/?uid=43563855,38024,37990,0
43563855,http://www.healthline.com.waps.io/health/altitude-sickness,"2017-07-22 11:08:18.0",http://searchwell.l3s.uni-hannover.de/en/search.jsf?query=altitude sickness,316785,61902,1
43563855,http://searchwell.l3s.uni-hannover.de/en/search.jsf?query=symptoms of altitude sickness,"2017-07-22 11:08:46.0",http://searchwell.l3s.uni-hannover.de/en/search.jsf?query=altitude sickness,633501,18165,0
43563855,http://familydoctor.org.secure.waps.io/condition/high-altitude-illness/,"2017-07-22 11:13:24.0",http://searchwell.l3s.uni-hannover.de/en/search.jsf?query=symptoms of altitude sickness,0,0,1
43563855,http://familydoctor.org.secure.waps.io/condition/high-altitude-illness/,"2017-07-22 11:13:28.0",http://searchwell.l3s.uni-hannover.de/en/search.jsf?query=symptoms of altitude sickness,354462,13624,0
43150296,http://searchwell.l3s.uni-hannover.de/?uid=43150296,"2017-07-22 11:43:55.0",http://gadirajuweb.l3s.uni-hannover.de/SearchWell/AltS/alts_task.php?userID=43150296,12618,8357,0
43150296,http://searchwell.l3s.uni-hannover.de/en/search.jsf?query=altitude sickness,"2017-07-22 11:44:10.0",http://searchwell.l3s.uni-hannover.de/?uid=43150296,667200,5416,0
39474673,http://searchwell.l3s.uni-hannover.de/?uid=39474673,"2017-07-22 11:06:04.0",http://gadirajuweb.l3s.uni-hannover.de/SearchWell/AltS/alts_task.php?userID=39474673,15110,5822,0
39474673,http://searchwell.l3s.uni-hannover.de/en/search.jsf?query=symptoms%2C causes and prevention of altitude sickness,"2017-07-22 11:06:20.0",http://searchwell.l3s.uni-hannover.de/?uid=39474673,4490,3270,0
39474673,http://www.healthline.com.waps.io/health/altitude-sickness,"2017-07-22 11:06:26.0",http://searchwell.l3s.uni-hannover.de/en/search.jsf?query=symptoms%2C causes and prevention of altitude sickness,402553,78820,0
43588858,http://searchwell.l3s.uni-hannover.de/?uid=43588858,"2017-07-22 10:49:31.0",http://gadirajuweb.l3s.uni-hannover.de/SearchWell/AltS/alts_task.php?userID=43588858,26514,4451,0
43588858,http://searchwell.l3s.uni-hannover.de/?uid=43588858,"2017-07-22 10:49:56.0",http://gadirajuweb.l3s.uni-hannover.de/SearchWell/AltS/alts_task.php?userID=43588858,13063,11565,0
43588858,http://searchwell.l3s.uni-hannover.de/en/search.jsf?query=43588858,"2017-07-22 10:50:11.0",http://searchwell.l3s.uni-hannover.de/?uid=43588858,84949,37020,0
43588858,http://searchwell.l3s.uni-hannover.de/en/search.jsf?query=search well,"2017-07-22 10:52:04.0",http://searchwell.l3s.uni-hannover.de/en/search.jsf?query=43588858,38749,30152,0
43588858,http://en.wikipedia.org.secure.waps.io/wiki/Search_Well,"2017-07-22 10:52:16.0",http://searchwell.l3s.uni-hannover.de/en/search.jsf?query=search well,6230,6224,0
43588858,http://searchwell.l3s.uni-hannover.de/en/search.jsf?query=%27symptoms%2C causes and prevention of altitude sickness,"2017-07-22 10:52:51.0",http://searchwell.l3s.uni-hannover.de/en/search.jsf?query=search well,30318,4699,0
43588858,http://searchwell.l3s.uni-hannover.de/?uid=43588858,"2017-07-22 11:02:01.0",http://gadirajuweb.l3s.uni-hannover.de/SearchWell/AltS/alts_task.php?userID=43588858,12511,11826,0
43588858,http://searchwell.l3s.uni-hannover.de/en/search.jsf?query=%27symptoms%2C causes and prevention of altitude sickness,"2017-07-22 11:02:14.0",http://searchwell.l3s.uni-hannover.de/?uid=43588858,182952,21392,0
43588858,http://www.healthline.com.waps.io/health/altitude-sickness,"2017-07-22 11:02:29.0",http://searchwell.l3s.uni-hannover.de/en/search.jsf?query=%27symptoms%2C causes and prevention of altitude sickness,148586,57229,1
43588858,http://searchwell.l3s.uni-hannover.de/en/search.jsf?query=altitude sickness,"2017-07-22 11:05:18.0",http://searchwell.l3s.uni-hannover.de/en/search.jsf?query=%27symptoms%2C causes and prevention of altitude sickness,262563,14811,0
40102852,http://searchwell.l3s.uni-hannover.de/?uid=40102852,"2017-07-22 10:51:11.0",http://gadirajuweb.l3s.uni-hannover.de/SearchWell/AltS/alts_task.php?userID=40102852,3972,3028,0
40102852,http://searchwell.l3s.uni-hannover.de/en/search.jsf?query=highaltitude.co,"2017-07-22 10:52:02.0",http://searchwell.l3s.uni-hannover.de/?uid=40102852,433873,30893,0
40102852,http://www.aheadhigher.com.secure.waps.io/,"2017-07-22 10:52:26.0",http://searchwell.l3s.uni-hannover.de/en/search.jsf?query=highaltitude.co,14555,14310,0
40102852,http://en.wikipedia.org.secure.waps.io/wiki/Altitude,"2017-07-22 10:52:46.0",http://searchwell.l3s.uni-hannover.de/en/search.jsf?query=highaltitude.co,31413,15620,0
40102852,http://www.drugs.com.secure.waps.io/health-guide/altitude-sickness.html,"2017-07-22 10:53:41.0",http://searchwell.l3s.uni-hannover.de/en/search.jsf?query=highaltitude.co,368295,36987,1
43711765,http://searchwell.l3s.uni-hannover.de/?uid=43711765,"2017-07-22 12:03:23.0",http://gadirajuweb.l3s.uni-hannover.de/SearchWell/AltS/alts_task.php?userID=43711765,5605,5513,0
43711765,http://searchwell.l3s.uni-hannover.de/en/search.jsf?query=symptoms%2C causes and prevention of altitude sickness,"2017-07-22 12:04:05.0",http://searchwell.l3s.uni-hannover.de/?uid=43711765,355341,16765,1
43711765,http://www.healthline.com.waps.io/health/altitude-sickness,"2017-07-22 12:04:30.0",http://searchwell.l3s.uni-hannover.de/en/search.jsf?query=symptoms%2C causes and prevention of altitude sickness,171766,55686,1
43711765,http://www.drugs.com.secure.waps.io/health-guide/altitude-sickness.html,"2017-07-22 12:07:16.0",http://searchwell.l3s.uni-hannover.de/en/search.jsf?query=symptoms%2C causes and prevention of altitude sickness,163032,76595,1
42530859,http://searchwell.l3s.uni-hannover.de/?uid=42530859,"2017-07-22 10:45:19.0",http://gadirajuweb.l3s.uni-hannover.de/SearchWell/AltS/alts_task.php?userID=42530859,74725,6568,0
42530859,http://searchwell.l3s.uni-hannover.de/en/search.jsf?query=symptoms%2C causes and prevention of altitude sickness,"2017-07-22 10:46:38.0",http://searchwell.l3s.uni-hannover.de/?uid=42530859,439148,22509,0
42530859,http://www.drugs.com.secure.waps.io/health-guide/altitude-sickness.html,"2017-07-22 10:46:50.0",http://searchwell.l3s.uni-hannover.de/en/search.jsf?query=symptoms%2C causes and prevention of altitude sickness,73835,42299,1
42530859,http://www.healthline.com.waps.io/health/altitude-sickness,"2017-07-22 10:48:17.0",http://searchwell.l3s.uni-hannover.de/en/search.jsf?query=symptoms%2C causes and prevention of altitude sickness,27679,26431,0
40613469,http://searchwell.l3s.uni-hannover.de/?uid=40613469,"2017-07-22 11:12:58.0",http://gadirajuweb.l3s.uni-hannover.de/SearchWell/AltS/alts_task.php?userID=40613469,47735,4829,0
40613469,http://searchwell.l3s.uni-hannover.de/en/search.jsf?query=preven%C3%A7%C3%A3o de doen%C3%A7as de altitude,"2017-07-22 11:14:06.0",http://searchwell.l3s.uni-hannover.de/?uid=40613469,1324385,3226,0
6335542,http://searchwell.l3s.uni-hannover.de/?uid=6335542,"2017-07-22 12:12:42.0",http://gadirajuweb.l3s.uni-hannover.de/SearchWell/AltS/alts_task.php?userID=6335542,6444,4503,0
6335542,http://searchwell.l3s.uni-hannover.de/en/search.jsf?query=symptoms%2C causes and prevention of altitude sickness,"2017-07-22 12:12:50.0",http://searchwell.l3s.uni-hannover.de/?uid=6335542,791462,21691,0
6335542,http://www.healthline.com.waps.io/health/altitude-sickness,"2017-07-22 12:14:04.0",http://searchwell.l3s.uni-hannover.de/en/search.jsf?query=symptoms%2C causes and prevention of altitude sickness,725955,101396,0
6335542,http://www.drugs.com.secure.waps.io/health-guide/altitude-sickness.html,"2017-07-22 12:18:44.0",http://searchwell.l3s.uni-hannover.de/en/search.jsf?query=symptoms%2C causes and prevention of altitude sickness,441979,6100,0
36531316,http://searchwell.l3s.uni-hannover.de/?uid=36531316,"2017-07-22 12:14:08.0",http://gadirajuweb.l3s.uni-hannover.de/SearchWell/AltS/alts_task.php?userID=36531316,57143,9996,0
36531316,http://searchwell.l3s.uni-hannover.de/en/search.jsf?query=Altitude sickness,"2017-07-22 12:15:07.0",http://searchwell.l3s.uni-hannover.de/?uid=36531316,73995,14082,0
36531316,http://searchwell.l3s.uni-hannover.de/en/search.jsf?query=symptoms%2C causes and prevention of altitude sickness,"2017-07-22 12:17:22.0",http://searchwell.l3s.uni-hannover.de/en/search.jsf?query=Altitude sickness,419205,30374,0
36531316,http://www.smh.com.au.waps.io/national/health/what-is-altitude-sickness-causes-symptoms-and-treatment-20160522-gp16i5.html,"2017-07-22 12:20:43.0",http://searchwell.l3s.uni-hannover.de/en/search.jsf?query=symptoms%2C causes and prevention of altitude sickness,49350,1106,0
36531316,http://www.drugs.com.secure.waps.io/health-guide/altitude-sickness.html,"2017-07-22 12:20:45.0",http://searchwell.l3s.uni-hannover.de/en/search.jsf?query=symptoms%2C causes and prevention of altitude sickness,0,0,1
36531316,http://www.healthline.com.waps.io/health/altitude-sickness,"2017-07-22 12:20:47.0",http://searchwell.l3s.uni-hannover.de/en/search.jsf?query=symptoms%2C causes and prevention of altitude sickness,38157,7864,0
31191730,http://searchwell.l3s.uni-hannover.de/?uid=31191730,"2017-07-22 10:38:52.0",http://gadirajuweb.l3s.uni-hannover.de/SearchWell/AltS/alts_task.php?userID=31191730,29869,4710,0
31191730,http://searchwell.l3s.uni-hannover.de/en/search.jsf?query=symptoms%2C causes and prevention of altitude sickness,"2017-07-22 10:39:23.0",http://searchwell.l3s.uni-hannover.de/?uid=31191730,1071999,36652,0
31191730,http://www.drugs.com.secure.waps.io/health-guide/altitude-sickness.html,"2017-07-22 10:40:05.0",http://searchwell.l3s.uni-hannover.de/en/search.jsf?query=symptoms%2C causes and prevention of altitude sickness,1028781,109815,0
31191730,http://www.healthline.com.waps.io/health/altitude-sickness,"2017-07-22 10:40:36.0",http://searchwell.l3s.uni-hannover.de/en/search.jsf?query=symptoms%2C causes and prevention of altitude sickness,27331,20551,0
31191730,http://www.medicalnewstoday.com.waps.io/articles/179819.php,"2017-07-22 10:41:19.0",http://searchwell.l3s.uni-hannover.de/en/search.jsf?query=symptoms%2C causes and prevention of altitude sickness,7003,2811,0
31191730,http://www.medicalnewstoday.com.waps.io/articles/179819.php?page=2,"2017-07-22 10:41:20.0",http://www.medicalnewstoday.com.waps.io/articles/179819.php,0,0,1
31191730,http://conditions.healthgrove.com.waps.io/l/32/Altitude-Sickness,"2017-07-22 10:41:25.0",http://searchwell.l3s.uni-hannover.de/en/search.jsf?query=symptoms%2C causes and prevention of altitude sickness,951314,45164,0
31191730,http://www.smh.com.au.waps.io/national/health/what-is-altitude-sickness-causes-symptoms-and-treatment-20160522-gp16i5.html,"2017-07-22 10:41:26.0",http://searchwell.l3s.uni-hannover.de/en/search.jsf?query=symptoms%2C causes and prevention of altitude sickness,933454,1709,0
31191730,http://www.medicalnewstoday.com.waps.io/articles/179819.php,"2017-07-22 10:41:29.0",http://searchwell.l3s.uni-hannover.de/en/search.jsf?query=symptoms%2C causes and prevention of altitude sickness,944239,190092,0
31191730,http://www.medicalnewstoday.com.waps.io/articles/179819.php?page=2,"2017-07-22 10:41:29.0",http://www.medicalnewstoday.com.waps.io/articles/179819.php,0,0,1
28319952,http://www.healthline.com.waps.io/health/altitude-sickness,"2017-07-22 11:04:07.0",http://searchwell.l3s.uni-hannover.de/en/search.jsf?query=symptoms%2C causes and prevention of altitude sickness,545612,57630,0
28319952,http://www.drugs.com.secure.waps.io/health-guide/altitude-sickness.html,"2017-07-22 11:13:18.0",http://searchwell.l3s.uni-hannover.de/en/search.jsf?query=symptoms%2C causes and prevention of altitude sickness,86058,42765,0
25411600,http://searchwell.l3s.uni-hannover.de/?uid=25411600,"2017-07-22 11:27:45.0",http://gadirajuweb.l3s.uni-hannover.de/SearchWell/AltS/alts_task.php?userID=25411600,32401,12702,1
25411600,http://searchwell.l3s.uni-hannover.de/en/search.jsf?query=altitude sickness,"2017-07-22 11:29:05.0",http://searchwell.l3s.uni-hannover.de/?uid=25411600,182100,7128,1
25411600,http://www.healthline.com.waps.io/health/altitude-sickness,"2017-07-22 11:32:18.0",http://searchwell.l3s.uni-hannover.de/en/search.jsf?query=altitude sickness,0,0,1
39119481,http://searchwell.l3s.uni-hannover.de/?uid=39119481,"2017-07-22 10:28:53.0",http://gadirajuweb.l3s.uni-hannover.de/SearchWell/AltS/alts_task.php?userID=39119481,13864,6999,0
39119481,http://searchwell.l3s.uni-hannover.de/en/search.jsf?query=%D1%81%D0%B8%D0%BC%D0%BF%D1%82%D0%BE%D0%BC%D1%8B%2C %D0%BF%D1%80%D0%B8%D1%87%D0%B8%D0%BD%D1%8B %D0%B8 %D0%BF%D1%80%D0%B5%D0%B4%D0%BE%D1%82%D0%B2%D1%80%D0%B0%D1%89%D0%B5%D0%BD%D0%B8%D0%B5 %D0%B2%D1%8B%D1%81%D0%BE%D1%82%D0%BD%D0%BE%D0%B9 %D0%B1%D0%BE%D0%BB%D0%B5%D0%B7%D0%BD%D0%B8%C2%BB . ,"2017-07-22 10:29:10.0",http://searchwell.l3s.uni-hannover.de/?uid=39119481,549510,19811,0
39119481,http://health.mail.ru.secure.waps.io/disease/gornaya_bolezn/,"2017-07-22 10:29:18.0",http://searchwell.l3s.uni-hannover.de/en/search.jsf?query=%D1%81%D0%B8%D0%BC%D0%BF%D1%82%D0%BE%D0%BC%D1%8B%2C %D0%BF%D1%80%D0%B8%D1%87%D0%B8%D0%BD%D1%8B %D0%B8 %D0%BF%D1%80%D0%B5%D0%B4%D0%BE%D1%82%D0%B2%D1%80%D0%B0%D1%89%D0%B5%D0%BD%D0%B8%D0%B5 %D0%B2%D1%8B%D1%81%D0%BE%D1%82%D0%BD%D0%BE%D0%B9 %D0%B1%D0%BE%D0%BB%D0%B5%D0%B7%D0%BD%D0%B8%C2%BB . ,52845,6726,1
39119481,http://ru.wikipedia.org.secure.waps.io/wiki/%D0%92%D1%8B%D1%81%D0%BE%D1%82%D0%BD%D0%B0%D1%8F_%D0%B1%D0%BE%D0%BB%D0%B5%D0%B7%D0%BD%D1%8C,"2017-07-22 10:31:37.0",http://searchwell.l3s.uni-hannover.de/en/search.jsf?query=%D1%81%D0%B8%D0%BC%D0%BF%D1%82%D0%BE%D0%BC%D1%8B%2C %D0%BF%D1%80%D0%B8%D1%87%D0%B8%D0%BD%D1%8B %D0%B8 %D0%BF%D1%80%D0%B5%D0%B4%D0%BE%D1%82%D0%B2%D1%80%D0%B0%D1%89%D0%B5%D0%BD%D0%B8%D0%B5 %D0%B2%D1%8B%D1%81%D0%BE%D1%82%D0%BD%D0%BE%D0%B9 %D0%B1%D0%BE%D0%BB%D0%B5%D0%B7%D0%BD%D0%B8%C2%BB . ,403940,29237,0
39119481,http://www.yod.ru.waps.io/diseases/id_1100/,"2017-07-22 10:33:31.0",http://searchwell.l3s.uni-hannover.de/en/search.jsf?query=%D1%81%D0%B8%D0%BC%D0%BF%D1%82%D0%BE%D0%BC%D1%8B%2C %D0%BF%D1%80%D0%B8%D1%87%D0%B8%D0%BD%D1%8B %D0%B8 %D0%BF%D1%80%D0%B5%D0%B4%D0%BE%D1%82%D0%B2%D1%80%D0%B0%D1%89%D0%B5%D0%BD%D0%B8%D0%B5 %D0%B2%D1%8B%D1%81%D0%BE%D1%82%D0%BD%D0%BE%D0%B9 %D0%B1%D0%BE%D0%BB%D0%B5%D0%B7%D0%BD%D0%B8%C2%BB . ,116144,26211,1
40180342,http://searchwell.l3s.uni-hannover.de/?uid=40180342,"2017-07-22 10:33:02.0",http://gadirajuweb.l3s.uni-hannover.de/SearchWell/AltS/alts_task.php?userID=40180342,57391,9587,0
40180342,http://searchwell.l3s.uni-hannover.de/en/search.jsf?query=symptoms%2C causes and prevention of altitude sickness,"2017-07-22 10:34:01.0",http://searchwell.l3s.uni-hannover.de/?uid=40180342,126666,5536,0
40180342,http://www.healthline.com.waps.io/health/altitude-sickness,"2017-07-22 10:34:07.0",http://searchwell.l3s.uni-hannover.de/en/search.jsf?query=symptoms%2C causes and prevention of altitude sickness,118185,83167,0
40180342,http://searchwell.l3s.uni-hannover.de/?uid=40180342,"2017-07-22 10:36:47.0",http://gadirajuweb.l3s.uni-hannover.de/SearchWell/AltS/alts_task.php?userID=40180342,1763,1750,0
40180342,http://searchwell.l3s.uni-hannover.de/en/search.jsf?query=symptoms%2C causes and prevention of altitude sickness,"2017-07-22 10:36:50.0",http://searchwell.l3s.uni-hannover.de/?uid=40180342,219949,4791,0
40180342,http://www.drugs.com.secure.waps.io/health-guide/altitude-sickness.html,"2017-07-22 10:38:39.0",http://searchwell.l3s.uni-hannover.de/en/search.jsf?query=symptoms%2C causes and prevention of altitude sickness,108690,75376,0
14662036,http://searchwell.l3s.uni-hannover.de/?uid=14662036,"2017-07-22 10:40:22.0",http://gadirajuweb.l3s.uni-hannover.de/SearchWell/AltS/alts_task.php?userID=14662036,12040,11755,0
14662036,http://searchwell.l3s.uni-hannover.de/en/search.jsf?query=altitude sickness,"2017-07-22 10:40:36.0",http://searchwell.l3s.uni-hannover.de/?uid=14662036,165,26,0
14662036,http://searchwell.l3s.uni-hannover.de/en/search.jsf?query=altitude sickness,"2017-07-22 10:40:37.0",http://searchwell.l3s.uni-hannover.de/en/search.jsf?query=altitude sickness,4243,4127,0
14662036,http://www.healthline.com.waps.io/health/altitude-sickness,"2017-07-22 10:40:52.0",http://searchwell.l3s.uni-hannover.de/en/search.jsf?query=altitude sickness,175441,113335,0
6715485,http://searchwell.l3s.uni-hannover.de/?uid=6715485,"2017-07-22 10:44:16.0",http://gadirajuweb.l3s.uni-hannover.de/SearchWell/AltS/alts_task.php?userID=6715485,42827,28433,0
6715485,http://searchwell.l3s.uni-hannover.de/en/search.jsf?query=y%C3%BCkseklik hastal%C4%B1%C4%9F%C4%B1,"2017-07-22 10:45:00.0",http://searchwell.l3s.uni-hannover.de/?uid=6715485,6898,6712,0
6715485,http://bizemusaade.wordpress.com.secure.waps.io/2013/05/03/yukseklik-hastaligi-dag-sarhoslugu-altitude-sickness/,"2017-07-22 10:45:07.0",http://searchwell.l3s.uni-hannover.de/en/search.jsf?query=y%C3%BCkseklik hastal%C4%B1%C4%9F%C4%B1,27415,18596,0
6715485,http://searchwell.l3s.uni-hannover.de/?uid=6715485,"2017-07-22 10:45:36.0",http://gadirajuweb.l3s.uni-hannover.de/SearchWell/AltS/alts_task.php?userID=6715485,2244,2116,0
6715485,http://searchwell.l3s.uni-hannover.de/en/search.jsf?query=y%C3%BCkseklik hastal%C4%B1%C4%9F%C4%B1,"2017-07-22 10:45:39.0",http://searchwell.l3s.uni-hannover.de/?uid=6715485,40530,27884,0
6715485,http://searchwell.l3s.uni-hannover.de/en/search.jsf?query=y%C3%BCkseklik hastal%C4%B1%C4%9F%C4%B1,"2017-07-22 10:46:22.0",http://searchwell.l3s.uni-hannover.de/en/search.jsf?query=y%C3%BCkseklik hastal%C4%B1%C4%9F%C4%B1,1139557,42755,0
6715485,http://www.youtube.com.waps.io/watch?v=vaC9Ch4eOrA,"2017-07-22 10:46:28.0",http://searchwell.l3s.uni-hannover.de/en/search.jsf?query=y%C3%BCkseklik hastal%C4%B1%C4%9F%C4%B1,6187,3722,0
6715485,http://www.evrensel.net.secure.waps.io/yazi/75967/yukseklik-hastaligi-savaslar-ve-devrimler,"2017-07-22 10:46:55.0",http://searchwell.l3s.uni-hannover.de/en/search.jsf?query=y%C3%BCkseklik hastal%C4%B1%C4%9F%C4%B1,63353,51741,0
6715485,http://www.youtube.com.waps.io/watch?v=vaC9Ch4eOrA,"2017-07-22 10:51:33.0",http://searchwell.l3s.uni-hannover.de/en/search.jsf?query=y%C3%BCkseklik hastal%C4%B1%C4%9F%C4%B1,45106,2487,1
6715485,http://searchwell.l3s.uni-hannover.de/?uid=6715485,"2017-07-22 10:52:52.0",http://gadirajuweb.l3s.uni-hannover.de/SearchWell/AltS/alts_task.php?userID=6715485,1733,1595,0
6715485,http://searchwell.l3s.uni-hannover.de/en/search.jsf?query=y%C3%BCkseklik hastal%C4%B1%C4%9F%C4%B1,"2017-07-22 10:52:55.0",http://searchwell.l3s.uni-hannover.de/?uid=6715485,739973,10169,0
6715485,http://bizemusaade.wordpress.com.secure.waps.io/2013/05/03/yukseklik-hastaligi-dag-sarhoslugu-altitude-sickness/,"2017-07-22 10:53:03.0",http://searchwell.l3s.uni-hannover.de/en/search.jsf?query=y%C3%BCkseklik hastal%C4%B1%C4%9F%C4%B1,736387,67816,0
43023013,http://searchwell.l3s.uni-hannover.de/?uid=43023013,"2017-07-22 11:03:15.0",http://gadirajuweb.l3s.uni-hannover.de/SearchWell/AltS/alts_task.php?userID=43023013,18360,2136,0
43023013,http://searchwell.l3s.uni-hannover.de/en/search.jsf?query=symptoms%2C causes and prevention of altitude sickness,"2017-07-22 11:03:46.0",http://searchwell.l3s.uni-hannover.de/?uid=43023013,537546,434,0
40667959,http://searchwell.l3s.uni-hannover.de/?uid=40667959,"2017-07-22 12:26:08.0",http://gadirajuweb.l3s.uni-hannover.de/SearchWell/AltS/alts_task.php?userID=40667959,15198,9749,0
40667959,http://searchwell.l3s.uni-hannover.de/en/search.jsf?query=%D0%B2%D1%8B%D1%81%D0%BE%D1%82%D0%BD%D0%B0%D1%8F %D0%B1%D0%BE%D0%BB%D0%B5%D0%B7%D0%BD%D1%8C,"2017-07-22 12:26:24.0",http://searchwell.l3s.uni-hannover.de/?uid=40667959,614057,9284,0
40667959,http://ru.wikipedia.org.secure.waps.io/wiki/%D0%92%D1%8B%D1%81%D0%BE%D1%82%D0%BD%D0%B0%D1%8F_%D0%B1%D0%BE%D0%BB%D0%B5%D0%B7%D0%BD%D1%8C,"2017-07-22 12:26:34.0",http://searchwell.l3s.uni-hannover.de/en/search.jsf?query=%D0%B2%D1%8B%D1%81%D0%BE%D1%82%D0%BD%D0%B0%D1%8F %D0%B1%D0%BE%D0%BB%D0%B5%D0%B7%D0%BD%D1%8C,978929,424315,0
40667959,http://searchwell.l3s.uni-hannover.de/en/search.jsf?query=%D0%B2%D1%8B%D1%81%D0%BE%D1%82%D0%BD%D0%B0%D1%8F %D0%B1%D0%BE%D0%BB%D0%B5%D0%B7%D0%BD%D1%8C %D1%81%D0%B8%D0%BC%D0%BF%D1%82%D0%BE%D0%BC%D1%8B%2C %D0%BF%D1%80%D0%B8%D1%87%D0%B8%D0%BD%D1%8B %D0%B8 %D0%BF%D1%80%D0%B5%D0%B4%D0%BE%D1%82%D0%B2%D1%80%D0%B0%D1%89%D0%B5%D0%BD%D0%B8%D0%B5 %D0%B2%D1%8B%D1%81%D0%BE%D1%82%D0%BD%D0%BE%D0%B9 %D0%B1%D0%BE%D0%BB%D0%B5%D0%B7%D0%BD%D0%B8,"2017-07-22 12:36:39.0",http://searchwell.l3s.uni-hannover.de/en/search.jsf?query=%D0%B2%D1%8B%D1%81%D0%BE%D1%82%D0%BD%D0%B0%D1%8F %D0%B1%D0%BE%D0%BB%D0%B5%D0%B7%D0%BD%D1%8C,370056,22933,0
40667959,http://www.erom.ru.waps.io/zabol/zabol_v/vysotnaya_bolezn.html,"2017-07-22 12:37:07.0",http://searchwell.l3s.uni-hannover.de/en/search.jsf?query=%D0%B2%D1%8B%D1%81%D0%BE%D1%82%D0%BD%D0%B0%D1%8F %D0%B1%D0%BE%D0%BB%D0%B5%D0%B7%D0%BD%D1%8C %D1%81%D0%B8%D0%BC%D0%BF%D1%82%D0%BE%D0%BC%D1%8B%2C %D0%BF%D1%80%D0%B8%D1%87%D0%B8%D0%BD%D1%8B %D0%B8 %D0%BF%D1%80%D0%B5%D0%B4%D0%BE%D1%82%D0%B2%D1%80%D0%B0%D1%89%D0%B5%D0%BD%D0%B8%D0%B5 %D0%B2%D1%8B%D1%81%D0%BE%D1%82%D0%BD%D0%BE%D0%B9 %D0%B1%D0%BE%D0%BB%D0%B5%D0%B7%D0%BD%D0%B8,0,0,1
40062468,http://searchwell.l3s.uni-hannover.de/?uid=40062468,"2017-07-22 10:30:39.0",http://gadirajuweb.l3s.uni-hannover.de/SearchWell/AltS/alts_task.php?userID=40062468,6800,5819,0
40062468,http://searchwell.l3s.uni-hannover.de/en/search.jsf?query=el mal de altura,"2017-07-22 10:30:50.0",http://searchwell.l3s.uni-hannover.de/?uid=40062468,526730,41708,0
40062468,http://es.wikipedia.org.secure.waps.io/wiki/Mal_de_monta%C3%B1a,"2017-07-22 10:31:05.0",http://searchwell.l3s.uni-hannover.de/en/search.jsf?query=el mal de altura,680093,115848,0
40062468,http://searchwell.l3s.uni-hannover.de/en/search.jsf?query=el mal de altura temperatura,"2017-07-22 10:39:40.0",http://searchwell.l3s.uni-hannover.de/en/search.jsf?query=el mal de altura,84282,1860,0
40062468,http://searchwell.l3s.uni-hannover.de/en/search.jsf?query=el mal de altura encias,"2017-07-22 10:41:06.0",http://searchwell.l3s.uni-hannover.de/en/search.jsf?query=el mal de altura temperatura,4646,4505,0
40062468,http://searchwell.l3s.uni-hannover.de/en/search.jsf?query=el mal de altura encias,"2017-07-22 10:41:12.0",http://searchwell.l3s.uni-hannover.de/en/search.jsf?query=el mal de altura encias,221432,19670,0
40062468,http://es.wikipedia.org.secure.waps.io/wiki/Mal_de_monta%C3%B1a,"2017-07-22 10:42:44.0",http://searchwell.l3s.uni-hannover.de/en/search.jsf?query=el mal de altura,65923,30319,1
40062468,http://searchwell.l3s.uni-hannover.de/en/search.jsf?query=el mal de altura sal,"2017-07-22 10:44:56.0",http://searchwell.l3s.uni-hannover.de/en/search.jsf?query=el mal de altura encias,107460,28372,0
40062468,http://es.wikihow.com.waps.io/prevenir-el-mal-de-altura,"2017-07-22 10:45:22.0",http://searchwell.l3s.uni-hannover.de/en/search.jsf?query=el mal de altura sal,30072,23860,1
43405953,http://searchwell.l3s.uni-hannover.de/?uid=43405953,"2017-07-22 11:04:18.0",http://gadirajuweb.l3s.uni-hannover.de/SearchWell/AltS/alts_task.php?userID=43405953,28869,7653,0
43405953,http://searchwell.l3s.uni-hannover.de/en/search.jsf?query=symptoms%2C causes and prevention of altitude sickness,"2017-07-22 11:04:48.0",http://searchwell.l3s.uni-hannover.de/?uid=43405953,78480,22002,0
43405953,http://www.healthline.com.waps.io/health/altitude-sickness,"2017-07-22 11:04:58.0",http://searchwell.l3s.uni-hannover.de/en/search.jsf?query=symptoms%2C causes and prevention of altitude sickness,37785,18335,1
43405953,http://searchwell.l3s.uni-hannover.de/?uid=43405953,"2017-07-22 11:06:25.0",http://gadirajuweb.l3s.uni-hannover.de/SearchWell/AltS/alts_task.php?userID=43405953,1946,1913,0
43405953,http://searchwell.l3s.uni-hannover.de/en/search.jsf?query=symptoms%2C causes and prevention of altitude sickness,"2017-07-22 11:06:27.0",http://searchwell.l3s.uni-hannover.de/?uid=43405953,38128,15609,0
43405953,http://www.healthline.com.waps.io/health/altitude-sickness,"2017-07-22 11:06:33.0",http://searchwell.l3s.uni-hannover.de/en/search.jsf?query=symptoms%2C causes and prevention of altitude sickness,20340,20258,1
43405953,http://www.tripsavvy.com.secure.waps.io/coping-with-altitude-sickness-1652515,"2017-07-22 11:08:12.0",http://searchwell.l3s.uni-hannover.de/en/search.jsf?query=symptoms%2C causes and prevention of altitude sickness,27749,27578,0
43405953,http://www.tripsavvy.com.secure.waps.io/coping-with-altitude-sickness-1652515,"2017-07-22 11:08:41.0",http://searchwell.l3s.uni-hannover.de/en/search.jsf?query=symptoms%2C causes and prevention of altitude sickness,288942,15960,1
42732325,http://searchwell.l3s.uni-hannover.de/?uid=42732325,"2017-07-22 10:52:55.0",http://gadirajuweb.l3s.uni-hannover.de/SearchWell/AltS/alts_task.php?userID=42732325,53060,5383,0
42732325,http://searchwell.l3s.uni-hannover.de/?uid=42732325,"2017-07-22 10:53:55.0",http://gadirajuweb.l3s.uni-hannover.de/SearchWell/AltS/alts_task.php?userID=42732325,77389,5499,0
42732325,http://searchwell.l3s.uni-hannover.de/en/search.jsf?query= symptoms%2C causes and prevention of altitude sickness,"2017-07-22 10:55:17.0",http://searchwell.l3s.uni-hannover.de/?uid=42732325,614953,86734,1
42732325,http://www.healthline.com.waps.io/health/altitude-sickness,"2017-07-22 11:03:48.0",http://searchwell.l3s.uni-hannover.de/en/search.jsf?query= symptoms%2C causes and prevention of altitude sickness,56778,40385,0
21459945,http://searchwell.l3s.uni-hannover.de/?uid=21459945,"2017-07-22 11:07:05.0",http://gadirajuweb.l3s.uni-hannover.de/SearchWell/AltS/alts_task.php?userID=21459945,27130,8546,0
21459945,http://searchwell.l3s.uni-hannover.de/en/search.jsf?query=altitude sickness,"2017-07-22 11:08:06.0",http://searchwell.l3s.uni-hannover.de/?uid=21459945,612578,45662,0
21459945,http://www.healthline.com.waps.io/health/altitude-sickness,"2017-07-22 11:08:32.0",http://searchwell.l3s.uni-hannover.de/en/search.jsf?query=altitude sickness,479040,122944,1
37888565,http://searchwell.l3s.uni-hannover.de/?uid=37888565,"2017-07-22 11:46:25.0",http://gadirajuweb.l3s.uni-hannover.de/SearchWell/AltS/alts_task.php?userID=37888565,8347,8343,0
37888565,http://searchwell.l3s.uni-hannover.de/en/search.jsf?query= symptoms%2C causes and prevention of altitude sickness,"2017-07-22 11:46:35.0",http://searchwell.l3s.uni-hannover.de/?uid=37888565,304950,23065,0
37888565,http://www.healthline.com.waps.io/health/altitude-sickness,"2017-07-22 11:46:46.0",http://searchwell.l3s.uni-hannover.de/en/search.jsf?query= symptoms%2C causes and prevention of altitude sickness,145673,74285,0
37888565,http://en.wikipedia.org.secure.waps.io/wiki/Altitude_sickness,"2017-07-22 11:49:20.0",http://searchwell.l3s.uni-hannover.de/en/search.jsf?query= symptoms%2C causes and prevention of altitude sickness,15334,14713,0
37888565,http://medlineplus.gov.secure.waps.io/ency/article/000133.htm,"2017-07-22 11:50:01.0",http://searchwell.l3s.uni-hannover.de/en/search.jsf?query= symptoms%2C causes and prevention of altitude sickness,85883,57897,0
43398768,http://searchwell.l3s.uni-hannover.de/?uid=43398768,"2017-07-22 11:03:33.0",http://gadirajuweb.l3s.uni-hannover.de/SearchWell/AltS/alts_task.php?userID=43398768,515762,10267,0
43398768,http://searchwell.l3s.uni-hannover.de/en/search.jsf?query=The environment usually causes altitude sickness at a height of over 2%2C500m %288%2C000 feet%29 above sea ,"2017-07-22 11:12:15.0",http://searchwell.l3s.uni-hannover.de/?uid=43398768,28592,5861,0
