41418973,http://searchwell.l3s.uni-hannover.de/?uid=41418973,"2017-07-25 21:58:31.0",http://gadirajuweb.l3s.uni-hannover.de/SearchWell/Bombing/bombing_task.php?userID=41418973,21233,2853,0
41418973,http://searchwell.l3s.uni-hannover.de/en/search.jsf?query=cole bombing,"2017-07-25 21:59:45.0",http://searchwell.l3s.uni-hannover.de/?uid=41418973,600817,21457,0
41418973,http://en.wikipedia.org.secure.waps.io/wiki/USS_Cole_bombing,"2017-07-25 21:59:59.0",http://searchwell.l3s.uni-hannover.de/en/search.jsf?query=cole bombing,587856,47279,0
35197064,http://searchwell.l3s.uni-hannover.de/?uid=35197064,"2017-07-25 19:56:53.0",http://gadirajuweb.l3s.uni-hannover.de/SearchWell/Bombing/bombing_task.php?userID=35197064,22371,10490,0
35197064,http://searchwell.l3s.uni-hannover.de/en/search.jsf?query=the USS Cole Bombing,"2017-07-25 19:57:15.0",http://searchwell.l3s.uni-hannover.de/?uid=35197064,375940,46177,0
35197064,http://en.wikipedia.org.secure.waps.io/wiki/USS_Cole_bombing,"2017-07-25 19:59:00.0",http://searchwell.l3s.uni-hannover.de/en/search.jsf?query=the USS Cole Bombing,798143,268590,1
39378680,http://searchwell.l3s.uni-hannover.de/?uid=39378680,"2017-07-25 19:56:29.0",http://gadirajuweb.l3s.uni-hannover.de/SearchWell/Bombing/bombing_task.php?userID=39378680,6261,218,0
39378680,http://searchwell.l3s.uni-hannover.de/en/search.jsf?query=%27the USS Cole Bombing,"2017-07-25 19:56:35.0",http://searchwell.l3s.uni-hannover.de/?uid=39378680,389998,37313,0
39378680,http://en.wikipedia.org.secure.waps.io/wiki/USS_Cole_bombing,"2017-07-25 19:57:24.0",http://searchwell.l3s.uni-hannover.de/en/search.jsf?query=%27the USS Cole Bombing,633272,191901,1
39378680,http://en.wikipedia.org.secure.waps.io/wiki/USS_Cole_(DDG-67),"2017-07-25 20:02:26.0",http://en.wikipedia.org.secure.waps.io/wiki/USS_Cole_bombing,13400,7066,1
39378680,http://en.wikipedia.org.secure.waps.io/wiki/Aden,"2017-07-25 20:07:00.0",http://en.wikipedia.org.secure.waps.io/wiki/USS_Cole_bombing,135997,17485,0
38301725,http://searchwell.l3s.uni-hannover.de/?uid=38301725,"2017-07-25 19:55:16.0",http://gadirajuweb.l3s.uni-hannover.de/SearchWell/Bombing/bombing_task.php?userID=38301725,21595,20461,0
38301725,http://searchwell.l3s.uni-hannover.de/en/search.jsf?query=uss cole bombing,"2017-07-25 19:55:39.0",http://searchwell.l3s.uni-hannover.de/?uid=38301725,43310,27736,0
38301725,http://searchwell.l3s.uni-hannover.de/?uid=38301725,"2017-07-25 19:56:23.0",http://gadirajuweb.l3s.uni-hannover.de/SearchWell/Bombing/bombing_task.php?userID=38301725,4550,3998,0
38301725,http://searchwell.l3s.uni-hannover.de/en/search.jsf?query=uss cole bombing,"2017-07-25 19:56:28.0",http://searchwell.l3s.uni-hannover.de/?uid=38301725,386150,4637,0
38301725,http://en.wikipedia.org.secure.waps.io/wiki/USS_Cole_bombing,"2017-07-25 19:57:28.0",http://searchwell.l3s.uni-hannover.de/en/search.jsf?query=uss cole bombing,304968,57098,0
38301725,http://en.wikipedia.org.secure.waps.io/wiki/USS_Cole_(DDG-67),"2017-07-25 20:02:34.0",http://en.wikipedia.org.secure.waps.io/wiki/USS_Cole_bombing,19011,9656,0
38301725,http://searchwell.l3s.uni-hannover.de/?uid=38301725,"2017-07-25 20:04:37.0",http://gadirajuweb.l3s.uni-hannover.de/SearchWell/Bombing/bombing_task.php?userID=38301725,1798,1633,0
38301725,http://searchwell.l3s.uni-hannover.de/?uid=38301725,"2017-07-25 20:07:40.0",http://gadirajuweb.l3s.uni-hannover.de/SearchWell/Bombing/bombing_task.php?userID=38301725,1616,1007,0
38301725,http://searchwell.l3s.uni-hannover.de/en/search.jsf?query=uss cole bombing,"2017-07-25 20:07:43.0",http://searchwell.l3s.uni-hannover.de/?uid=38301725,56544,7930,0
38301725,http://www.911memorial.org.secure.waps.io/uss-cole-bombing,"2017-07-25 20:07:51.0",http://searchwell.l3s.uni-hannover.de/en/search.jsf?query=uss cole bombing,2685,0,0
38301725,http://en.wikipedia.org.secure.waps.io/wiki/USS_Cole_bombing,"2017-07-25 20:08:09.0",http://searchwell.l3s.uni-hannover.de/en/search.jsf?query=uss cole bombing,28859,21000,0
40619580,http://searchwell.l3s.uni-hannover.de/?uid=40619580,"2017-07-25 20:54:35.0",http://gadirajuweb.l3s.uni-hannover.de/SearchWell/Bombing/bombing_task.php?userID=40619580,18344,6589,0
40619580,http://searchwell.l3s.uni-hannover.de/en/search.jsf?query=USS Cole bombing,"2017-07-25 20:54:57.0",http://searchwell.l3s.uni-hannover.de/?uid=40619580,419494,7876,0
40619580,http://en.wikipedia.org.secure.waps.io/wiki/USS_Cole_bombing,"2017-07-25 20:55:01.0",http://searchwell.l3s.uni-hannover.de/en/search.jsf?query=USS Cole bombing,184190,25108,1
40619580,http://edition.cnn.com.waps.io/2013/09/18/world/meast/uss-cole-bombing-fast-facts/index.html,"2017-07-25 20:55:15.0",http://searchwell.l3s.uni-hannover.de/en/search.jsf?query=USS Cole bombing,422036,101885,1
43234668,http://searchwell.l3s.uni-hannover.de/?uid=43234668,"2017-07-25 19:54:04.0",http://gadirajuweb.l3s.uni-hannover.de/SearchWell/Bombing/bombing_task.php?userID=43234668,10649,9951,0
43234668,http://searchwell.l3s.uni-hannover.de/en/search.jsf?query=uss code bombing,"2017-07-25 19:54:26.0",http://searchwell.l3s.uni-hannover.de/?uid=43234668,294402,22028,0
43234668,http://en.wikipedia.org.secure.waps.io/wiki/Bombing_of_the_USS_Cole,"2017-07-25 19:56:00.0",http://searchwell.l3s.uni-hannover.de/en/search.jsf?query=uss code bombing,193911,59617,1
43234668,http://searchwell.l3s.uni-hannover.de/en/search.jsf?query=uss code bombing ship recover,"2017-07-25 19:59:22.0",http://searchwell.l3s.uni-hannover.de/en/search.jsf?query=uss code bombing,14087,8016,0
35174948,http://searchwell.l3s.uni-hannover.de/?uid=35174948,"2017-07-25 20:44:37.0",http://gadirajuweb.l3s.uni-hannover.de/SearchWell/Bombing/bombing_task.php?userID=35174948,71941,4701,0
35174948,http://searchwell.l3s.uni-hannover.de/en/search.jsf?query=the USS Cole Bombing,"2017-07-25 20:45:53.0",http://searchwell.l3s.uni-hannover.de/?uid=35174948,396353,11938,0
35174948,http://en.wikipedia.org.secure.waps.io/wiki/USS_Cole_bombing,"2017-07-25 20:45:58.0",http://searchwell.l3s.uni-hannover.de/en/search.jsf?query=the USS Cole Bombing,812325,120382,0
35174948,http://www.911memorial.org.secure.waps.io/uss-cole-bombing,"2017-07-25 20:46:14.0",http://searchwell.l3s.uni-hannover.de/en/search.jsf?query=the USS Cole Bombing,385853,3301,1
39915510,http://searchwell.l3s.uni-hannover.de/?uid=39915510,"2017-07-25 20:52:48.0",http://gadirajuweb.l3s.uni-hannover.de/SearchWell/Bombing/bombing_task.php?userID=39915510,2639,1848,0
39915510,http://searchwell.l3s.uni-hannover.de/en/search.jsf,"2017-07-25 20:52:52.0",http://searchwell.l3s.uni-hannover.de/?uid=39915510,20066,4909,0
39915510,http://searchwell.l3s.uni-hannover.de/en/search.jsf?query=%D0%B1%D0%BE%D0%BC%D0%B1%D0%B0%D1%80%D0%B4%D0%B8%D1%80%D0%BE%D0%B2%D0%BA%D0%B0 USS Cole,"2017-07-25 20:53:14.0",http://searchwell.l3s.uni-hannover.de/en/search.jsf,253202,42897,0
39915510,http://searchwell.l3s.uni-hannover.de/en/search.jsf?query=USS Cole Bombing,"2017-07-25 20:57:28.0",http://searchwell.l3s.uni-hannover.de/en/search.jsf?query=%D0%B1%D0%BE%D0%BC%D0%B1%D0%B0%D1%80%D0%B4%D0%B8%D1%80%D0%BE%D0%B2%D0%BA%D0%B0 USS Cole,166244,3832,0
39915510,http://en.wikipedia.org.secure.waps.io/wiki/USS_Cole_bombing,"2017-07-25 20:57:33.0",http://searchwell.l3s.uni-hannover.de/en/search.jsf?query=USS Cole Bombing,162291,28375,0
40056803,http://searchwell.l3s.uni-hannover.de/?uid=40056803,"2017-07-25 20:52:22.0",http://gadirajuweb.l3s.uni-hannover.de/SearchWell/Bombing/bombing_task.php?userID=40056803,5054,4431,0
40056803,http://searchwell.l3s.uni-hannover.de/en/search.jsf?query=uss cole bombing attack,"2017-07-25 20:53:10.0",http://searchwell.l3s.uni-hannover.de/?uid=40056803,262969,11740,0
40056803,http://en.wikipedia.org.secure.waps.io/wiki/USS_Cole_bombing,"2017-07-25 20:53:18.0",http://searchwell.l3s.uni-hannover.de/en/search.jsf?query=uss cole bombing attack,421206,51770,1
40056803,http://terroristgroupsworld.wordpress.com.secure.waps.io/tag/uss-cole-bombing/,"2017-07-25 20:55:31.0",http://searchwell.l3s.uni-hannover.de/en/search.jsf?query=uss cole bombing attack,122619,0,0
41841934,http://searchwell.l3s.uni-hannover.de/?uid=41841934,"2017-07-25 21:23:14.0",http://gadirajuweb.l3s.uni-hannover.de/SearchWell/Bombing/bombing_task.php?userID=41841934,14348,4004,0
41841934,http://searchwell.l3s.uni-hannover.de/?uid=41841934,"2017-07-25 21:23:59.0",http://gadirajuweb.l3s.uni-hannover.de/SearchWell/Bombing/bombing_task.php?userID=41841934,4147,3959,0
41841934,http://searchwell.l3s.uni-hannover.de/en/search.jsf?query=uss cole bombing,"2017-07-25 21:24:03.0",http://searchwell.l3s.uni-hannover.de/?uid=41841934,2977,1317,0
41841934,http://searchwell.l3s.uni-hannover.de/en/search.jsf?query=uss cole bombing,"2017-07-25 21:24:04.0",http://searchwell.l3s.uni-hannover.de/?uid=41841934,645973,15571,0
41841934,http://en.wikipedia.org.secure.waps.io/wiki/USS_Cole_bombing,"2017-07-25 21:24:13.0",http://searchwell.l3s.uni-hannover.de/en/search.jsf?query=uss cole bombing,636531,139388,0
42768791,http://searchwell.l3s.uni-hannover.de/?uid=42768791,"2017-07-25 19:51:20.0",http://gadirajuweb.l3s.uni-hannover.de/SearchWell/Bombing/bombing_task.php?userID=42768791,6971,4866,0
42768791,http://searchwell.l3s.uni-hannover.de/?uid=42768791,"2017-07-25 19:54:44.0",http://gadirajuweb.l3s.uni-hannover.de/SearchWell/Bombing/bombing_task.php?userID=42768791,4742,4367,0
42768791,http://searchwell.l3s.uni-hannover.de/en/search.jsf?query=Cole Bombing,"2017-07-25 19:54:50.0",http://searchwell.l3s.uni-hannover.de/?uid=42768791,12467,12283,0
42768791,http://en.wikipedia.org.secure.waps.io/wiki/USS_Cole_bombing,"2017-07-25 19:56:00.0",http://searchwell.l3s.uni-hannover.de/en/search.jsf?query=Cole Bombing,43713,40236,1
43151235,http://searchwell.l3s.uni-hannover.de/?uid=43151235,"2017-07-25 19:48:23.0",http://gadirajuweb.l3s.uni-hannover.de/SearchWell/Bombing/bombing_task.php?userID=43151235,8845,6772,0
43151235,http://searchwell.l3s.uni-hannover.de/en/search.jsf?query=USS cole bombing,"2017-07-25 19:48:34.0",http://searchwell.l3s.uni-hannover.de/?uid=43151235,313570,15378,0
43151235,http://en.wikipedia.org.secure.waps.io/wiki/USS_Cole_bombing,"2017-07-25 19:48:39.0",http://searchwell.l3s.uni-hannover.de/en/search.jsf?query=USS cole bombing,302799,7882,0
43151235,http://edition.cnn.com.waps.io/2013/09/18/world/meast/uss-cole-bombing-fast-facts/index.html,"2017-07-25 19:48:51.0",http://searchwell.l3s.uni-hannover.de/en/search.jsf?query=USS cole bombing,289295,100138,0
43151235,http://searchwell.l3s.uni-hannover.de/?uid=43151235,"2017-07-25 19:54:02.0",http://gadirajuweb.l3s.uni-hannover.de/SearchWell/Bombing/bombing_task.php?userID=43151235,7846,7816,0
43151235,http://searchwell.l3s.uni-hannover.de/en/search.jsf?query=the telegraph uss cole,"2017-07-25 19:54:28.0",http://searchwell.l3s.uni-hannover.de/?uid=43151235,94812,16105,0
40170095,http://searchwell.l3s.uni-hannover.de/?uid=40170095,"2017-07-25 19:51:52.0",http://gadirajuweb.l3s.uni-hannover.de/SearchWell/Bombing/bombing_task.php?userID=40170095,44226,4867,0
40170095,http://searchwell.l3s.uni-hannover.de/en/search.jsf?query=mal de altura,"2017-07-25 19:52:40.0",http://searchwell.l3s.uni-hannover.de/?uid=40170095,144816,9875,0
40170095,http://www.barnesandnoble.com.secure.waps.io/w/mal-de-altura-jon-krakauer/1003878271,"2017-07-25 19:52:48.0",http://searchwell.l3s.uni-hannover.de/en/search.jsf?query=mal de altura,3114,2649,0
40170095,http://netdoctor.elespanol.com.waps.io/articulo/mal-altura,"2017-07-25 19:52:50.0",http://searchwell.l3s.uni-hannover.de/en/search.jsf?query=mal de altura,8961,1297,1
40170095,http://www.barnesandnoble.com.secure.waps.io/w/mal-de-altura-jon-krakauer/1003878271,"2017-07-25 19:52:54.0",http://www.barnesandnoble.com.secure.waps.io/w/mal-de-altura-jon-krakauer/1003878271,0,0,1
40170095,http://es.wikipedia.org.secure.waps.io/wiki/Mal_de_monta%C3%B1a,"2017-07-25 19:53:04.0",http://searchwell.l3s.uni-hannover.de/en/search.jsf?query=mal de altura,115096,19179,1
43078348,http://searchwell.l3s.uni-hannover.de/?uid=43078348,"2017-07-25 19:54:50.0",http://gadirajuweb.l3s.uni-hannover.de/SearchWell/Bombing/bombing_task.php?userID=43078348,30517,4425,0
43078348,http://searchwell.l3s.uni-hannover.de/en/search.jsf?query=the USS Cole Bombing,"2017-07-25 19:55:21.0",http://searchwell.l3s.uni-hannover.de/?uid=43078348,789378,6210,0
43078348,http://en.wikipedia.org.secure.waps.io/wiki/USS_Cole_bombing,"2017-07-25 19:55:59.0",http://searchwell.l3s.uni-hannover.de/en/search.jsf?query=the USS Cole Bombing,848439,44744,0
43078348,http://searchwell.l3s.uni-hannover.de/?uid=43078348,"2017-07-25 20:08:36.0",http://gadirajuweb.l3s.uni-hannover.de/SearchWell/Bombing/bombing_task.php?userID=43078348,1434,1338,0
43078348,http://ar.wikipedia.org.secure.waps.io/wiki/USS_Cole_bombing,"2017-07-25 20:10:09.0",,176779,30117,1
36201092,http://searchwell.l3s.uni-hannover.de/?uid=36201092,"2017-07-25 19:56:51.0",http://gadirajuweb.l3s.uni-hannover.de/SearchWell/Bombing/bombing_task.php?userID=36201092,55615,5420,0
36201092,http://searchwell.l3s.uni-hannover.de/en/search.jsf?query=the USS Cole Bombing,"2017-07-25 19:57:49.0",http://searchwell.l3s.uni-hannover.de/?uid=36201092,244197,18453,0
21464684,http://en.wikipedia.org.secure.waps.io/wiki/USS_Cole_bombing,"2017-07-25 20:52:01.0",http://searchwell.l3s.uni-hannover.de/en/search.jsf?query=A boat with explosive material rammed the USS Cole%2C while it was entering the port Aden.,234434,84282,0
39700030,http://searchwell.l3s.uni-hannover.de/?uid=39700030,"2017-07-25 20:50:28.0",http://gadirajuweb.l3s.uni-hannover.de/SearchWell/Bombing/bombing_task.php?userID=39700030,16235,6842,0
39700030,http://searchwell.l3s.uni-hannover.de/en/search.jsf?query=the USS Cole Bombing,"2017-07-25 20:50:48.0",http://searchwell.l3s.uni-hannover.de/?uid=39700030,583582,14171,0
39700030,http://en.wikipedia.org.secure.waps.io/wiki/USS_Cole_bombing,"2017-07-25 20:51:00.0",http://searchwell.l3s.uni-hannover.de/en/search.jsf?query=the USS Cole Bombing,203522,63069,1
39700030,http://en.wikipedia.org.secure.waps.io/wiki/Abd_al-Rahim_al-Nashiri,"2017-07-25 20:54:29.0",http://en.wikipedia.org.secure.waps.io/wiki/USS_Cole_bombing,145242,16318,1
39700030,http://en.wikipedia.org.secure.waps.io/wiki/USS_Cole_bombing,"2017-07-25 20:57:02.0",http://searchwell.l3s.uni-hannover.de/en/search.jsf?query=the USS Cole Bombing,213675,40209,0
42861604,http://searchwell.l3s.uni-hannover.de/?uid=42861604,"2017-07-25 19:50:06.0",http://gadirajuweb.l3s.uni-hannover.de/SearchWell/Bombing/bombing_task.php?userID=42861604,152268,3500,0
42861604,http://searchwell.l3s.uni-hannover.de/?uid=42861604,"2017-07-25 19:52:41.0",http://gadirajuweb.l3s.uni-hannover.de/SearchWell/Bombing/bombing_task.php?userID=42861604,19308,3989,0
42861604,http://searchwell.l3s.uni-hannover.de/en/search.jsf?query=2000 terrorist attack that came,"2017-07-25 19:53:01.0",http://searchwell.l3s.uni-hannover.de/?uid=42861604,261467,5306,0
35185245,http://searchwell.l3s.uni-hannover.de/?uid=35185245,"2017-07-25 19:53:53.0",http://gadirajuweb.l3s.uni-hannover.de/SearchWell/Bombing/bombing_task.php?userID=35185245,8328,8272,0
35185245,http://searchwell.l3s.uni-hannover.de/en/search.jsf?query=the uss cole bombing,"2017-07-25 19:54:33.0",http://searchwell.l3s.uni-hannover.de/?uid=35185245,347103,5333,0
35185245,http://en.wikipedia.org.secure.waps.io/wiki/USS_Cole_bombing,"2017-07-25 19:55:17.0",http://searchwell.l3s.uni-hannover.de/en/search.jsf?query=the uss cole bombing,99452,11169,1
43530879,http://searchwell.l3s.uni-hannover.de/?uid=43530879,"2017-07-25 21:04:18.0",http://gadirajuweb.l3s.uni-hannover.de/SearchWell/Bombing/bombing_task.php?userID=43530879,32465,10018,0
43530879,http://searchwell.l3s.uni-hannover.de/en/search.jsf?query=uss cole bombing,"2017-07-25 21:05:26.0",http://searchwell.l3s.uni-hannover.de/?uid=43530879,619516,42639,0
43530879,http://en.wikipedia.org.secure.waps.io/wiki/USS_Cole_bombing,"2017-07-25 21:05:55.0",http://searchwell.l3s.uni-hannover.de/en/search.jsf?query=uss cole bombing,678817,12346,1
43530879,http://searchwell.l3s.uni-hannover.de/en/search.jsf?query=The ship itself sunk at the attack%2C but was salvaged by the US Army afterwards.,"2017-07-25 21:15:47.0",http://searchwell.l3s.uni-hannover.de/en/search.jsf?query=uss cole bombing,173255,4904,0
43691638,http://searchwell.l3s.uni-hannover.de/?uid=43691638,"2017-07-25 19:50:41.0",http://gadirajuweb.l3s.uni-hannover.de/SearchWell/Bombing/bombing_task.php?userID=43691638,15126,2000,0
43691638,http://searchwell.l3s.uni-hannover.de/en/search.jsf?query=the USS Cole Bombing,"2017-07-25 19:50:58.0",http://searchwell.l3s.uni-hannover.de/?uid=43691638,626878,34488,0
43691638,http://en.wikipedia.org.secure.waps.io/wiki/USS_Cole_bombing,"2017-07-25 19:51:10.0",http://searchwell.l3s.uni-hannover.de/en/search.jsf?query=the USS Cole Bombing,617671,243002,0
43691638,http://www.fbi.gov.secure.waps.io/history/famous-cases/uss-cole-bombing,"2017-07-25 19:52:59.0",http://searchwell.l3s.uni-hannover.de/en/search.jsf?query=the USS Cole Bombing,31879,31364,1
43691638,http://www.history.com.waps.io/this-day-in-history/uss-cole-attacked-by-terrorists,"2017-07-25 19:57:23.0",http://searchwell.l3s.uni-hannover.de/en/search.jsf?query=the USS Cole Bombing,192279,5044,1
42607909,http://searchwell.l3s.uni-hannover.de/?uid=42607909,"2017-07-25 20:21:45.0",http://gadirajuweb.l3s.uni-hannover.de/SearchWell/Bombing/bombing_task.php?userID=42607909,1598,1188,0
42607909,http://searchwell.l3s.uni-hannover.de/en/search.jsf?query=carpenter bees%3B how the look and live,"2017-07-25 20:21:48.0",http://searchwell.l3s.uni-hannover.de/?uid=42607909,5395,5344,0
42607909,http://searchwell.l3s.uni-hannover.de/en/search.jsf?query=USS Cole bombing,"2017-07-25 20:21:54.0",http://searchwell.l3s.uni-hannover.de/en/search.jsf?query=carpenter bees%3B how the look and live,82164,9366,0
42607909,http://en.wikipedia.org.secure.waps.io/wiki/USS_Cole_bombing,"2017-07-25 20:23:10.0",http://searchwell.l3s.uni-hannover.de/en/search.jsf?query=USS Cole bombing,605882,29727,1
42607909,http://en.wikipedia.org.secure.waps.io/wiki/USS_Cole_(DDG-67),"2017-07-25 20:23:27.0",http://searchwell.l3s.uni-hannover.de/en/search.jsf?query=USS Cole bombing,336299,11348,1
42607909,http://www.911memorial.org.secure.waps.io/uss-cole-bombing,"2017-07-25 20:23:40.0",http://searchwell.l3s.uni-hannover.de/en/search.jsf?query=USS Cole bombing,581256,1276,0
42607909,http://searchwell.l3s.uni-hannover.de/?uid=42607909,"2017-07-25 20:26:19.0",http://gadirajuweb.l3s.uni-hannover.de/SearchWell/Bombing/bombing_task.php?userID=42607909,2978,2785,0
42607909,http://searchwell.l3s.uni-hannover.de/en/search.jsf?query=USS Cole bombing,"2017-07-25 20:26:23.0",http://searchwell.l3s.uni-hannover.de/?uid=42607909,28516,0,0
42607909,http://searchwell.l3s.uni-hannover.de/?uid=42607909,"2017-07-25 20:26:53.0",http://gadirajuweb.l3s.uni-hannover.de/SearchWell/Bombing/bombing_task.php?userID=42607909,880,637,0
42607909,http://searchwell.l3s.uni-hannover.de/en/search.jsf?query=USS Cole bombing,"2017-07-25 20:26:55.0",http://searchwell.l3s.uni-hannover.de/?uid=42607909,322160,8995,0
42082819,http://searchwell.l3s.uni-hannover.de/?uid=42082819,"2017-07-25 19:55:37.0",http://gadirajuweb.l3s.uni-hannover.de/SearchWell/Bombing/bombing_task.php?userID=42082819,4532,4025,0
42082819,http://searchwell.l3s.uni-hannover.de/en/search.jsf?query=ataque terrorista de 2000 que lleg%C3%B3 a ser conocido como el %22USS Cole bombing,"2017-07-25 19:55:43.0",http://searchwell.l3s.uni-hannover.de/?uid=42082819,28071,27415,0
42082819,http://searchwell.l3s.uni-hannover.de/en/search.jsf?query=uss cole bombing,"2017-07-25 19:56:14.0",http://searchwell.l3s.uni-hannover.de/en/search.jsf?query=ataque terrorista de 2000 que lleg%C3%B3 a ser conocido como el %22USS Cole bombing,440897,5548,0
42082819,http://en.wikipedia.org.secure.waps.io/wiki/USS_Cole_bombing,"2017-07-25 19:57:32.0",http://searchwell.l3s.uni-hannover.de/en/search.jsf?query=uss cole bombing,629274,182199,1
40102852,http://searchwell.l3s.uni-hannover.de/?uid=40102852,"2017-07-25 19:49:04.0",http://gadirajuweb.l3s.uni-hannover.de/SearchWell/Bombing/bombing_task.php?userID=40102852,76941,9400,0
40102852,http://searchwell.l3s.uni-hannover.de/en/search.jsf?query=USS Cole bombing,"2017-07-25 19:50:22.0",http://searchwell.l3s.uni-hannover.de/?uid=40102852,174709,7787,0
40102852,http://en.wikipedia.org.secure.waps.io/wiki/USS_Cole_bombing,"2017-07-25 19:50:29.0",http://searchwell.l3s.uni-hannover.de/en/search.jsf?query=USS Cole bombing,155811,27779,1
40613469,http://searchwell.l3s.uni-hannover.de/?uid=40613469,"2017-07-25 19:51:54.0",http://gadirajuweb.l3s.uni-hannover.de/SearchWell/Bombing/bombing_task.php?userID=40613469,11636,1796,0
42441428,http://searchwell.l3s.uni-hannover.de/en/search.jsf?query=the USS Cole Bombing,"2017-07-25 19:53:29.0",http://searchwell.l3s.uni-hannover.de/?uid=42441428,569164,7714,0
42441428,http://en.wikipedia.org.secure.waps.io/wiki/USS_Cole_bombing,"2017-07-25 19:53:46.0",http://searchwell.l3s.uni-hannover.de/en/search.jsf?query=the USS Cole Bombing,472022,87667,1
43657878,http://searchwell.l3s.uni-hannover.de/?uid=43657878,"2017-07-25 21:55:27.0",http://gadirajuweb.l3s.uni-hannover.de/SearchWell/Bombing/bombing_task.php?userID=43657878,13896,5968,0
43657878,http://searchwell.l3s.uni-hannover.de/en/search.jsf?query=uss cole bombing,"2017-07-25 21:55:42.0",http://searchwell.l3s.uni-hannover.de/?uid=43657878,1054686,5646,0
43657878,http://en.wikipedia.org.secure.waps.io/wiki/USS_Cole_bombing,"2017-07-25 21:55:47.0",http://searchwell.l3s.uni-hannover.de/en/search.jsf?query=uss cole bombing,590206,247656,1
43657878,http://en.wikipedia.org.secure.waps.io/wiki/USS_Cole_(DDG-67),"2017-07-25 22:01:50.0",http://en.wikipedia.org.secure.waps.io/wiki/USS_Cole_bombing,687443,3034,0
42083792,http://searchwell.l3s.uni-hannover.de/?uid=42083792,"2017-07-25 19:52:50.0",http://gadirajuweb.l3s.uni-hannover.de/SearchWell/Bombing/bombing_task.php?userID=42083792,18524,5818,0
42083792,http://searchwell.l3s.uni-hannover.de/en/search.jsf?query=bombardeo del uss colle,"2017-07-25 19:53:12.0",http://searchwell.l3s.uni-hannover.de/?uid=42083792,2419,2331,0
42083792,http://searchwell.l3s.uni-hannover.de/en/search.jsf?query=bombardeo del uss cole,"2017-07-25 19:53:16.0",http://searchwell.l3s.uni-hannover.de/en/search.jsf?query=bombardeo del uss colle,53297,16267,0
42083792,http://en.wikipedia.org.secure.waps.io/wiki/USS_Cole_bombing,"2017-07-25 19:54:23.0",http://searchwell.l3s.uni-hannover.de/en/search.jsf?query=bombardeo del uss cole,401871,6177,1
42083792,http://searchwell.l3s.uni-hannover.de/en/search.jsf?query=bombardeo del uss cole 2000,"2017-07-25 19:54:24.0",http://searchwell.l3s.uni-hannover.de/en/search.jsf?query=bombardeo del uss cole,364141,26731,0
41676176,http://searchwell.l3s.uni-hannover.de/?uid=41676176,"2017-07-25 19:57:07.0",http://gadirajuweb.l3s.uni-hannover.de/SearchWell/Bombing/bombing_task.php?userID=41676176,7277,7006,0
41676176,http://searchwell.l3s.uni-hannover.de/en/search.jsf?query=%22USS Cole bombing,"2017-07-25 19:57:16.0",http://searchwell.l3s.uni-hannover.de/?uid=41676176,381974,8365,0
41676176,http://en.wikipedia.org.secure.waps.io/wiki/USS_Cole_bombing,"2017-07-25 19:57:24.0",http://searchwell.l3s.uni-hannover.de/en/search.jsf?query=%22USS Cole bombing,301108,49742,1
41676176,http://edition.cnn.com.waps.io/2013/09/18/world/meast/uss-cole-bombing-fast-facts/index.html,"2017-07-25 20:01:06.0",http://searchwell.l3s.uni-hannover.de/en/search.jsf?query=%22USS Cole bombing,18881,3145,0
31265048,http://searchwell.l3s.uni-hannover.de/?uid=31265048,"2017-07-25 19:50:53.0",http://gadirajuweb.l3s.uni-hannover.de/SearchWell/Bombing/bombing_task.php?userID=31265048,5721,5620,0
31265048,http://searchwell.l3s.uni-hannover.de/en/search.jsf?query=the USS Cole Bombing%27 . ,"2017-07-25 19:51:00.0",http://searchwell.l3s.uni-hannover.de/?uid=31265048,5175,3722,0
31265048,http://en.wikipedia.org.secure.waps.io/wiki/USS_Cole_bombing,"2017-07-25 19:51:05.0",http://searchwell.l3s.uni-hannover.de/en/search.jsf?query=the USS Cole Bombing%27 . ,307726,46462,1
39422187,http://searchwell.l3s.uni-hannover.de/?uid=39422187,"2017-07-25 19:51:08.0",http://gadirajuweb.l3s.uni-hannover.de/SearchWell/Bombing/bombing_task.php?userID=39422187,49076,1859,0
39422187,http://searchwell.l3s.uni-hannover.de/?uid=39422187,"2017-07-25 19:53:02.0",http://gadirajuweb.l3s.uni-hannover.de/SearchWell/Bombing/bombing_task.php?userID=39422187,44368,2953,0
39422187,http://searchwell.l3s.uni-hannover.de/en/search.jsf?query=the USS Cole Bombing,"2017-07-25 19:53:47.0",http://searchwell.l3s.uni-hannover.de/?uid=39422187,497037,25875,0
39422187,http://en.wikipedia.org.secure.waps.io/wiki/USS_Cole_bombing,"2017-07-25 19:54:38.0",http://searchwell.l3s.uni-hannover.de/en/search.jsf?query=the USS Cole Bombing,447217,52033,0
39422187,http://www.fbi.gov.secure.waps.io/history/famous-cases/uss-cole-bombing,"2017-07-25 19:57:02.0",http://searchwell.l3s.uni-hannover.de/en/search.jsf?query=the USS Cole Bombing,101569,5704,1
36113457,http://searchwell.l3s.uni-hannover.de/?uid=36113457,"2017-07-25 19:51:13.0",http://gadirajuweb.l3s.uni-hannover.de/SearchWell/Bombing/bombing_task.php?userID=36113457,5580,5514,0
36113457,http://searchwell.l3s.uni-hannover.de/en/search.jsf?query=Cole Bombing,"2017-07-25 19:51:20.0",http://searchwell.l3s.uni-hannover.de/?uid=36113457,768754,3226,0
36113457,http://en.wikipedia.org.secure.waps.io/wiki/USS_Cole_bombing,"2017-07-25 19:51:52.0",http://searchwell.l3s.uni-hannover.de/en/search.jsf?query=Cole Bombing,708075,111447,1
42647816,http://searchwell.l3s.uni-hannover.de/?uid=42647816,"2017-07-25 19:53:31.0",http://gadirajuweb.l3s.uni-hannover.de/SearchWell/Bombing/bombing_task.php?userID=42647816,400907,9002,0
43476534,http://searchwell.l3s.uni-hannover.de/?uid=43476534,"2017-07-25 19:50:40.0",http://gadirajuweb.l3s.uni-hannover.de/SearchWell/Bombing/bombing_task.php?userID=43476534,3273,243,0
43476534,http://searchwell.l3s.uni-hannover.de/en/search.jsf?query=the USS Cole Bombing,"2017-07-25 19:50:45.0",http://searchwell.l3s.uni-hannover.de/?uid=43476534,691775,4307,0
43476534,http://en.wikipedia.org.secure.waps.io/wiki/USS_Cole_bombing,"2017-07-25 19:51:01.0",http://searchwell.l3s.uni-hannover.de/en/search.jsf?query=the USS Cole Bombing,649860,109703,1
6715485,http://searchwell.l3s.uni-hannover.de/?uid=6715485,"2017-07-25 19:50:17.0",http://gadirajuweb.l3s.uni-hannover.de/SearchWell/Bombing/bombing_task.php?userID=6715485,31482,6311,0
6715485,http://searchwell.l3s.uni-hannover.de/en/search.jsf?query=USS Cole bombard%C4%B1man%C4%B1,"2017-07-25 19:50:50.0",http://searchwell.l3s.uni-hannover.de/?uid=6715485,377343,10385,0
6715485,http://www.academia.edu.waps.io/22070637/AFGAN%C4%B0STAN_%C4%B0NSAN_HAKLARI_RAPORU,"2017-07-25 19:55:02.0",http://searchwell.l3s.uni-hannover.de/en/search.jsf?query=USS Cole bombard%C4%B1man%C4%B1,18583,2855,1
43023013,http://searchwell.l3s.uni-hannover.de/?uid=43023013,"2017-07-25 19:51:07.0",http://gadirajuweb.l3s.uni-hannover.de/SearchWell/Bombing/bombing_task.php?userID=43023013,5445,5405,0
43023013,http://searchwell.l3s.uni-hannover.de/en/search.jsf?query=carpenter bees%3B how the look and live,"2017-07-25 19:51:13.0",http://searchwell.l3s.uni-hannover.de/?uid=43023013,180154,8490,0
43023013,http://searchwell.l3s.uni-hannover.de/?uid=43023013,"2017-07-25 19:54:10.0",http://gadirajuweb.l3s.uni-hannover.de/SearchWell/Bombing/bombing_task.php?userID=43023013,1129,1097,0
43697401,http://searchwell.l3s.uni-hannover.de/?uid=43697401,"2017-07-25 19:51:48.0",http://gadirajuweb.l3s.uni-hannover.de/SearchWell/Bombing/bombing_task.php?userID=43697401,46005,6519,0
43697401,http://searchwell.l3s.uni-hannover.de/en/search.jsf?query=%27the USS Cole Bombing,"2017-07-25 19:52:38.0",http://searchwell.l3s.uni-hannover.de/?uid=43697401,367632,10467,0
43697401,http://en.wikipedia.org.secure.waps.io/wiki/USS_Cole_bombing,"2017-07-25 19:53:00.0",http://searchwell.l3s.uni-hannover.de/en/search.jsf?query=%27the USS Cole Bombing,332282,49519,1
41740674,http://searchwell.l3s.uni-hannover.de/?uid=41740674,"2017-07-25 19:52:19.0",http://gadirajuweb.l3s.uni-hannover.de/SearchWell/Bombing/bombing_task.php?userID=41740674,24027,13028,0
41740674,http://searchwell.l3s.uni-hannover.de/en/search.jsf?query=uss cole bombing,"2017-07-25 19:52:46.0",http://searchwell.l3s.uni-hannover.de/?uid=41740674,558738,33091,0
41740674,http://en.wikipedia.org.secure.waps.io/wiki/USS_Cole_bombing,"2017-07-25 19:53:07.0",http://searchwell.l3s.uni-hannover.de/en/search.jsf?query=uss cole bombing,378678,114963,0
41740674,http://en.wikipedia.org.secure.waps.io/wiki/USS_Cole_bombing,"2017-07-25 19:59:36.0",http://searchwell.l3s.uni-hannover.de/en/search.jsf?query=uss cole bombing,26055,9534,1
43056994,http://searchwell.l3s.uni-hannover.de/?uid=43056994,"2017-07-25 20:20:54.0",http://gadirajuweb.l3s.uni-hannover.de/SearchWell/Bombing/bombing_task.php?userID=43056994,31682,476,0
36972337,http://searchwell.l3s.uni-hannover.de/?uid=36972337,"2017-07-25 20:14:49.0",http://gadirajuweb.l3s.uni-hannover.de/SearchWell/Bombing/bombing_task.php?userID=36972337,13359,3472,0
36972337,http://searchwell.l3s.uni-hannover.de/en/search.jsf?query=sufficient knowledge,"2017-07-25 20:16:12.0",http://searchwell.l3s.uni-hannover.de/?uid=36972337,296572,17371,0
36972337,http://plato.stanford.edu.secure.waps.io/entries/knowledge-analysis/,"2017-07-25 20:16:19.0",http://searchwell.l3s.uni-hannover.de/en/search.jsf?query=sufficient knowledge,0,0,1
37125543,http://searchwell.l3s.uni-hannover.de/?uid=37125543,"2017-07-25 19:52:56.0",http://gadirajuweb.l3s.uni-hannover.de/SearchWell/Bombing/bombing_task.php?userID=37125543,20413,4693,0
37125543,http://searchwell.l3s.uni-hannover.de/en/search.jsf?query=USS Cole bombing,"2017-07-25 19:53:19.0",http://searchwell.l3s.uni-hannover.de/?uid=37125543,780800,30344,0
37125543,http://en.wikipedia.org.secure.waps.io/wiki/USS_Cole_bombing,"2017-07-25 19:53:31.0",http://searchwell.l3s.uni-hannover.de/en/search.jsf?query=USS Cole bombing,632116,98124,1
37125543,http://edition.cnn.com.waps.io/2013/09/18/world/meast/uss-cole-bombing-fast-facts/index.html,"2017-07-25 19:56:11.0",http://searchwell.l3s.uni-hannover.de/en/search.jsf?query=USS Cole bombing,610736,30792,0
39555293,http://searchwell.l3s.uni-hannover.de/?uid=39555293,"2017-07-25 19:50:16.0",http://gadirajuweb.l3s.uni-hannover.de/SearchWell/Bombing/bombing_task.php?userID=39555293,21775,2605,0
39555293,http://searchwell.l3s.uni-hannover.de/en/search.jsf?query=ataque terrorista de 2000 que lleg%C3%B3 a ser conocido como el %22USS Cole bombing,"2017-07-25 19:50:40.0",http://searchwell.l3s.uni-hannover.de/?uid=39555293,9928,3135,0
39555293,http://es.wikipedia.org.secure.waps.io/wiki/Atentados_del_11_de_septiembre_de_2001,"2017-07-25 19:50:53.0",http://searchwell.l3s.uni-hannover.de/en/search.jsf?query=ataque terrorista de 2000 que lleg%C3%B3 a ser conocido como el %22USS Cole bombing,16893,8519,0
39555293,http://searchwell.l3s.uni-hannover.de/?uid=39555293,"2017-07-25 19:51:10.0",http://gadirajuweb.l3s.uni-hannover.de/SearchWell/Bombing/bombing_task.php?userID=39555293,4924,4380,0
39555293,http://searchwell.l3s.uni-hannover.de/en/search.jsf?query=USS Cole bombing,"2017-07-25 19:51:15.0",http://searchwell.l3s.uni-hannover.de/?uid=39555293,298287,4268,0
39555293,http://en.wikipedia.org.secure.waps.io/wiki/USS_Cole_bombing,"2017-07-25 19:51:46.0",http://searchwell.l3s.uni-hannover.de/en/search.jsf?query=USS Cole bombing,325558,28558,1
42126087,http://searchwell.l3s.uni-hannover.de/?uid=42126087,"2017-07-25 19:52:58.0",http://gadirajuweb.l3s.uni-hannover.de/SearchWell/Bombing/bombing_task.php?userID=42126087,55579,7711,0
42126087,http://searchwell.l3s.uni-hannover.de/en/search.jsf?query=the uss cole bombing,"2017-07-25 19:54:29.0",http://searchwell.l3s.uni-hannover.de/?uid=42126087,323570,31032,0
42126087,http://www.washingtonpost.com.secure.waps.io/news/checkpoint/wp/2015/10/12/the-uss-cole-was-bombed-15-years-ago-now-its-a-floating-memorial-to-those-lost/,"2017-07-25 19:57:29.0",http://searchwell.l3s.uni-hannover.de/en/search.jsf?query=the uss cole bombing,26883,3216,0
43430725,http://searchwell.l3s.uni-hannover.de/?uid=43430725,"2017-07-25 20:03:23.0",http://gadirajuweb.l3s.uni-hannover.de/SearchWell/Bombing/bombing_task.php?userID=43430725,291381,16522,0
43430725,http://searchwell.l3s.uni-hannover.de/en/search.jsf?query=uss cole,"2017-07-25 20:08:25.0",http://searchwell.l3s.uni-hannover.de/?uid=43430725,90842,30963,0
43430725,http://en.wikipedia.org.secure.waps.io/wiki/USS_Cole_bombing,"2017-07-25 20:09:22.0",http://searchwell.l3s.uni-hannover.de/en/search.jsf?query=uss cole,35564,0,1
43493488,http://searchwell.l3s.uni-hannover.de/?uid=43493488,"2017-07-25 20:01:51.0",http://gadirajuweb.l3s.uni-hannover.de/SearchWell/Bombing/bombing_task.php?userID=43493488,6732,5754,0
43493488,http://searchwell.l3s.uni-hannover.de/en/search.jsf?query=the USS Cole Bombing,"2017-07-25 20:01:58.0",http://searchwell.l3s.uni-hannover.de/?uid=43493488,702653,60353,0
43493488,http://en.wikipedia.org.secure.waps.io/wiki/USS_Cole_bombing,"2017-07-25 20:02:03.0",http://searchwell.l3s.uni-hannover.de/en/search.jsf?query=the USS Cole Bombing,364064,11127,0
43493488,http://www.911memorial.org.secure.waps.io/uss-cole-bombing,"2017-07-25 20:03:22.0",http://searchwell.l3s.uni-hannover.de/en/search.jsf?query=the USS Cole Bombing,621293,49000,0
43493488,http://searchwell.l3s.uni-hannover.de/?uid=43493488,"2017-07-25 20:03:43.0",http://gadirajuweb.l3s.uni-hannover.de/SearchWell/Bombing/bombing_task.php?userID=43493488,597682,20088,0
43493488,http://www.washingtonpost.com.secure.waps.io/news/checkpoint/wp/2015/10/12/the-uss-cole-was-bombed-15-years-ago-now-its-a-floating-memorial-to-those-lost/?utm_term=.0c759c93e261,"2017-07-25 20:04:35.0",http://searchwell.l3s.uni-hannover.de/en/search.jsf?query=the USS Cole Bombing,547127,12300,0
43493488,http://www.fbi.gov.secure.waps.io/history/famous-cases/uss-cole-bombing,"2017-07-25 20:05:59.0",http://searchwell.l3s.uni-hannover.de/en/search.jsf?query=the USS Cole Bombing,462115,4091,0
26079868,http://searchwell.l3s.uni-hannover.de/?uid=26079868,"2017-07-25 21:29:42.0",http://gadirajuweb.l3s.uni-hannover.de/SearchWell/Bombing/bombing_task.php?userID=26079868,4297,3393,0
26079868,http://searchwell.l3s.uni-hannover.de/?uid=26079868,"2017-07-25 21:30:44.0",http://gadirajuweb.l3s.uni-hannover.de/SearchWell/Bombing/bombing_task.php?userID=26079868,1735,1728,0
26079868,http://searchwell.l3s.uni-hannover.de/en/search.jsf?query=USS Cole bombing,"2017-07-25 21:30:47.0",http://searchwell.l3s.uni-hannover.de/?uid=26079868,755489,12371,0
26079868,http://en.wikipedia.org.secure.waps.io/wiki/USS_Cole_bombing,"2017-07-25 21:30:56.0",http://searchwell.l3s.uni-hannover.de/en/search.jsf?query=USS Cole bombing,749534,122240,0
26079868,http://edition.cnn.com.waps.io/2013/09/18/world/meast/uss-cole-bombing-fast-facts/index.html,"2017-07-25 21:31:21.0",http://searchwell.l3s.uni-hannover.de/en/search.jsf?query=USS Cole bombing,722892,76804,0
26079868,http://searchwell.l3s.uni-hannover.de/?uid=26079868,"2017-07-25 21:42:05.0",http://gadirajuweb.l3s.uni-hannover.de/SearchWell/Bombing/bombing_task.php?userID=26079868,76369,1353,0
37419835,http://searchwell.l3s.uni-hannover.de/?uid=37419835,"2017-07-25 21:57:45.0",http://gadirajuweb.l3s.uni-hannover.de/SearchWell/Bombing/bombing_task.php?userID=37419835,30195,8009,0
37419835,http://searchwell.l3s.uni-hannover.de/en/search.jsf?query=%D0%B1%D0%BE%D0%BC%D0%B1%D0%B0%D1%80%D0%B4%D0%B8%D1%80%D0%BE%D0%B2%D0%BA%D0%B0 USS Cole,"2017-07-25 21:58:16.0",http://searchwell.l3s.uni-hannover.de/?uid=37419835,41081,6607,0
37419835,http://searchwell.l3s.uni-hannover.de/en/search.jsf?query=%D0%B1%D0%BE%D0%BC%D0%B1%D0%B0%D1%80%D0%B4%D0%B8%D1%80%D0%BE%D0%B2%D0%BA%D0%B0 USS Cole,"2017-07-25 21:59:46.0",http://searchwell.l3s.uni-hannover.de/?uid=37419835,371020,4905,0
43509684,http://searchwell.l3s.uni-hannover.de/?uid=43509684,"2017-07-25 19:51:04.0",http://gadirajuweb.l3s.uni-hannover.de/SearchWell/Bombing/bombing_task.php?userID=43509684,13265,13118,0
43509684,http://searchwell.l3s.uni-hannover.de/en/search.jsf?query=the uss cole bombing,"2017-07-25 19:51:19.0",http://searchwell.l3s.uni-hannover.de/?uid=43509684,33508,1804,1
43509684,http://en.wikipedia.org.secure.waps.io/wiki/USS_Cole_bombing,"2017-07-25 19:52:07.0",http://searchwell.l3s.uni-hannover.de/en/search.jsf?query=the uss cole bombing,224988,100200,1
28282475,http://searchwell.l3s.uni-hannover.de/?uid=28282475,"2017-07-25 20:06:22.0",http://gadirajuweb.l3s.uni-hannover.de/SearchWell/Bombing/bombing_task.php?userID=28282475,4517,4211,0
28282475,http://searchwell.l3s.uni-hannover.de/?uid=28282475,"2017-07-25 20:07:16.0",http://gadirajuweb.l3s.uni-hannover.de/SearchWell/Bombing/bombing_task.php?userID=28282475,32579,14810,0
28282475,http://searchwell.l3s.uni-hannover.de/en/search.jsf?query=USS Cole bombing,"2017-07-25 20:07:49.0",http://searchwell.l3s.uni-hannover.de/?uid=28282475,145976,16440,0
28282475,http://en.wikipedia.org.secure.waps.io/wiki/USS_Cole_bombing,"2017-07-25 20:09:49.0",http://searchwell.l3s.uni-hannover.de/en/search.jsf?query=USS Cole bombing,380856,98539,1
41964443,http://searchwell.l3s.uni-hannover.de/?uid=41964443,"2017-07-25 20:21:17.0",http://gadirajuweb.l3s.uni-hannover.de/SearchWell/Bombing/bombing_task.php?userID=41964443,26724,4850,0
41964443,http://searchwell.l3s.uni-hannover.de/en/search.jsf?query=000 terrorist attack that came to be known as the %22USS Cole bombing,"2017-07-25 20:21:50.0",http://searchwell.l3s.uni-hannover.de/?uid=41964443,38424,7099,0
41964443,http://en.wikipedia.org.secure.waps.io/wiki/USS_Cole_bombing,"2017-07-25 20:21:59.0",http://searchwell.l3s.uni-hannover.de/en/search.jsf?query=000 terrorist attack that came to be known as the %22USS Cole bombing,743857,119806,0
41964443,http://searchwell.l3s.uni-hannover.de/en/search.jsf?query=2000 terrorist attack that came to be known as the %22USS Cole bombing,"2017-07-25 20:22:30.0",http://searchwell.l3s.uni-hannover.de/en/search.jsf?query=000 terrorist attack that came to be known as the %22USS Cole bombing,709242,29869,0
41964443,http://www.history.com.waps.io/this-day-in-history/uss-cole-attacked-by-terrorists,"2017-07-25 20:24:51.0",http://searchwell.l3s.uni-hannover.de/en/search.jsf?query=2000 terrorist attack that came to be known as the %22USS Cole bombing,571110,33821,0
41964443,http://www.navytimes.com.waps.io/news/your-navy/2015/10/11/after-15-years-uss-cole-crew-reflects-on-terror-attack/,"2017-07-25 20:26:20.0",http://searchwell.l3s.uni-hannover.de/en/search.jsf?query=2000 terrorist attack that came to be known as the %22USS Cole bombing,325358,27117,1
41964443,http://searchwell.l3s.uni-hannover.de/en/search.jsf,"2017-07-25 20:26:24.0",http://searchwell.l3s.uni-hannover.de/en/search.jsf?query=2000 terrorist attack that came to be known as the %22USS Cole bombing,12548,5380,0
41964443,http://searchwell.l3s.uni-hannover.de/en/search.jsf,"2017-07-25 20:26:37.0",http://searchwell.l3s.uni-hannover.de/en/search.jsf,6600,5700,0
41964443,http://en.wikipedia.org.secure.waps.io/wiki/Guided-missile_destroyer,"2017-07-25 20:32:47.0",http://en.wikipedia.org.secure.waps.io/wiki/USS_Cole_bombing,107167,35384,0
