25864227,http://searchwell.l3s.uni-hannover.de/?uid=25864227,"2017-07-26 05:35:34.0",http://gadirajuweb.l3s.uni-hannover.de/SearchWell/Evolution/evolution_task.php?userID=25864227,25724,3082,0
25864227,http://searchwell.l3s.uni-hannover.de/en/search.jsf?query=theory of evolution,"2017-07-26 05:36:08.0",http://searchwell.l3s.uni-hannover.de/?uid=25864227,365391,50242,0
25864227,http://www.darwins-theory-of-evolution.com.waps.io/,"2017-07-26 05:37:28.0",http://searchwell.l3s.uni-hannover.de/en/search.jsf?query=theory of evolution,445246,14864,0
25864227,http://www.britannica.com.secure.waps.io/science/evolution-scientific-theory,"2017-07-26 05:41:02.0",http://searchwell.l3s.uni-hannover.de/en/search.jsf?query=theory of evolution,229408,19134,0
25864227,http://searchwell.l3s.uni-hannover.de/en/search.jsf?query=modern synthesis definition,"2017-07-26 05:42:18.0",http://searchwell.l3s.uni-hannover.de/en/search.jsf?query=theory of evolution,149002,39777,0
41914129,http://searchwell.l3s.uni-hannover.de/?uid=41914129,"2017-07-26 07:02:44.0",http://gadirajuweb.l3s.uni-hannover.de/SearchWell/Evolution/evolution_task.php?userID=41914129,19316,16657,0
41914129,http://searchwell.l3s.uni-hannover.de/en/search.jsf?query=theory of evolution,"2017-07-26 07:03:04.0",http://searchwell.l3s.uni-hannover.de/?uid=41914129,407524,40569,0
41914129,http://www.livescience.com.secure.waps.io/474-controversy-evolution-works.html,"2017-07-26 07:03:32.0",http://searchwell.l3s.uni-hannover.de/en/search.jsf?query=theory of evolution,53243,5962,0
41914129,http://www.darwins-theory-of-evolution.com.waps.io/,"2017-07-26 07:04:33.0",http://searchwell.l3s.uni-hannover.de/en/search.jsf?query=theory of evolution,181841,19591,0
41914129,http://searchwell.l3s.uni-hannover.de/?uid=41914129,"2017-07-26 07:05:54.0",http://gadirajuweb.l3s.uni-hannover.de/SearchWell/NASA/nasa_task.php?userID=41914129,23445,14085,0
41914129,http://searchwell.l3s.uni-hannover.de/en/search.jsf?query= past%2C present%2C and possible future of interplanetary missions that are planned by the NASA%27. ,"2017-07-26 07:06:18.0",http://searchwell.l3s.uni-hannover.de/?uid=41914129,435607,22604,0
38986614,http://searchwell.l3s.uni-hannover.de/?uid=38986614,"2017-07-26 05:30:30.0",http://gadirajuweb.l3s.uni-hannover.de/SearchWell/Evolution/evolution_task.php?userID=38986614,14412,8950,0
38986614,http://searchwell.l3s.uni-hannover.de/en/search.jsf?query=teoria de la evolucion,"2017-07-26 05:30:51.0",http://searchwell.l3s.uni-hannover.de/?uid=38986614,816444,33960,0
38986614,http://es.wikipedia.org.secure.waps.io/wiki/Evoluci%C3%B3n_biol%C3%B3gica,"2017-07-26 05:31:08.0",http://searchwell.l3s.uni-hannover.de/en/search.jsf?query=teoria de la evolucion,800752,39792,0
38986614,http://historiaybiografias.com.secure.waps.io/teoria_evolucion/,"2017-07-26 05:34:09.0",http://searchwell.l3s.uni-hannover.de/en/search.jsf?query=teoria de la evolucion,462048,70762,1
38986614,http://searchwell.l3s.uni-hannover.de/?uid=38986614,"2017-07-26 05:38:56.0",http://gadirajuweb.l3s.uni-hannover.de/SearchWell/Evolution/evolution_task.php?userID=38986614,9792,9646,0
41414773,http://searchwell.l3s.uni-hannover.de/?uid=41414773,"2017-07-26 05:43:33.0",http://gadirajuweb.l3s.uni-hannover.de/SearchWell/Evolution/evolution_task.php?userID=41414773,10044,2785,0
41414773,http://searchwell.l3s.uni-hannover.de/en/search.jsf?query=theory of evolution,"2017-07-26 05:43:44.0",http://searchwell.l3s.uni-hannover.de/?uid=41414773,632108,44435,0
41414773,http://en.wikipedia.org.secure.waps.io/wiki/Evolution,"2017-07-26 05:44:03.0",http://searchwell.l3s.uni-hannover.de/en/search.jsf?query=theory of evolution,160303,53764,0
41414773,http://www.darwins-theory-of-evolution.com.waps.io/,"2017-07-26 05:47:14.0",http://searchwell.l3s.uni-hannover.de/en/search.jsf?query=theory of evolution,73417,53678,0
42674062,http://searchwell.l3s.uni-hannover.de/?uid=42674062,"2017-07-26 05:17:09.0",http://gadirajuweb.l3s.uni-hannover.de/SearchWell/Evolution/evolution_task.php?userID=42674062,65733,7256,0
42674062,http://searchwell.l3s.uni-hannover.de/en/search.jsf?query=theory of evolution,"2017-07-26 05:18:16.0",http://searchwell.l3s.uni-hannover.de/?uid=42674062,475703,28802,0
42674062,http://www.livescience.com.secure.waps.io/474-controversy-evolution-works.html,"2017-07-26 05:18:26.0",http://searchwell.l3s.uni-hannover.de/en/search.jsf?query=theory of evolution,13822,8387,0
42674062,http://www.darwins-theory-of-evolution.com.waps.io/,"2017-07-26 05:18:28.0",http://searchwell.l3s.uni-hannover.de/en/search.jsf?query=theory of evolution,505973,65216,0
42674062,http://www.allaboutscience.org.waps.io/darwins-theory-of-evolution.htm,"2017-07-26 05:18:29.0",http://searchwell.l3s.uni-hannover.de/en/search.jsf?query=theory of evolution,314816,15224,1
42674062,http://searchwell.l3s.uni-hannover.de/en/search.jsf?query=Turqu%C3%ADa debe dejar de ense%C3%B1ar la teor%C3%ADa de la evoluci%C3%B3n de Darwin en las escuelas secundarias.,"2017-07-26 05:26:14.0",http://searchwell.l3s.uni-hannover.de/en/search.jsf?query=theory of evolution,25080,13650,0
42674062,http://www.dw.com.waps.io/es/turqu%C3%ADa-dejar%C3%A1-de-ense%C3%B1ar-la-teor%C3%ADa-de-la-evoluci%C3%B3n-en-la-escuela/a-39394898,"2017-07-26 05:26:27.0",http://searchwell.l3s.uni-hannover.de/en/search.jsf?query=Turqu%C3%ADa debe dejar de ense%C3%B1ar la teor%C3%ADa de la evoluci%C3%B3n de Darwin en las escuelas secundarias.,5614,3277,1
42674062,http://searchwell.l3s.uni-hannover.de/en/search.jsf?query= Thomas Henry Huxley era amigo de Charles Darwin.,"2017-07-26 05:26:42.0",http://searchwell.l3s.uni-hannover.de/en/search.jsf?query=Turqu%C3%ADa debe dejar de ense%C3%B1ar la teor%C3%ADa de la evoluci%C3%B3n de Darwin en las escuelas secundarias.,129937,33811,0
40619580,http://searchwell.l3s.uni-hannover.de/?uid=40619580,"2017-07-26 05:58:14.0",http://gadirajuweb.l3s.uni-hannover.de/SearchWell/Evolution/evolution_task.php?userID=40619580,14991,7764,0
40619580,http://searchwell.l3s.uni-hannover.de/en/search.jsf?query=theory of evolution,"2017-07-26 05:58:31.0",http://searchwell.l3s.uni-hannover.de/?uid=40619580,291828,4891,1
40619580,http://www.darwins-theory-of-evolution.com.waps.io/,"2017-07-26 05:58:38.0",http://searchwell.l3s.uni-hannover.de/en/search.jsf?query=theory of evolution,282961,17488,1
42262643,http://searchwell.l3s.uni-hannover.de/?uid=42262643,"2017-07-26 05:22:33.0",http://gadirajuweb.l3s.uni-hannover.de/SearchWell/Evolution/evolution_task.php?userID=42262643,10182,3780,0
43507316,http://searchwell.l3s.uni-hannover.de/?uid=43507316,"2017-07-26 05:25:47.0",http://gadirajuweb.l3s.uni-hannover.de/SearchWell/Evolution/evolution_task.php?userID=43507316,4163,2153,0
43507316,http://searchwell.l3s.uni-hannover.de/en/search.jsf?query=theory of evolution,"2017-07-26 05:25:52.0",http://searchwell.l3s.uni-hannover.de/?uid=43507316,505691,10866,0
43507316,http://www.livescience.com.secure.waps.io/474-controversy-evolution-works.html,"2017-07-26 05:26:01.0",http://searchwell.l3s.uni-hannover.de/en/search.jsf?query=theory of evolution,7667,0,1
43507316,http://www.darwins-theory-of-evolution.com.waps.io/,"2017-07-26 05:26:15.0",http://searchwell.l3s.uni-hannover.de/en/search.jsf?query=theory of evolution,478265,13421,1
43507316,http://searchwell.l3s.uni-hannover.de/en/search.jsf?query=Evolution is a theory about the origin of life.,"2017-07-26 05:34:20.0",http://searchwell.l3s.uni-hannover.de/en/search.jsf?query=theory of evolution,9560,9543,0
43507316,http://searchwell.l3s.uni-hannover.de/en/search.jsf?query=Evolutionary theory implies that life evolved %28and continues to evolve%29 randomly%2C or by chance alone,"2017-07-26 05:34:31.0",http://searchwell.l3s.uni-hannover.de/en/search.jsf?query=Evolution is a theory about the origin of life.,30101,0,0
43507316,http://searchwell.l3s.uni-hannover.de/en/search.jsf?query=Evolution implies that individual organisms can evolve during a single lifespan.,"2017-07-26 05:35:03.0",http://searchwell.l3s.uni-hannover.de/en/search.jsf?query=Evolutionary theory implies that life evolved %28and continues to evolve%29 randomly%2C or by chance alone,28167,11012,0
43507316,http://searchwell.l3s.uni-hannover.de/en/search.jsf?query=Over time%2C populations can split or branch off into new species.,"2017-07-26 05:35:33.0",http://searchwell.l3s.uni-hannover.de/en/search.jsf?query=Evolution implies that individual organisms can evolve during a single lifespan.,10899,6813,0
43507316,http://searchwell.l3s.uni-hannover.de/en/search.jsf?query=Modern synthesis is connecting natural selection%2C mutation theory%2C and Mendelian inheritance into a ,"2017-07-26 05:35:45.0",http://searchwell.l3s.uni-hannover.de/en/search.jsf?query=Over time%2C populations can split or branch off into new species.,29173,10237,0
43507316,http://searchwell.l3s.uni-hannover.de/en/search.jsf?query=The modern understanding of evolution began with the publication of Charles Darwin%27s %22On the Origin ,"2017-07-26 05:36:17.0",http://searchwell.l3s.uni-hannover.de/en/search.jsf?query=Modern synthesis is connecting natural selection%2C mutation theory%2C and Mendelian inheritance into a ,13726,13710,0
43507316,http://searchwell.l3s.uni-hannover.de/en/search.jsf?query=TTurkey is to stop teaching Darwin%27s theory of evolution in high schools.,"2017-07-26 05:36:33.0",http://searchwell.l3s.uni-hannover.de/en/search.jsf?query=The modern understanding of evolution began with the publication of Charles Darwin%27s %22On the Origin ,7837,7332,0
43507316,http://searchwell.l3s.uni-hannover.de/en/search.jsf?query=Thomas Henry Huxley was a friend of Charles Darwin.,"2017-07-26 05:36:42.0",http://searchwell.l3s.uni-hannover.de/en/search.jsf?query=TTurkey is to stop teaching Darwin%27s theory of evolution in high schools.,20794,6654,0
39912680,http://searchwell.l3s.uni-hannover.de/?uid=39912680,"2017-07-26 05:27:23.0",http://gadirajuweb.l3s.uni-hannover.de/SearchWell/Evolution/evolution_task.php?userID=39912680,9781,1074,0
39912680,http://searchwell.l3s.uni-hannover.de/en/search.jsf?query=theory of evolution,"2017-07-26 05:27:46.0",http://searchwell.l3s.uni-hannover.de/?uid=39912680,387275,12860,0
39912680,http://www.livescience.com.secure.waps.io/474-controversy-evolution-works.html,"2017-07-26 05:28:03.0",http://searchwell.l3s.uni-hannover.de/en/search.jsf?query=theory of evolution,2481,0,0
39912680,http://en.wikipedia.org.secure.waps.io/wiki/Evolution,"2017-07-26 05:28:14.0",http://searchwell.l3s.uni-hannover.de/en/search.jsf?query=theory of evolution,290158,7709,1
36985538,http://searchwell.l3s.uni-hannover.de/?uid=36985538,"2017-07-26 05:19:47.0",http://gadirajuweb.l3s.uni-hannover.de/SearchWell/Evolution/evolution_task.php?userID=36985538,10323,10202,0
36985538,http://searchwell.l3s.uni-hannover.de/en/search.jsf?query=theory of evolution,"2017-07-26 05:20:05.0",http://searchwell.l3s.uni-hannover.de/?uid=36985538,334220,22844,0
36985538,http://www.livescience.com.secure.waps.io/474-controversy-evolution-works.html,"2017-07-26 05:20:29.0",http://searchwell.l3s.uni-hannover.de/en/search.jsf?query=theory of evolution,13916,2578,0
36985538,http://www.darwins-theory-of-evolution.com.waps.io/,"2017-07-26 05:20:35.0",http://searchwell.l3s.uni-hannover.de/en/search.jsf?query=theory of evolution,456021,43404,1
36985538,http://www.ucmp.berkeley.edu.waps.io/history/evotheory.html,"2017-07-26 05:20:54.0",http://searchwell.l3s.uni-hannover.de/en/search.jsf?query=theory of evolution,268485,20180,1
36985538,http://en.wikipedia.org.secure.waps.io/wiki/Evolution,"2017-07-26 05:20:58.0",http://searchwell.l3s.uni-hannover.de/en/search.jsf?query=theory of evolution,204514,8680,1
33650194,http://searchwell.l3s.uni-hannover.de/?uid=33650194,"2017-07-26 05:28:26.0",http://gadirajuweb.l3s.uni-hannover.de/SearchWell/Evolution/evolution_task.php?userID=33650194,67561,15048,0
33650194,http://searchwell.l3s.uni-hannover.de/en/search.jsf?query=theory of evolution,"2017-07-26 05:29:36.0",http://searchwell.l3s.uni-hannover.de/?uid=33650194,8388,8364,0
33650194,http://www.livescience.com.secure.waps.io/474-controversy-evolution-works.html,"2017-07-26 05:29:41.0",http://searchwell.l3s.uni-hannover.de/en/search.jsf?query=theory of evolution,8556,1200,1
33650194,http://searchwell.l3s.uni-hannover.de/en/search.jsf?query=teoria de la evolucion,"2017-07-26 05:29:45.0",http://searchwell.l3s.uni-hannover.de/en/search.jsf?query=theory of evolution,6963,6926,0
33650194,http://es.wikipedia.org.secure.waps.io/wiki/Evoluci%C3%B3n_biol%C3%B3gica,"2017-07-26 05:29:51.0",http://searchwell.l3s.uni-hannover.de/en/search.jsf?query=teoria de la evolucion,701032,5977,0
33650194,http://searchwell.l3s.uni-hannover.de/en/search.jsf?query=theory of evolution,"2017-07-26 05:29:53.0",http://searchwell.l3s.uni-hannover.de/?uid=33650194,694994,9108,0
33650194,http://www.darwins-theory-of-evolution.com.waps.io/,"2017-07-26 05:29:58.0",http://searchwell.l3s.uni-hannover.de/en/search.jsf?query=theory of evolution,63724,16016,0
33650194,http://www.allaboutscience.org.waps.io/darwins-theory-of-evolution-video.htm,"2017-07-26 05:31:03.0",http://www.darwins-theory-of-evolution.com.waps.io/,68808,24145,0
33650194,http://www.darwins-theory-of-evolution.com.waps.io/,"2017-07-26 05:32:13.0",http://searchwell.l3s.uni-hannover.de/en/search.jsf?query=theory of evolution,35326,12033,1
29742803,http://searchwell.l3s.uni-hannover.de/?uid=29742803,"2017-07-26 06:21:01.0",http://gadirajuweb.l3s.uni-hannover.de/SearchWell/Evolution/evolution_task.php?userID=29742803,47652,9733,0
29742803,http://searchwell.l3s.uni-hannover.de/en/search.jsf?query=Evolution,"2017-07-26 06:21:53.0",http://searchwell.l3s.uni-hannover.de/?uid=29742803,365891,37218,0
29742803,http://www.darwins-theory-of-evolution.com.waps.io/,"2017-07-26 06:23:39.0",http://searchwell.l3s.uni-hannover.de/en/search.jsf?query=Evolution,132035,87546,1
29742803,http://searchwell.l3s.uni-hannover.de/en/search.jsf?query=Evolution implies that individual organisms can evolve during a single lifespan.,"2017-07-26 06:28:02.0",http://searchwell.l3s.uni-hannover.de/en/search.jsf?query=Evolution,51801,11188,0
29742803,http://searchwell.l3s.uni-hannover.de/en/search.jsf?query=Modern synthesis is connecting natural selection%2C mutation theory%2C and Mendelian inheritance into a ,"2017-07-26 06:28:55.0",http://searchwell.l3s.uni-hannover.de/en/search.jsf?query=Evolution implies that individual organisms can evolve during a single lifespan.,41469,15610,0
29742803,http://searchwell.l3s.uni-hannover.de/en/search.jsf?query=The modern understanding of evolution began with the publication of Charles Darwin%27s %22On the Origin ,"2017-07-26 06:29:39.0",http://searchwell.l3s.uni-hannover.de/en/search.jsf?query=Modern synthesis is connecting natural selection%2C mutation theory%2C and Mendelian inheritance into a ,81767,12475,0
36201092,http://searchwell.l3s.uni-hannover.de/?uid=36201092,"2017-07-26 05:50:01.0",http://gadirajuweb.l3s.uni-hannover.de/SearchWell/Evolution/evolution_task.php?userID=36201092,21478,4790,0
36201092,http://searchwell.l3s.uni-hannover.de/en/search.jsf?query=theory of evolution,"2017-07-26 05:50:25.0",http://searchwell.l3s.uni-hannover.de/?uid=36201092,11258,3776,0
36201092,http://www.livescience.com.secure.waps.io/474-controversy-evolution-works.html,"2017-07-26 05:50:32.0",http://searchwell.l3s.uni-hannover.de/en/search.jsf?query=theory of evolution,3268,1581,1
36201092,http://searchwell.l3s.uni-hannover.de/?uid=36201092,"2017-07-26 05:50:37.0",http://gadirajuweb.l3s.uni-hannover.de/SearchWell/Evolution/evolution_task.php?userID=36201092,1508,47,0
36201092,http://searchwell.l3s.uni-hannover.de/en/search.jsf?query=theory of evolution,"2017-07-26 05:50:39.0",http://searchwell.l3s.uni-hannover.de/?uid=36201092,1920,1779,1
36201092,http://www.darwins-theory-of-evolution.com.waps.io/,"2017-07-26 05:50:44.0",http://searchwell.l3s.uni-hannover.de/en/search.jsf?query=theory of evolution,40551,17902,1
36201092,http://www.darwins-theory-of-evolution.com.waps.io/,"2017-07-26 05:57:47.0",http://searchwell.l3s.uni-hannover.de/en/search.jsf?query=theory of evolution,0,0,1
36201092,http://searchwell.l3s.uni-hannover.de/en/search.jsf?query=theory of evolution,"2017-07-26 05:57:51.0",http://searchwell.l3s.uni-hannover.de/?uid=36201092,3463,3311,1
36201092,http://searchwell.l3s.uni-hannover.de/?uid=36201092,"2017-07-26 06:01:47.0",http://gadirajuweb.l3s.uni-hannover.de/SearchWell/NASA/nasa_task.php?userID=36201092,8028,3042,0
36201092,http://searchwell.l3s.uni-hannover.de/en/search.jsf?query=past%2C present%2C and possible future of interplanetary missions that are planned by the NASA,"2017-07-26 06:01:59.0",http://searchwell.l3s.uni-hannover.de/?uid=36201092,810289,12264,0
36201092,http://www.nasa.gov.secure.waps.io/missions/,"2017-07-26 06:02:20.0",http://searchwell.l3s.uni-hannover.de/en/search.jsf?query=past%2C present%2C and possible future of interplanetary missions that are planned by the NASA,26000,6366,0
36201092,http://jpl.nasa.gov.secure.waps.io/missions/,"2017-07-26 06:03:04.0",http://searchwell.l3s.uni-hannover.de/en/search.jsf?query=past%2C present%2C and possible future of interplanetary missions that are planned by the NASA,0,0,1
36201092,http://searchwell.l3s.uni-hannover.de/?uid=36201092,"2017-07-26 06:20:15.0",http://gadirajuweb.l3s.uni-hannover.de/SearchWell/Evolution/evolution_task.php?userID=36201092,3519,3420,0
36201092,http://searchwell.l3s.uni-hannover.de/en/search.jsf?query=past%2C present%2C and possible future of interplanetary missions that are planned by the NASA,"2017-07-26 06:20:20.0",http://searchwell.l3s.uni-hannover.de/?uid=36201092,2725,1951,0
36201092,http://searchwell.l3s.uni-hannover.de/?uid=36201092,"2017-07-26 06:20:24.0",http://gadirajuweb.l3s.uni-hannover.de/SearchWell/Evolution/evolution_task.php?userID=36201092,15561,7277,0
36201092,http://searchwell.l3s.uni-hannover.de/en/search.jsf?query=teor%C3%ADa de la evoluci%C3%B3n,"2017-07-26 06:20:41.0",http://searchwell.l3s.uni-hannover.de/?uid=36201092,939611,41068,0
36201092,http://es.wikipedia.org.secure.waps.io/wiki/Evoluci%C3%B3n_biol%C3%B3gica,"2017-07-26 06:21:02.0",http://searchwell.l3s.uni-hannover.de/en/search.jsf?query=teor%C3%ADa de la evoluci%C3%B3n,792285,17595,0
36201092,http://answers.yahoo.com.secure.waps.io/question/index?qid=20090926044121AAdpmEt,"2017-07-26 06:35:58.0",http://searchwell.l3s.uni-hannover.de/en/search.jsf?query=teor%C3%ADa de la evoluci%C3%B3n,44789,10587,1
36201092,http://searchwell.l3s.uni-hannover.de/?uid=36201092,"2017-07-26 06:36:26.0",http://gadirajuweb.l3s.uni-hannover.de/SearchWell/Evolution/evolution_task.php?userID=36201092,5130,4478,0
36201092,http://searchwell.l3s.uni-hannover.de/en/search.jsf?query=theory of evolution,"2017-07-26 06:36:32.0",http://searchwell.l3s.uni-hannover.de/?uid=36201092,451654,13123,0
36201092,http://www.conservapedia.com.waps.io/Evolution,"2017-07-26 06:37:17.0",http://searchwell.l3s.uni-hannover.de/en/search.jsf?query=theory of evolution,0,0,1
34122533,http://searchwell.l3s.uni-hannover.de/?uid=34122533,"2017-07-26 05:25:27.0",http://gadirajuweb.l3s.uni-hannover.de/SearchWell/Evolution/evolution_task.php?userID=34122533,35284,13566,0
34122533,http://searchwell.l3s.uni-hannover.de/en/search.jsf?query=teoria de la evolucion,"2017-07-26 05:26:09.0",http://searchwell.l3s.uni-hannover.de/?uid=34122533,43078,8953,0
34122533,http://es.wikipedia.org.secure.waps.io/wiki/Evoluci%C3%B3n_biol%C3%B3gica,"2017-07-26 05:26:36.0",http://searchwell.l3s.uni-hannover.de/en/search.jsf?query=teoria de la evolucion,213255,18118,1
34122533,http://searchwell.l3s.uni-hannover.de/?uid=34122533,"2017-07-26 05:26:53.0",http://gadirajuweb.l3s.uni-hannover.de/SearchWell/Evolution/evolution_task.php?userID=34122533,9493,7345,0
41027547,http://searchwell.l3s.uni-hannover.de/?uid=41027547,"2017-07-26 05:37:30.0",http://gadirajuweb.l3s.uni-hannover.de/SearchWell/Evolution/evolution_task.php?userID=41027547,195171,2998,0
41027547,http://searchwell.l3s.uni-hannover.de/?uid=41027547,"2017-07-26 05:39:11.0",http://gadirajuweb.l3s.uni-hannover.de/SearchWell/Evolution/evolution_task.php?userID=41027547,20039,3948,0
41027547,http://searchwell.l3s.uni-hannover.de/en/search.jsf?query=theory of evolution,"2017-07-26 05:40:11.0",http://searchwell.l3s.uni-hannover.de/?uid=41027547,334052,3943,0
41742907,http://searchwell.l3s.uni-hannover.de/?uid=41742907,"2017-07-26 05:27:53.0",http://gadirajuweb.l3s.uni-hannover.de/SearchWell/Evolution/evolution_task.php?userID=41742907,8553,8483,0
41742907,http://searchwell.l3s.uni-hannover.de/?uid=41742907,"2017-07-26 05:28:55.0",http://gadirajuweb.l3s.uni-hannover.de/SearchWell/Evolution/evolution_task.php?userID=41742907,93386,15954,0
41742907,http://searchwell.l3s.uni-hannover.de/en/search.jsf?query=tesla,"2017-07-26 05:30:30.0",http://searchwell.l3s.uni-hannover.de/?uid=41742907,7444,7270,0
41742907,http://searchwell.l3s.uni-hannover.de/en/search.jsf?query=tesla motors,"2017-07-26 05:30:39.0",http://searchwell.l3s.uni-hannover.de/en/search.jsf?query=tesla,372819,21041,0
41742907,http://www.tesla.com.secure.waps.io/,"2017-07-26 05:30:49.0",http://searchwell.l3s.uni-hannover.de/en/search.jsf?query=tesla motors,47241,16975,0
41742907,http://searchwell.l3s.uni-hannover.de/?uid=41742907,"2017-07-26 05:41:03.0",http://gadirajuweb.l3s.uni-hannover.de/SearchWell/Evolution/evolution_task.php?userID=41742907,56820,8772,0
41742907,http://searchwell.l3s.uni-hannover.de/?uid=41742907,"2017-07-26 05:47:49.0",http://gadirajuweb.l3s.uni-hannover.de/SearchWell/Evolution/evolution_task.php?userID=41742907,83848,23485,0
41742907,http://searchwell.l3s.uni-hannover.de/en/search.jsf?query=story of evolution,"2017-07-26 05:49:15.0",http://searchwell.l3s.uni-hannover.de/?uid=41742907,502868,32742,0
41742907,http://storyofevolution.com.waps.io/,"2017-07-26 05:49:25.0",http://searchwell.l3s.uni-hannover.de/en/search.jsf?query=story of evolution,582577,89291,0
36675302,http://searchwell.l3s.uni-hannover.de/?uid=36675302,"2017-07-26 05:29:49.0",http://gadirajuweb.l3s.uni-hannover.de/SearchWell/Evolution/evolution_task.php?userID=36675302,18736,12335,0
36675302,http://searchwell.l3s.uni-hannover.de/en/search.jsf?query=theory of evolution,"2017-07-26 05:30:10.0",http://searchwell.l3s.uni-hannover.de/?uid=36675302,329942,32728,0
36675302,http://www.livescience.com.secure.waps.io/474-controversy-evolution-works.html,"2017-07-26 05:30:20.0",http://searchwell.l3s.uni-hannover.de/en/search.jsf?query=theory of evolution,2056,0,0
36675302,http://www.darwins-theory-of-evolution.com.waps.io/,"2017-07-26 05:30:25.0",http://searchwell.l3s.uni-hannover.de/en/search.jsf?query=theory of evolution,163393,22623,0
36675302,http://www.ucmp.berkeley.edu.waps.io/history/evotheory.html,"2017-07-26 05:34:09.0",http://searchwell.l3s.uni-hannover.de/en/search.jsf?query=theory of evolution,24903,17665,0
43530879,http://searchwell.l3s.uni-hannover.de/?uid=43530879,"2017-07-26 05:20:23.0",http://gadirajuweb.l3s.uni-hannover.de/SearchWell/Evolution/evolution_task.php?userID=43530879,7392,2039,0
43530879,http://searchwell.l3s.uni-hannover.de/en/search.jsf?query=%27theory of evolution,"2017-07-26 05:20:31.0",http://searchwell.l3s.uni-hannover.de/?uid=43530879,1194047,20507,0
43530879,http://www.livescience.com.secure.waps.io/474-controversy-evolution-works.html,"2017-07-26 05:34:11.0",http://searchwell.l3s.uni-hannover.de/en/search.jsf?query=%27theory of evolution,84001,2234,0
43530879,http://en.wikipedia.org.secure.waps.io/wiki/Evolution,"2017-07-26 05:38:29.0",http://searchwell.l3s.uni-hannover.de/en/search.jsf?query=%27theory of evolution,50051,7137,1
42607909,http://searchwell.l3s.uni-hannover.de/?uid=42607909,"2017-07-26 05:18:04.0",http://gadirajuweb.l3s.uni-hannover.de/SearchWell/Evolution/evolution_task.php?userID=42607909,1698,1635,0
42607909,http://searchwell.l3s.uni-hannover.de/en/search.jsf?query=theory of evolution,"2017-07-26 05:18:07.0",http://searchwell.l3s.uni-hannover.de/?uid=42607909,23120,4796,0
42607909,http://www.livescience.com.secure.waps.io/474-controversy-evolution-works.html,"2017-07-26 05:18:32.0",http://searchwell.l3s.uni-hannover.de/en/search.jsf?query=theory of evolution,0,0,1
42607909,http://searchwell.l3s.uni-hannover.de/?uid=42607909,"2017-07-26 05:19:19.0",http://gadirajuweb.l3s.uni-hannover.de/SearchWell/Evolution/evolution_task.php?userID=42607909,243473,852,0
42082819,http://searchwell.l3s.uni-hannover.de/?uid=42082819,"2017-07-26 05:50:43.0",http://gadirajuweb.l3s.uni-hannover.de/SearchWell/Evolution/evolution_task.php?userID=42082819,17366,8619,0
42082819,http://searchwell.l3s.uni-hannover.de/en/search.jsf?query=teoria de la evolucion,"2017-07-26 05:51:04.0",http://searchwell.l3s.uni-hannover.de/?uid=42082819,152632,6163,0
42082819,http://es.wikipedia.org.secure.waps.io/wiki/Evoluci%C3%B3n_biol%C3%B3gica,"2017-07-26 05:51:43.0",http://searchwell.l3s.uni-hannover.de/en/search.jsf?query=teoria de la evolucion,107015,38239,1
43588858,http://searchwell.l3s.uni-hannover.de/?uid=43588858,"2017-07-26 05:46:48.0",http://gadirajuweb.l3s.uni-hannover.de/SearchWell/Evolution/evolution_task.php?userID=43588858,23856,17390,0
43588858,http://searchwell.l3s.uni-hannover.de/en/search.jsf?query=search well,"2017-07-26 05:47:13.0",http://searchwell.l3s.uni-hannover.de/?uid=43588858,240487,51025,0
43588858,http://public.dep.state.ma.us.waps.io/searchwell/,"2017-07-26 05:47:33.0",http://searchwell.l3s.uni-hannover.de/en/search.jsf?query=search well,4817,2346,0
43588858,http://en.wikipedia.org.secure.waps.io/wiki/Search_Well,"2017-07-26 05:47:44.0",http://searchwell.l3s.uni-hannover.de/en/search.jsf?query=search well,19494,19454,0
43588858,http://www.search-well.com.au.waps.io/,"2017-07-26 05:48:13.0",http://searchwell.l3s.uni-hannover.de/en/search.jsf?query=search well,6117,5304,0
43588858,http://www.mass.gov.waps.io/eea/agencies/massdep/water/drinking/well-driller-program-searchwell.html,"2017-07-26 05:49:19.0",http://searchwell.l3s.uni-hannover.de/en/search.jsf?query=search well,67975,67873,1
43588858,http://searchwell.l3s.uni-hannover.de/en/search.jsf?query=theory of evolution pdf,"2017-07-26 05:51:12.0",http://searchwell.l3s.uni-hannover.de/en/search.jsf?query=search well,78509,9713,0
34464644,http://searchwell.l3s.uni-hannover.de/?uid=34464644,"2017-07-26 05:57:28.0",http://gadirajuweb.l3s.uni-hannover.de/SearchWell/Evolution/evolution_task.php?userID=34464644,25806,11883,0
34464644,http://searchwell.l3s.uni-hannover.de/en/search.jsf?query=theory of evolution summary,"2017-07-26 05:58:02.0",http://searchwell.l3s.uni-hannover.de/?uid=34464644,476293,26702,0
34464644,http://www.pbs.org.secure.waps.io/wgbh/evolution/educators/course/session2/explain_c_pop2.html,"2017-07-26 05:58:11.0",http://searchwell.l3s.uni-hannover.de/en/search.jsf?query=theory of evolution summary,394698,14214,1
34464644,http://www.darwins-theory-of-evolution.com.waps.io/,"2017-07-26 05:59:13.0",http://searchwell.l3s.uni-hannover.de/en/search.jsf?query=theory of evolution summary,407840,40587,0
42083792,http://searchwell.l3s.uni-hannover.de/?uid=42083792,"2017-07-26 05:24:18.0",http://gadirajuweb.l3s.uni-hannover.de/SearchWell/Evolution/evolution_task.php?userID=42083792,135640,26812,0
42083792,http://searchwell.l3s.uni-hannover.de/en/search.jsf?query=charles darwin teoria de la evolucion,"2017-07-26 05:26:33.0",http://searchwell.l3s.uni-hannover.de/?uid=42083792,79281,9826,0
42083792,http://historiaybiografias.com.secure.waps.io/teoria_evolucion/,"2017-07-26 05:26:58.0",http://searchwell.l3s.uni-hannover.de/en/search.jsf?query=charles darwin teoria de la evolucion,132130,35448,1
39419416,http://searchwell.l3s.uni-hannover.de/?uid=39419416,"2017-07-26 05:28:41.0",http://gadirajuweb.l3s.uni-hannover.de/SearchWell/Evolution/evolution_task.php?userID=39419416,15391,4065,0
39419416,http://searchwell.l3s.uni-hannover.de/en/search.jsf?query=theory of evolution,"2017-07-26 05:29:26.0",http://searchwell.l3s.uni-hannover.de/?uid=39419416,786888,65303,0
39419416,http://en.wikipedia.org.secure.waps.io/wiki/Evolution,"2017-07-26 05:30:32.0",http://searchwell.l3s.uni-hannover.de/en/search.jsf?query=theory of evolution,727511,34257,0
43661460,http://searchwell.l3s.uni-hannover.de/?uid=43661460,"2017-07-26 05:23:06.0",http://gadirajuweb.l3s.uni-hannover.de/SearchWell/Evolution/evolution_task.php?userID=43661460,21997,5388,0
43661460,http://searchwell.l3s.uni-hannover.de/en/search.jsf?query=teoria de la evolucion,"2017-07-26 05:24:07.0",http://searchwell.l3s.uni-hannover.de/?uid=43661460,280446,4048,0
43055814,http://searchwell.l3s.uni-hannover.de/?uid=43055814,"2017-07-26 05:31:03.0",http://gadirajuweb.l3s.uni-hannover.de/SearchWell/Evolution/evolution_task.php?userID=43055814,14734,5562,0
43055814,http://searchwell.l3s.uni-hannover.de/en/search.jsf?query=theory of evolution,"2017-07-26 05:31:30.0",http://searchwell.l3s.uni-hannover.de/?uid=43055814,559778,49654,0
43055814,http://www.darwins-theory-of-evolution.com.waps.io/,"2017-07-26 05:33:26.0",http://searchwell.l3s.uni-hannover.de/en/search.jsf?query=theory of evolution,446604,46838,1
43055814,http://en.wikipedia.org.secure.waps.io/wiki/Evolution,"2017-07-26 05:34:09.0",http://searchwell.l3s.uni-hannover.de/en/search.jsf?query=theory of evolution,402214,22183,0
43055814,http://www.ucmp.berkeley.edu.waps.io/history/evotheory.html,"2017-07-26 05:34:14.0",http://searchwell.l3s.uni-hannover.de/en/search.jsf?query=theory of evolution,217053,4403,1
43055814,http://www.britannica.com.secure.waps.io/science/evolution-scientific-theory,"2017-07-26 05:34:24.0",http://searchwell.l3s.uni-hannover.de/en/search.jsf?query=theory of evolution,286253,66475,1
42647816,http://searchwell.l3s.uni-hannover.de/?uid=42647816,"2017-07-26 05:13:18.0",http://gadirajuweb.l3s.uni-hannover.de/SearchWell/Evolution/evolution_task.php?userID=42647816,84745,9634,1
42647816,http://searchwell.l3s.uni-hannover.de/?uid=42647816,"2017-07-26 06:05:30.0",http://gadirajuweb.l3s.uni-hannover.de/SearchWell/NASA/nasa_task.php?userID=42647816,202195,8847,0
42647816,http://searchwell.l3s.uni-hannover.de/?uid=42647816,"2017-07-26 06:08:56.0",http://gadirajuweb.l3s.uni-hannover.de/SearchWell/NASA/nasa_task.php?userID=42647816,17323,5140,0
42647816,http://searchwell.l3s.uni-hannover.de/en/search.jsf?query=hey,"2017-07-26 06:09:15.0",http://searchwell.l3s.uni-hannover.de/?uid=42647816,253219,2577,0
42647816,http://searchwell.l3s.uni-hannover.de/?uid=42647816,"2017-07-26 06:10:13.0",http://gadirajuweb.l3s.uni-hannover.de/SearchWell/NASA/nasa_task.php?userID=42647816,194491,1768,0
42647816,http://en.wikipedia.org.secure.waps.io/wiki/Hey,"2017-07-26 06:10:59.0",http://searchwell.l3s.uni-hannover.de/en/search.jsf?query=hey,0,0,1
42647816,http://searchwell.l3s.uni-hannover.de/?uid=42647816,"2017-07-26 06:12:07.0",http://gadirajuweb.l3s.uni-hannover.de/SearchWell/NASA/nasa_task.php?userID=42647816,79227,562,0
42647816,http://searchwell.l3s.uni-hannover.de/?uid=42647816,"2017-07-26 06:12:09.0",http://gadirajuweb.l3s.uni-hannover.de/SearchWell/NASA/nasa_task.php?userID=42647816,76562,1700,0
42647816,http://searchwell.l3s.uni-hannover.de/?uid=42647816,"2017-07-26 06:12:47.0",http://gadirajuweb.l3s.uni-hannover.de/SearchWell/NASA/nasa_task.php?userID=42647816,37191,4407,0
42647816,http://searchwell.l3s.uni-hannover.de/?uid=42647816,"2017-07-26 06:13:01.0",http://gadirajuweb.l3s.uni-hannover.de/SearchWell/NASA/nasa_task.php?userID=42647816,3374,2775,0
42647816,http://searchwell.l3s.uni-hannover.de/en/search.jsf?query=lol,"2017-07-26 06:13:06.0",http://searchwell.l3s.uni-hannover.de/?uid=42647816,16962,8633,0
42647816,http://searchwell.l3s.uni-hannover.de/?uid=42647816,"2017-07-26 06:13:35.0",http://gadirajuweb.l3s.uni-hannover.de/SearchWell/NASA/nasa_task.php?userID=42647816,92865,3737,0
42647816,http://searchwell.l3s.uni-hannover.de/?uid=42647816,"2017-07-26 06:14:23.0",http://gadirajuweb.l3s.uni-hannover.de/SearchWell/Evolution/evolution_task.php?userID=42647816,20262,9746,0
42647816,http://searchwell.l3s.uni-hannover.de/en/search.jsf?query=theory of evolution,"2017-07-26 06:14:44.0",http://searchwell.l3s.uni-hannover.de/?uid=42647816,375410,9028,0
42647816,http://searchwell.l3s.uni-hannover.de/en/search.jsf?query=past%2C present%2C and possible future of interplanetary missions that are planned by the NASA,"2017-07-26 06:15:09.0",http://searchwell.l3s.uni-hannover.de/?uid=42647816,343558,25649,0
42647816,http://www.livescience.com.secure.waps.io/474-controversy-evolution-works.html,"2017-07-26 06:15:27.0",http://searchwell.l3s.uni-hannover.de/en/search.jsf?query=theory of evolution,0,0,1
42647816,http://searchwell.l3s.uni-hannover.de/?uid=42647816,"2017-07-26 06:17:55.0",http://gadirajuweb.l3s.uni-hannover.de/SearchWell/NASA/nasa_task.php?userID=42647816,176591,0,0
42647816,http://searchwell.l3s.uni-hannover.de/?uid=42647816,"2017-07-26 06:17:57.0",http://gadirajuweb.l3s.uni-hannover.de/SearchWell/Evolution/evolution_task.php?userID=42647816,181077,6758,0
15439343,http://searchwell.l3s.uni-hannover.de/?uid=15439343,"2017-07-26 05:17:59.0",http://gadirajuweb.l3s.uni-hannover.de/SearchWell/Evolution/evolution_task.php?userID=15439343,27908,9937,0
15439343,http://searchwell.l3s.uni-hannover.de/en/search.jsf?query=turkey evolution,"2017-07-26 05:18:45.0",http://searchwell.l3s.uni-hannover.de/?uid=15439343,11175,10528,0
15439343,http://searchwell.l3s.uni-hannover.de/en/search.jsf?query=what is evolutin,"2017-07-26 05:18:58.0",http://searchwell.l3s.uni-hannover.de/en/search.jsf?query=turkey evolution,562025,14609,0
15439343,http://en.wikipedia.org.secure.waps.io/wiki/Evolution,"2017-07-26 05:19:18.0",http://searchwell.l3s.uni-hannover.de/en/search.jsf?query=what is evolutin,491580,45340,0
42808713,http://searchwell.l3s.uni-hannover.de/?uid=42808713,"2017-07-26 05:31:31.0",http://gadirajuweb.l3s.uni-hannover.de/SearchWell/Evolution/evolution_task.php?userID=42808713,13238,11692,0
42808713,http://searchwell.l3s.uni-hannover.de/en/search.jsf?query=teoria de la evolucion,"2017-07-26 05:31:59.0",http://searchwell.l3s.uni-hannover.de/?uid=42808713,635484,20361,0
42808713,http://historiaybiografias.com.secure.waps.io/teoria_evolucion/,"2017-07-26 05:33:42.0",http://searchwell.l3s.uni-hannover.de/en/search.jsf?query=teoria de la evolucion,535423,1575,0
42808713,http://www.allaboutscience.org.waps.io/spanish/teoria-de-la-evolucion-de-darwin.htm,"2017-07-26 05:34:10.0",http://searchwell.l3s.uni-hannover.de/en/search.jsf?query=teoria de la evolucion,418733,34998,1
42808713,http://lareserva.com.waps.io/home/teoria_evolucion,"2017-07-26 05:38:34.0",http://searchwell.l3s.uni-hannover.de/en/search.jsf?query=teoria de la evolucion,0,0,1
7232683,http://searchwell.l3s.uni-hannover.de/?uid=7232683,"2017-07-26 06:04:10.0",http://gadirajuweb.l3s.uni-hannover.de/SearchWell/Evolution/evolution_task.php?userID=7232683,35556,17063,0
7232683,http://searchwell.l3s.uni-hannover.de/en/search.jsf?query=evolution specs,"2017-07-26 06:04:49.0",http://searchwell.l3s.uni-hannover.de/?uid=7232683,53448,45171,0
7232683,http://searchwell.l3s.uni-hannover.de/en/search.jsf?query=people evolution during time,"2017-07-26 06:05:45.0",http://searchwell.l3s.uni-hannover.de/en/search.jsf?query=evolution specs,27703,2797,0
7232683,http://searchwell.l3s.uni-hannover.de/en/search.jsf?query=people evolution during time,"2017-07-26 06:06:14.0",http://searchwell.l3s.uni-hannover.de/en/search.jsf?query=people evolution during time,209168,77613,0
7232683,http://en.wikipedia.org.secure.waps.io/wiki/Timeline_of_the_evolutionary_history_of_life,"2017-07-26 06:07:01.0",http://searchwell.l3s.uni-hannover.de/en/search.jsf?query=people evolution during time,41819,41281,0
7232683,http://searchwell.l3s.uni-hannover.de/en/search.jsf?query=people evolution best books,"2017-07-26 06:09:46.0",http://searchwell.l3s.uni-hannover.de/en/search.jsf?query=people evolution during time,158080,6203,0
7232683,http://darwiniana.org.waps.io/books.htm,"2017-07-26 06:10:49.0",http://searchwell.l3s.uni-hannover.de/en/search.jsf?query=people evolution best books,0,0,1
43125608,http://searchwell.l3s.uni-hannover.de/?uid=43125608,"2017-07-26 06:48:58.0",http://gadirajuweb.l3s.uni-hannover.de/SearchWell/Evolution/evolution_task.php?userID=43125608,11050,10692,0
43125608,http://searchwell.l3s.uni-hannover.de/en/search.jsf?query=evrim teorisi,"2017-07-26 06:49:11.0",http://searchwell.l3s.uni-hannover.de/?uid=43125608,413996,43621,0
43125608,http://evrimteorisi.com.waps.io/,"2017-07-26 06:50:23.0",http://searchwell.l3s.uni-hannover.de/en/search.jsf?query=evrim teorisi,174583,40199,0
43125608,http://kozmopolitaydinlar.wordpress.com.secure.waps.io/2011/05/09/evrim-teorisi-nedir-3/,"2017-07-26 06:53:26.0",http://searchwell.l3s.uni-hannover.de/en/search.jsf?query=evrim teorisi,158486,36141,1
35902657,http://searchwell.l3s.uni-hannover.de/?uid=35902657,"2017-07-26 05:16:11.0",http://gadirajuweb.l3s.uni-hannover.de/SearchWell/Evolution/evolution_task.php?userID=35902657,0,0,1
35902657,http://searchwell.l3s.uni-hannover.de/?uid=35902657,"2017-07-26 05:16:33.0",http://gadirajuweb.l3s.uni-hannover.de/SearchWell/Evolution/evolution_task.php?userID=35902657,0,0,1
35902657,http://searchwell.l3s.uni-hannover.de/?uid=35902657,"2017-07-26 05:17:03.0",http://gadirajuweb.l3s.uni-hannover.de/SearchWell/Evolution/evolution_task.php?userID=35902657,7820,156,1
35902657,http://searchwell.l3s.uni-hannover.de/en/search.jsf?query=%D1%82%D0%B5%D0%BE%D1%80%D0%B8%D0%B8 %D1%8D%D0%B2%D0%BE%D0%BB%D1%8E%D1%86%D0%B8%D0%B8,"2017-07-26 05:17:15.0",http://searchwell.l3s.uni-hannover.de/?uid=35902657,24692,18171,1
35902657,http://searchwell.l3s.uni-hannover.de/?uid=35902657,"2017-07-26 05:17:42.0",http://gadirajuweb.l3s.uni-hannover.de/SearchWell/Evolution/evolution_task.php?userID=35902657,0,0,1
35902657,http://searchwell.l3s.uni-hannover.de/en/search.jsf?query=%D1%82%D0%B5%D0%BE%D1%80%D0%B8%D0%B8 %D1%8D%D0%B2%D0%BE%D0%BB%D1%8E%D1%86%D0%B8%D0%B8,"2017-07-26 05:17:51.0",http://searchwell.l3s.uni-hannover.de/?uid=35902657,673735,48708,1
35902657,http://evolution.powernet.ru.waps.io/,"2017-07-26 05:18:08.0",http://searchwell.l3s.uni-hannover.de/en/search.jsf?query=%D1%82%D0%B5%D0%BE%D1%80%D0%B8%D0%B8 %D1%8D%D0%B2%D0%BE%D0%BB%D1%8E%D1%86%D0%B8%D0%B8,18047,14838,1
35902657,http://evoldar.com.waps.io/evo03.htm,"2017-07-26 05:18:33.0",http://searchwell.l3s.uni-hannover.de/en/search.jsf?query=%D1%82%D0%B5%D0%BE%D1%80%D0%B8%D0%B8 %D1%8D%D0%B2%D0%BE%D0%BB%D1%8E%D1%86%D0%B8%D0%B8,96832,59920,1
35902657,http://ru.wikipedia.org.secure.waps.io/wiki/%D0%A1%D0%B8%D0%BD%D1%82%D0%B5%D1%82%D0%B8%D1%87%D0%B5%D1%81%D0%BA%D0%B0%D1%8F_%D1%82%D0%B5%D0%BE%D1%80%D0%B8%D1%8F_%D1%8D%D0%B2%D0%BE%D0%BB%D1%8E%D1%86%D0%B8%D0%B8,"2017-07-26 05:21:40.0",http://searchwell.l3s.uni-hannover.de/en/search.jsf?query=%D1%82%D0%B5%D0%BE%D1%80%D0%B8%D0%B8 %D1%8D%D0%B2%D0%BE%D0%BB%D1%8E%D1%86%D0%B8%D0%B8,132086,29770,1
35902657,http://ru.wikipedia.org.secure.waps.io/wiki/%D0%AD%D0%B2%D0%BE%D0%BB%D1%8E%D1%86%D0%B8%D0%BE%D0%BD%D0%BD%D0%BE%D0%B5_%D1%83%D1%87%D0%B5%D0%BD%D0%B8%D0%B5,"2017-07-26 05:21:40.0",http://searchwell.l3s.uni-hannover.de/en/search.jsf?query=%D1%82%D0%B5%D0%BE%D1%80%D0%B8%D0%B8 %D1%8D%D0%B2%D0%BE%D0%BB%D1%8E%D1%86%D0%B8%D0%B8,507085,64741,1
35902657,http://nauka.jofo.me.waps.io/684687.html,"2017-07-26 05:21:56.0",http://searchwell.l3s.uni-hannover.de/en/search.jsf?query=%D1%82%D0%B5%D0%BE%D1%80%D0%B8%D0%B8 %D1%8D%D0%B2%D0%BE%D0%BB%D1%8E%D1%86%D0%B8%D0%B8,70246,0,1
35902657,http://ru.wikipedia.org.secure.waps.io/wiki/%D0%A1%D0%B8%D0%BD%D1%82%D0%B5%D1%82%D0%B8%D1%87%D0%B5%D1%81%D0%BA%D0%B0%D1%8F_%D1%82%D0%B5%D0%BE%D1%80%D0%B8%D1%8F_%D1%8D%D0%B2%D0%BE%D0%BB%D1%8E%D1%86%D0%B8%D0%B8,"2017-07-26 05:25:28.0",http://searchwell.l3s.uni-hannover.de/en/search.jsf?query=%D1%82%D0%B5%D0%BE%D1%80%D0%B8%D0%B8 %D1%8D%D0%B2%D0%BE%D0%BB%D1%8E%D1%86%D0%B8%D0%B8,283701,108641,1
35902657,http://www.youtube.com.secure.waps.io/watch?v=BfZjublouI0,"2017-07-26 05:30:03.0",http://searchwell.l3s.uni-hannover.de/en/search.jsf?query=%D1%82%D0%B5%D0%BE%D1%80%D0%B8%D0%B8 %D1%8D%D0%B2%D0%BE%D0%BB%D1%8E%D1%86%D0%B8%D0%B8,0,0,1
35902657,http://searchwell.l3s.uni-hannover.de/?uid=35902657,"2017-07-26 05:32:17.0",http://gadirajuweb.l3s.uni-hannover.de/SearchWell/Evolution/evolution_task.php?userID=35902657,0,0,1
35902657,http://searchwell.l3s.uni-hannover.de/en/search.jsf?query=%D1%82%D0%B5%D0%BE%D1%80%D0%B8%D0%B8 %D1%8D%D0%B2%D0%BE%D0%BB%D1%8E%D1%86%D0%B8%D0%B8,"2017-07-26 05:32:21.0",http://searchwell.l3s.uni-hannover.de/?uid=35902657,2369,0,1
35902657,http://searchwell.l3s.uni-hannover.de/?uid=35902657,"2017-07-26 05:33:25.0",http://gadirajuweb.l3s.uni-hannover.de/SearchWell/Evolution/evolution_task.php?userID=35902657,0,0,1
35902657,http://searchwell.l3s.uni-hannover.de/?uid=35902657,"2017-07-26 05:34:27.0",http://gadirajuweb.l3s.uni-hannover.de/SearchWell/Evolution/evolution_task.php?userID=35902657,0,0,1
35902657,http://searchwell.l3s.uni-hannover.de/?uid=35902657,"2017-07-26 05:50:27.0",http://gadirajuweb.l3s.uni-hannover.de/SearchWell/Evolution/evolution_task.php?userID=35902657,0,0,1
35902657,http://searchwell.l3s.uni-hannover.de/en/search.jsf?query=%D1%82%D0%B5%D0%BE%D1%80%D0%B8%D0%B8 %D1%8D%D0%B2%D0%BE%D0%BB%D1%8E%D1%86%D0%B8%D0%B8,"2017-07-26 05:50:33.0",http://searchwell.l3s.uni-hannover.de/?uid=35902657,733127,16072,1
35902657,http://ru.wikipedia.org.secure.waps.io/wiki/%D0%AD%D0%B2%D0%BE%D0%BB%D1%8E%D1%86%D0%B8%D0%BE%D0%BD%D0%BD%D0%BE%D0%B5_%D1%83%D1%87%D0%B5%D0%BD%D0%B8%D0%B5,"2017-07-26 05:50:41.0",http://searchwell.l3s.uni-hannover.de/en/search.jsf?query=%D1%82%D0%B5%D0%BE%D1%80%D0%B8%D0%B8 %D1%8D%D0%B2%D0%BE%D0%BB%D1%8E%D1%86%D0%B8%D0%B8,3350,0,1
35902657,http://nauka.jofo.me.waps.io/684687.html,"2017-07-26 05:50:49.0",http://searchwell.l3s.uni-hannover.de/en/search.jsf?query=%D1%82%D0%B5%D0%BE%D1%80%D0%B8%D0%B8 %D1%8D%D0%B2%D0%BE%D0%BB%D1%8E%D1%86%D0%B8%D0%B8,0,0,1
35902657,http://evoldar.com.waps.io/evo03.htm,"2017-07-26 05:50:59.0",http://searchwell.l3s.uni-hannover.de/en/search.jsf?query=%D1%82%D0%B5%D0%BE%D1%80%D0%B8%D0%B8 %D1%8D%D0%B2%D0%BE%D0%BB%D1%8E%D1%86%D0%B8%D0%B8,3608,0,1
35902657,http://evolution.powernet.ru.waps.io/,"2017-07-26 05:51:07.0",http://searchwell.l3s.uni-hannover.de/en/search.jsf?query=%D1%82%D0%B5%D0%BE%D1%80%D0%B8%D0%B8 %D1%8D%D0%B2%D0%BE%D0%BB%D1%8E%D1%86%D0%B8%D0%B8,11681,0,1
35902657,http://searchwell.l3s.uni-hannover.de/?uid=35902657,"2017-07-26 05:51:36.0",http://gadirajuweb.l3s.uni-hannover.de/SearchWell/Evolution/evolution_task.php?userID=35902657,0,0,1
35902657,http://searchwell.l3s.uni-hannover.de/en/search.jsf?query=%D1%82%D0%B5%D0%BE%D1%80%D0%B8%D0%B8 %D1%8D%D0%B2%D0%BE%D0%BB%D1%8E%D1%86%D0%B8%D0%B8,"2017-07-26 05:51:39.0",http://searchwell.l3s.uni-hannover.de/?uid=35902657,5699,3488,1
35902657,http://elementy.ru.waps.io/trefil/21133/Teoriya_evolyutsii,"2017-07-26 05:54:21.0",http://searchwell.l3s.uni-hannover.de/en/search.jsf?query=%D1%82%D0%B5%D0%BE%D1%80%D0%B8%D0%B8 %D1%8D%D0%B2%D0%BE%D0%BB%D1%8E%D1%86%D0%B8%D0%B8,399897,1328,1
43310837,http://searchwell.l3s.uni-hannover.de/?uid=43310837,"2017-07-26 05:47:47.0",http://gadirajuweb.l3s.uni-hannover.de/SearchWell/Evolution/evolution_task.php?userID=43310837,80342,8968,0
43310837,http://searchwell.l3s.uni-hannover.de/en/search.jsf?query=,"2017-07-26 05:49:28.0",http://searchwell.l3s.uni-hannover.de/?uid=43310837,9229,84,0
43310837,http://searchwell.l3s.uni-hannover.de/en/search.jsf?query=theory of evolution,"2017-07-26 05:49:42.0",http://searchwell.l3s.uni-hannover.de/en/search.jsf?query=,411632,27726,0
43310837,http://www.livescience.com.secure.waps.io/474-controversy-evolution-works.html,"2017-07-26 05:50:22.0",http://searchwell.l3s.uni-hannover.de/en/search.jsf?query=theory of evolution,5448,4936,0
43310837,http://www.darwins-theory-of-evolution.com.waps.io/,"2017-07-26 05:50:43.0",http://searchwell.l3s.uni-hannover.de/en/search.jsf?query=theory of evolution,352664,68273,0
37741931,http://searchwell.l3s.uni-hannover.de/?uid=37741931,"2017-07-26 07:18:19.0",http://gadirajuweb.l3s.uni-hannover.de/SearchWell/Evolution/evolution_task.php?userID=37741931,2870,2300,0
37741931,http://searchwell.l3s.uni-hannover.de/en/search.jsf?query=Thomas Henry Huxley,"2017-07-26 07:18:34.0",http://searchwell.l3s.uni-hannover.de/?uid=37741931,35523,13780,0
37741931,http://en.wikipedia.org.secure.waps.io/wiki/Thomas_Henry_Huxley,"2017-07-26 07:18:43.0",http://searchwell.l3s.uni-hannover.de/en/search.jsf?query=Thomas Henry Huxley,16310,8573,1
37741931,http://searchwell.l3s.uni-hannover.de/en/search.jsf?query=seleccion natural darwin,"2017-07-26 07:19:12.0",http://searchwell.l3s.uni-hannover.de/en/search.jsf?query=Thomas Henry Huxley,118574,20326,0
37741931,http://es.wikipedia.org.secure.waps.io/wiki/Selecci%C3%B3n_natural,"2017-07-26 07:19:18.0",http://searchwell.l3s.uni-hannover.de/en/search.jsf?query=seleccion natural darwin,96632,4775,0
37741931,http://en.wikipedia.org.secure.waps.io/wiki/Natural_selection,"2017-07-26 07:19:24.0",http://searchwell.l3s.uni-hannover.de/en/search.jsf?query=seleccion natural darwin,95004,958,1
37741931,http://es.wikipedia.org.secure.waps.io/wiki/S%C3%ADntesis_evolutiva_moderna,"2017-07-26 07:20:56.0",http://es.wikipedia.org.secure.waps.io/wiki/Selecci%C3%B3n_natural,17345,0,0
37741931,http://searchwell.l3s.uni-hannover.de/en/search.jsf?query=sintesis moderna evolucion,"2017-07-26 07:21:12.0",http://searchwell.l3s.uni-hannover.de/en/search.jsf?query=seleccion natural darwin,63016,9197,0
37741931,http://es.wikipedia.org.secure.waps.io/wiki/S%C3%ADntesis_evolutiva_moderna,"2017-07-26 07:21:16.0",http://searchwell.l3s.uni-hannover.de/en/search.jsf?query=sintesis moderna evolucion,50143,1290,1
37741931,http://searchwell.l3s.uni-hannover.de/en/search.jsf?query=teoria evolucion,"2017-07-26 07:22:16.0",http://searchwell.l3s.uni-hannover.de/en/search.jsf?query=sintesis moderna evolucion,4432,4275,0
37741931,http://searchwell.l3s.uni-hannover.de/en/search.jsf?query=teoria evolucion darwin,"2017-07-26 07:22:22.0",http://searchwell.l3s.uni-hannover.de/en/search.jsf?query=teoria evolucion,65624,5930,0
37741931,http://historiaybiografias.com.secure.waps.io/teoria_evolucion/,"2017-07-26 07:22:35.0",http://searchwell.l3s.uni-hannover.de/en/search.jsf?query=teoria evolucion darwin,47301,16875,1
40062468,http://searchwell.l3s.uni-hannover.de/?uid=40062468,"2017-07-26 06:57:30.0",http://gadirajuweb.l3s.uni-hannover.de/SearchWell/Evolution/evolution_task.php?userID=40062468,365611,2395,0
40062468,http://searchwell.l3s.uni-hannover.de/en/search.jsf?query=La evoluci%C3%B3n es una teor%C3%ADa sobre el origen de la vida,"2017-07-26 07:03:39.0",http://searchwell.l3s.uni-hannover.de/?uid=40062468,37790,7519,0
40062468,http://searchwell.l3s.uni-hannover.de/en/search.jsf?query=Thomas Henry Huxley era amigo de Charles Darwin,"2017-07-26 07:04:19.0",http://searchwell.l3s.uni-hannover.de/en/search.jsf?query=La evoluci%C3%B3n es una teor%C3%ADa sobre el origen de la vida,75260,10072,0
40062468,http://en.wikipedia.org.secure.waps.io/wiki/Thomas_Henry_Huxley,"2017-07-26 07:04:33.0",http://searchwell.l3s.uni-hannover.de/en/search.jsf?query=Thomas Henry Huxley era amigo de Charles Darwin,50734,45072,1
40062468,http://searchwell.l3s.uni-hannover.de/en/search.jsf?query=Turqu%C3%ADa debe dejar de ense%C3%B1ar la teor%C3%ADa de la evoluci%C3%B3n de Darwin,"2017-07-26 07:05:36.0",http://searchwell.l3s.uni-hannover.de/en/search.jsf?query=Thomas Henry Huxley era amigo de Charles Darwin,38298,14496,0
40062468,http://searchwell.l3s.uni-hannover.de/en/search.jsf?query=Cada descendencia difiere de sus padres en maneras menores y aleatorias,"2017-07-26 07:06:16.0",http://searchwell.l3s.uni-hannover.de/en/search.jsf?query=Turqu%C3%ADa debe dejar de ense%C3%B1ar la teor%C3%ADa de la evoluci%C3%B3n de Darwin,62620,6757,0
42395271,http://searchwell.l3s.uni-hannover.de/?uid=42395271,"2017-07-26 05:17:54.0",http://gadirajuweb.l3s.uni-hannover.de/SearchWell/Evolution/evolution_task.php?userID=42395271,15022,1349,0
42395271,http://searchwell.l3s.uni-hannover.de/en/search.jsf?query=teor%C3%ADa de la evoluci%C3%B3n,"2017-07-26 05:18:15.0",http://searchwell.l3s.uni-hannover.de/?uid=42395271,303379,21622,0
42395271,http://hipertextual.com.secure.waps.io/2016/02/darwin-evolucion,"2017-07-26 05:18:51.0",http://searchwell.l3s.uni-hannover.de/en/search.jsf?query=teor%C3%ADa de la evoluci%C3%B3n,266195,24057,0
42395271,http://es.wikipedia.org.secure.waps.io/wiki/Evoluci%C3%B3n_biol%C3%B3gica,"2017-07-26 05:18:51.0",http://searchwell.l3s.uni-hannover.de/en/search.jsf?query=teor%C3%ADa de la evoluci%C3%B3n,185767,4543,1
42395271,http://www.vix.com.waps.io/es/btg/curiosidades/3805/como-explicar-la-teoria-de-la-evolucion-de-manera-sencilla,"2017-07-26 05:20:27.0",http://searchwell.l3s.uni-hannover.de/en/search.jsf?query=teor%C3%ADa de la evoluci%C3%B3n,108811,16167,1
43663333,http://www.livescience.com.secure.waps.io/474-controversy-evolution-works.html,"2017-07-26 05:51:22.0",http://searchwell.l3s.uni-hannover.de/en/search.jsf?query=theory of evolution,716206,9917,0
43663333,http://www.darwins-theory-of-evolution.com.waps.io/,"2017-07-26 05:51:37.0",http://searchwell.l3s.uni-hannover.de/en/search.jsf?query=theory of evolution,37426,11544,0
43663333,http://en.wikipedia.org.secure.waps.io/wiki/Evolution,"2017-07-26 05:52:08.0",http://searchwell.l3s.uni-hannover.de/en/search.jsf?query=theory of evolution,668469,8289,0
43663333,http://www.ucmp.berkeley.edu.waps.io/history/evotheory.html,"2017-07-26 05:52:30.0",http://searchwell.l3s.uni-hannover.de/en/search.jsf?query=theory of evolution,38598,3626,1
43663333,http://en.wikipedia.org.secure.waps.io/wiki/Charles_Darwin,"2017-07-26 05:54:00.0",http://searchwell.l3s.uni-hannover.de/en/search.jsf?query=charles darwin,81689,8713,1
43663333,http://www.britannica.com.secure.waps.io/biography/Charles-Darwin,"2017-07-26 05:54:35.0",http://searchwell.l3s.uni-hannover.de/en/search.jsf?query=charles darwin,517901,1221,0
43667456,http://searchwell.l3s.uni-hannover.de/?uid=43667456,"2017-07-26 05:41:22.0",http://gadirajuweb.l3s.uni-hannover.de/SearchWell/Evolution/evolution_task.php?userID=43667456,63445,2291,0
43667456,http://searchwell.l3s.uni-hannover.de/en/search.jsf,"2017-07-26 05:42:29.0",http://searchwell.l3s.uni-hannover.de/?uid=43667456,69126,4312,0
43667456,http://searchwell.l3s.uni-hannover.de/en/search.jsf?query=teor%C3%ADa de la evoluci%C3%B3n,"2017-07-26 05:43:40.0",http://searchwell.l3s.uni-hannover.de/en/search.jsf,157419,27419,0
43667456,http://es.wikipedia.org.secure.waps.io/wiki/Evoluci%C3%B3n_biol%C3%B3gica,"2017-07-26 05:44:15.0",http://searchwell.l3s.uni-hannover.de/en/search.jsf?query=teor%C3%ADa de la evoluci%C3%B3n,13360,38,1
43667456,http://historiaybiografias.com.secure.waps.io/teoria_evolucion/,"2017-07-26 05:46:21.0",http://searchwell.l3s.uni-hannover.de/en/search.jsf?query=teor%C3%ADa de la evoluci%C3%B3n,79984,16322,0
43667456,http://searchwell.l3s.uni-hannover.de/en/search.jsf?query=theory of evolution,"2017-07-26 05:46:31.0",http://searchwell.l3s.uni-hannover.de/en/search.jsf?query=teor%C3%ADa de la evoluci%C3%B3n,82449,6935,0
43667456,http://searchwell.l3s.uni-hannover.de/en/search.jsf?query=Evolution is a theory about the origin of life.,"2017-07-26 05:47:55.0",http://searchwell.l3s.uni-hannover.de/en/search.jsf?query=theory of evolution,26120,7401,0
43667456,http://searchwell.l3s.uni-hannover.de/en/search.jsf?query=Evolutionary theory implies that life evolved %28and continues to evolve%29 randomly%2C or by chance alone,"2017-07-26 05:48:23.0",http://searchwell.l3s.uni-hannover.de/en/search.jsf?query=Evolution is a theory about the origin of life.,18364,6119,0
43667456,http://searchwell.l3s.uni-hannover.de/en/search.jsf?query=Over time%2C species evolve towards being bigger%2C stronger%2C and more intelligent.,"2017-07-26 05:48:43.0",http://searchwell.l3s.uni-hannover.de/en/search.jsf?query=Evolutionary theory implies that life evolved %28and continues to evolve%29 randomly%2C or by chance alone,25851,12915,0
43667456,http://searchwell.l3s.uni-hannover.de/en/search.jsf?query=Evolution is a theory about the origin of life.,"2017-07-26 05:49:11.0",http://searchwell.l3s.uni-hannover.de/en/search.jsf?query=Over time%2C species evolve towards being bigger%2C stronger%2C and more intelligent.,25397,3918,0
43667456,http://searchwell.l3s.uni-hannover.de/en/search.jsf?query=Evolution implies that individual organisms can evolve during a single lifespan.,"2017-07-26 05:49:39.0",http://searchwell.l3s.uni-hannover.de/en/search.jsf?query=Evolution is a theory about the origin of life.,25102,15053,0
43667456,http://searchwell.l3s.uni-hannover.de/en/search.jsf?query=Natural selection describes how organisms try to adapt. Natural selection involves organisms trying ,"2017-07-26 05:50:07.0",http://searchwell.l3s.uni-hannover.de/en/search.jsf?query=Evolution implies that individual organisms can evolve during a single lifespan.,40474,4713,0
43667456,http://searchwell.l3s.uni-hannover.de/en/search.jsf?query=Each offspring differs from their parent%28s%29 in minor%2C random ways.,"2017-07-26 05:50:49.0",http://searchwell.l3s.uni-hannover.de/en/search.jsf?query=Natural selection describes how organisms try to adapt. Natural selection involves organisms trying ,26873,7019,0
43667456,http://searchwell.l3s.uni-hannover.de/en/search.jsf?query=Over time%2C populations can split or branch off into new species.,"2017-07-26 05:51:18.0",http://searchwell.l3s.uni-hannover.de/en/search.jsf?query=Each offspring differs from their parent%28s%29 in minor%2C random ways.,23305,12260,0
43667456,http://searchwell.l3s.uni-hannover.de/en/search.jsf?query=Modern synthesis is connecting natural selection%2C mutation theory%2C and Mendelian inheritance into a ,"2017-07-26 05:51:44.0",http://searchwell.l3s.uni-hannover.de/en/search.jsf?query=Over time%2C populations can split or branch off into new species.,22482,13625,0
43667456,http://searchwell.l3s.uni-hannover.de/en/search.jsf?query=Turkey is to stop teaching Darwin%27s theory of evolution in high schools.,"2017-07-26 05:53:35.0",http://searchwell.l3s.uni-hannover.de/en/search.jsf?query=Modern synthesis is connecting natural selection%2C mutation theory%2C and Mendelian inheritance into a ,13180,5512,0
43667456,http://searchwell.l3s.uni-hannover.de/en/search.jsf?query=Thomas Henry Huxley was a friend of Charles Darwin.,"2017-07-26 05:53:50.0",http://searchwell.l3s.uni-hannover.de/en/search.jsf?query=Turkey is to stop teaching Darwin%27s theory of evolution in high schools.,5786,5354,1
42517948,http://searchwell.l3s.uni-hannover.de/?uid=42517948,"2017-07-26 06:21:20.0",http://gadirajuweb.l3s.uni-hannover.de/SearchWell/Evolution/evolution_task.php?userID=42517948,72868,13199,0
42517948,http://searchwell.l3s.uni-hannover.de/en/search.jsf?query=origem das especies,"2017-07-26 06:22:36.0",http://searchwell.l3s.uni-hannover.de/?uid=42517948,496404,26649,0
42517948,http://pt.wikipedia.org.secure.waps.io/wiki/A_Origem_das_Esp%C3%A9cies,"2017-07-26 06:23:38.0",http://searchwell.l3s.uni-hannover.de/en/search.jsf?query=origem das especies,865667,126958,1
42517948,http://searchwell.l3s.uni-hannover.de/?uid=42517948,"2017-07-26 06:25:49.0",http://gadirajuweb.l3s.uni-hannover.de/SearchWell/Evolution/evolution_task.php?userID=42517948,41915,1399,0
42517948,http://searchwell.l3s.uni-hannover.de/en/search.jsf?query=evolu%C3%A7%C3%A3o turquia,"2017-07-26 06:30:54.0",http://searchwell.l3s.uni-hannover.de/en/search.jsf?query=origem das especies,88707,19185,0
42517948,http://searchwell.l3s.uni-hannover.de/en/search.jsf?query=amigo de darvin,"2017-07-26 06:32:24.0",http://searchwell.l3s.uni-hannover.de/en/search.jsf?query=evolu%C3%A7%C3%A3o turquia,30272,6316,0
42517948,http://searchwell.l3s.uni-hannover.de/?uid=42517948,"2017-07-26 06:34:26.0",http://gadirajuweb.l3s.uni-hannover.de/SearchWell/Evolution/evolution_task.php?userID=42517948,20132,0,0
42517948,http://searchwell.l3s.uni-hannover.de/?uid=42517948,"2017-07-26 06:37:39.0",http://gadirajuweb.l3s.uni-hannover.de/SearchWell/Evolution/evolution_task.php?userID=42517948,7582,6208,0
42517948,http://searchwell.l3s.uni-hannover.de/?uid=42517948,"2017-07-26 06:38:50.0",http://gadirajuweb.l3s.uni-hannover.de/SearchWell/Evolution/evolution_task.php?userID=42517948,4039,4025,0
42517948,http://searchwell.l3s.uni-hannover.de/en/search.jsf?query=Henry Huxley,"2017-07-26 06:38:55.0",http://searchwell.l3s.uni-hannover.de/?uid=42517948,26122,13612,0
42517948,http://en.wikipedia.org.secure.waps.io/wiki/Thomas_Henry_Huxley,"2017-07-26 06:39:15.0",http://searchwell.l3s.uni-hannover.de/en/search.jsf?query=Henry Huxley,0,0,1
42517948,http://searchwell.l3s.uni-hannover.de/en/search.jsf?query=teoria da evolucao,"2017-07-26 06:39:23.0",http://searchwell.l3s.uni-hannover.de/en/search.jsf?query=Henry Huxley,159062,2614,1
43430725,http://searchwell.l3s.uni-hannover.de/?uid=43430725,"2017-07-26 05:16:24.0",http://gadirajuweb.l3s.uni-hannover.de/SearchWell/Evolution/evolution_task.php?userID=43430725,309841,2094,0
43687043,http://searchwell.l3s.uni-hannover.de/?uid=43687043,"2017-07-26 05:15:11.0",http://gadirajuweb.l3s.uni-hannover.de/SearchWell/Evolution/evolution_task.php?userID=43687043,6325,2047,0
43687043,http://searchwell.l3s.uni-hannover.de/en/search.jsf?query=theory of evolution,"2017-07-26 05:15:19.0",http://searchwell.l3s.uni-hannover.de/?uid=43687043,522720,1281,0
38911211,http://searchwell.l3s.uni-hannover.de/?uid=38911211,"2017-07-26 06:58:21.0",http://gadirajuweb.l3s.uni-hannover.de/SearchWell/Evolution/evolution_task.php?userID=38911211,238842,19187,0
38911211,http://searchwell.l3s.uni-hannover.de/en/search.jsf?query=theory of evolution,"2017-07-26 07:02:21.0",http://searchwell.l3s.uni-hannover.de/?uid=38911211,72391,51767,0
43491544,http://searchwell.l3s.uni-hannover.de/?uid=43491544,"2017-07-26 05:18:21.0",http://gadirajuweb.l3s.uni-hannover.de/SearchWell/Evolution/evolution_task.php?userID=43491544,8870,8029,0
43491544,http://searchwell.l3s.uni-hannover.de/en/search.jsf?query=theory of evolution,"2017-07-26 05:18:53.0",http://searchwell.l3s.uni-hannover.de/?uid=43491544,698039,17389,0
43491544,http://www.darwins-theory-of-evolution.com.waps.io/,"2017-07-26 05:21:58.0",http://searchwell.l3s.uni-hannover.de/en/search.jsf?query=theory of evolution,46776,7344,1
43491544,http://www.allaboutscience.org.waps.io/darwins-theory-of-evolution.htm,"2017-07-26 05:21:58.0",http://searchwell.l3s.uni-hannover.de/en/search.jsf?query=theory of evolution,62720,6546,0
43491544,http://www.livescience.com.secure.waps.io/474-controversy-evolution-works.html,"2017-07-26 05:21:58.0",http://searchwell.l3s.uni-hannover.de/en/search.jsf?query=theory of evolution,1161,0,0
43491544,http://www.allaboutthejourney.org.waps.io/theory-of-evolution.htm,"2017-07-26 05:23:01.0",http://searchwell.l3s.uni-hannover.de/en/search.jsf?query=theory of evolution,574148,4941,0
43491544,http://answersingenesis.org.secure.waps.io/theory-of-evolution/,"2017-07-26 05:23:04.0",http://searchwell.l3s.uni-hannover.de/en/search.jsf?query=theory of evolution,6675,5097,1
43491544,http://searchwell.l3s.uni-hannover.de/en/search.jsf?query=Thomas Henry Huxley,"2017-07-26 05:30:32.0",http://searchwell.l3s.uni-hannover.de/en/search.jsf?query=theory of evolution,8486,8457,0
43491544,http://en.wikipedia.org.secure.waps.io/wiki/Thomas_Henry_Huxley,"2017-07-26 05:30:38.0",http://searchwell.l3s.uni-hannover.de/en/search.jsf?query=Thomas Henry Huxley,101694,15198,1
43491544,http://searchwell.l3s.uni-hannover.de/en/search.jsf?query=Thomas Henry Huxley charles darwin,"2017-07-26 05:30:43.0",http://searchwell.l3s.uni-hannover.de/en/search.jsf?query=Thomas Henry Huxley,52443,11922,0
43491544,http://www.ucmp.berkeley.edu.waps.io/history/thuxley.html,"2017-07-26 05:31:37.0",http://searchwell.l3s.uni-hannover.de/en/search.jsf?query=Thomas Henry Huxley charles darwin,57362,7638,0
43491544,http://searchwell.l3s.uni-hannover.de/en/search.jsf?query=Modern synthesis,"2017-07-26 05:31:37.0",http://searchwell.l3s.uni-hannover.de/en/search.jsf?query=Thomas Henry Huxley charles darwin,84598,16993,0
43491544,http://en.wikipedia.org.secure.waps.io/wiki/Modern_evolutionary_synthesis,"2017-07-26 05:31:44.0",http://searchwell.l3s.uni-hannover.de/en/search.jsf?query=Modern synthesis,0,0,1
43491544,http://searchwell.l3s.uni-hannover.de/en/search.jsf?query=Turkey is to stop teaching Darwin,"2017-07-26 05:33:10.0",http://searchwell.l3s.uni-hannover.de/en/search.jsf?query=Modern synthesis,44037,11896,0
43491544,http://searchwell.l3s.uni-hannover.de/en/search.jsf?query=he forces of evolution are most evident when populations become isolated%2C either through geographic ,"2017-07-26 05:33:55.0",http://searchwell.l3s.uni-hannover.de/en/search.jsf?query=Turkey is to stop teaching Darwin,12052,3433,0
43491544,http://searchwell.l3s.uni-hannover.de/en/search.jsf?query= Modern synthesis is connecting natural selection%2C mutation theory%2C and Mendelian inheritance into a,"2017-07-26 05:34:09.0",http://searchwell.l3s.uni-hannover.de/en/search.jsf?query=he forces of evolution are most evident when populations become isolated%2C either through geographic ,111934,19324,0
43491544,http://www.talkorigins.org.waps.io/faqs/modern-synthesis.html,"2017-07-26 05:34:09.0",http://searchwell.l3s.uni-hannover.de/en/search.jsf?query=Modern synthesis,133637,3608,1
43491544,http://en.wikipedia.org.secure.waps.io/wiki/Introduction_to_evolution,"2017-07-26 05:34:10.0",http://searchwell.l3s.uni-hannover.de/en/search.jsf?query=he forces of evolution are most evident when populations become isolated%2C either through geographic ,122151,16329,0
43491544,http://en.wikipedia.org.secure.waps.io/wiki/Modern_evolutionary_synthesis,"2017-07-26 05:34:14.0",http://searchwell.l3s.uni-hannover.de/en/search.jsf?query=Modern synthesis,50506,16851,1
43491544,http://en.wikipedia.org.secure.waps.io/wiki/Modern_evolutionary_synthesis,"2017-07-26 05:36:00.0",http://searchwell.l3s.uni-hannover.de/en/search.jsf?query= Modern synthesis is connecting natural selection%2C mutation theory%2C and Mendelian inheritance into a,0,0,1
43491544,http://searchwell.l3s.uni-hannover.de/en/search.jsf?query=Evolutionary theory implies that life evolved %28and continues to evolve%29 randomly%2C or by chance alone,"2017-07-26 05:36:02.0",http://searchwell.l3s.uni-hannover.de/en/search.jsf?query= Modern synthesis is connecting natural selection%2C mutation theory%2C and Mendelian inheritance into a,92792,6163,0
43509684,http://searchwell.l3s.uni-hannover.de/?uid=43509684,"2017-07-26 05:34:07.0",http://gadirajuweb.l3s.uni-hannover.de/SearchWell/Evolution/evolution_task.php?userID=43509684,6846,3554,0
43509684,http://searchwell.l3s.uni-hannover.de/en/search.jsf?query=theory of evolution%27 . ,"2017-07-26 05:34:28.0",http://searchwell.l3s.uni-hannover.de/?uid=43509684,384370,20807,0
43509684,http://simple.wikipedia.org.secure.waps.io/wiki/Evolution,"2017-07-26 05:36:00.0",http://searchwell.l3s.uni-hannover.de/en/search.jsf?query=theory of evolution%27 . ,229703,42543,1
43509684,http://en.wikipedia.org.secure.waps.io/wiki/Evolution,"2017-07-26 05:36:10.0",http://searchwell.l3s.uni-hannover.de/en/search.jsf?query=theory of evolution%27 . ,176580,133105,1
34192482,http://www.theguardian.com.secure.waps.io/world/2017/jun/23/turkish-schools-to-stop-teaching-evolution-official-says,"2017-07-26 06:18:34.0",http://searchwell.l3s.uni-hannover.de/en/search.jsf?query=evolution turkey schools,125530,23436,1
34192482,http://en.wikipedia.org.secure.waps.io/wiki/Evolution,"2017-07-26 06:18:37.0",http://searchwell.l3s.uni-hannover.de/en/search.jsf?query=evolution theory,238667,5950,0
34192482,http://en.wikipedia.org.secure.waps.io/wiki/Thomas_Henry_Huxley,"2017-07-26 06:18:56.0",http://searchwell.l3s.uni-hannover.de/en/search.jsf?query=huxley darwin,218630,4570,0
42544704,http://searchwell.l3s.uni-hannover.de/?uid=42544704,"2017-07-26 05:17:07.0",http://gadirajuweb.l3s.uni-hannover.de/SearchWell/Evolution/evolution_task.php?userID=42544704,23088,6040,0
42544704,http://searchwell.l3s.uni-hannover.de/en/search.jsf?query=theory of evolution,"2017-07-26 05:17:32.0",http://searchwell.l3s.uni-hannover.de/?uid=42544704,313531,5225,0
42544704,http://en.wikipedia.org.secure.waps.io/wiki/Evolution,"2017-07-26 05:17:51.0",http://searchwell.l3s.uni-hannover.de/en/search.jsf?query=theory of evolution,3105,0,1
40777535,http://searchwell.l3s.uni-hannover.de/?uid=40777535,"2017-07-26 06:02:03.0",http://gadirajuweb.l3s.uni-hannover.de/SearchWell/Evolution/evolution_task.php?userID=40777535,79855,11996,0
40777535,http://searchwell.l3s.uni-hannover.de/en/search.jsf?query=theory of evolution,"2017-07-26 06:03:27.0",http://searchwell.l3s.uni-hannover.de/?uid=40777535,373242,48261,0
40777535,http://www.darwins-theory-of-evolution.com.waps.io/,"2017-07-26 06:04:39.0",http://searchwell.l3s.uni-hannover.de/en/search.jsf?query=theory of evolution,397659,24186,1
40777535,http://en.wikipedia.org.secure.waps.io/wiki/Evolution,"2017-07-26 06:05:28.0",http://searchwell.l3s.uni-hannover.de/en/search.jsf?query=theory of evolution,351999,72235,1
40777535,http://searchwell.l3s.uni-hannover.de/en/search.jsf?query=life evolved %28and continues to evolve%29 randomly%2C or by chance alone,"2017-07-26 06:09:47.0",http://searchwell.l3s.uni-hannover.de/en/search.jsf?query=theory of evolution,43146,9520,0
40777535,http://searchwell.l3s.uni-hannover.de/en/search.jsf?query=Over time%2C species evolve towards being bigger%2C stronger%2C and more intelligent,"2017-07-26 06:10:33.0",http://searchwell.l3s.uni-hannover.de/en/search.jsf?query=life evolved %28and continues to evolve%29 randomly%2C or by chance alone,90581,28741,0
40777535,http://en.wikipedia.org.secure.waps.io/wiki/Introduction_to_evolution,"2017-07-26 06:11:54.0",http://searchwell.l3s.uni-hannover.de/en/search.jsf?query=Over time%2C species evolve towards being bigger%2C stronger%2C and more intelligent,20477,4193,1
40777535,http://searchwell.l3s.uni-hannover.de/en/search.jsf?query=Evolution implies that individual organisms can evolve during a single lifespan,"2017-07-26 06:12:17.0",http://searchwell.l3s.uni-hannover.de/en/search.jsf?query=Over time%2C species evolve towards being bigger%2C stronger%2C and more intelligent,258304,12967,0
40777535,http://evolution.berkeley.edu.waps.io/evolibrary/misconceptions_faq.php,"2017-07-26 06:13:08.0",http://searchwell.l3s.uni-hannover.de/en/search.jsf?query=Evolution implies that individual organisms can evolve during a single lifespan,468340,53609,1
40777535,http://searchwell.l3s.uni-hannover.de/en/search.jsf?query=Turkey is to stop teaching Darwin%27s theory of evolution in high schoolsspan,"2017-07-26 06:16:42.0",http://searchwell.l3s.uni-hannover.de/en/search.jsf?query=Evolution implies that individual organisms can evolve during a single lifespan,24706,9178,0
40777535,http://searchwell.l3s.uni-hannover.de/en/search.jsf?query=Thomas Henry Huxley was a friend of Charles Darwin,"2017-07-26 06:17:08.0",http://searchwell.l3s.uni-hannover.de/en/search.jsf?query=Turkey is to stop teaching Darwin%27s theory of evolution in high schoolsspan,226592,5387,0
