25864227,http://searchwell.l3s.uni-hannover.de/?uid=25864227,"2017-07-26 06:05:25.0",http://gadirajuweb.l3s.uni-hannover.de/SearchWell/NASA/nasa_task.php?userID=25864227,8727,5830,0
25864227,http://searchwell.l3s.uni-hannover.de/en/search.jsf?query=NASA,"2017-07-26 06:05:37.0",http://searchwell.l3s.uni-hannover.de/?uid=25864227,10458,6837,0
25864227,http://searchwell.l3s.uni-hannover.de/en/search.jsf?query=NASA principal orga,"2017-07-26 06:05:50.0",http://searchwell.l3s.uni-hannover.de/en/search.jsf?query=NASA,19065,12047,0
25864227,http://searchwell.l3s.uni-hannover.de/en/search.jsf?query=nasa human exploration,"2017-07-26 06:06:12.0",http://searchwell.l3s.uni-hannover.de/en/search.jsf?query=NASA principal orga,47720,12617,0
25864227,http://searchwell.l3s.uni-hannover.de/en/search.jsf?query=nasa hmission directorates,"2017-07-26 06:07:01.0",http://searchwell.l3s.uni-hannover.de/en/search.jsf?query=nasa human exploration,4891,4637,0
25864227,http://searchwell.l3s.uni-hannover.de/en/search.jsf?query=nasa human exploration,"2017-07-26 06:07:08.0",http://searchwell.l3s.uni-hannover.de/en/search.jsf?query=NASA principal orga,72216,6513,0
25864227,http://searchwell.l3s.uni-hannover.de/en/search.jsf?query=The Apollo Program was the first United States ,"2017-07-26 06:08:25.0",http://searchwell.l3s.uni-hannover.de/en/search.jsf?query=nasa human exploration,29501,9124,0
25864227,http://searchwell.l3s.uni-hannover.de/en/search.jsf?query=One of President John F. Kennedy%27s national goals was %22landing a man on the Moon,"2017-07-26 06:08:57.0",http://searchwell.l3s.uni-hannover.de/en/search.jsf?query=The Apollo Program was the first United States ,33581,21461,0
25864227,http://searchwell.l3s.uni-hannover.de/en/search.jsf?query= The Apollo 8 was the first mission achieved the goal,"2017-07-26 06:09:33.0",http://searchwell.l3s.uni-hannover.de/en/search.jsf?query=One of President John F. Kennedy%27s national goals was %22landing a man on the Moon,340408,19740,0
25864227,http://en.wikipedia.org.secure.waps.io/wiki/Project_Apollo,"2017-07-26 06:09:48.0",http://searchwell.l3s.uni-hannover.de/en/search.jsf?query=One of President John F. Kennedy%27s national goals was %22landing a man on the Moon,429968,7037,1
25864227,http://searchwell.l3s.uni-hannover.de/en/search.jsf?query=The astronaut Jeff Williams spent,"2017-07-26 06:15:17.0",http://searchwell.l3s.uni-hannover.de/en/search.jsf?query= The Apollo 8 was the first mission achieved the goal,95017,432,0
43164637,http://searchwell.l3s.uni-hannover.de/?uid=43164637,"2017-07-26 06:15:58.0",http://gadirajuweb.l3s.uni-hannover.de/SearchWell/NASA/nasa_task.php?userID=43164637,49370,17651,0
43164637,http://searchwell.l3s.uni-hannover.de/en/search.jsf?query=past%2C present%2C and possible future of interplanetary missions that are planned by the NASA,"2017-07-26 06:17:15.0",http://searchwell.l3s.uni-hannover.de/?uid=43164637,383437,20394,0
41914129,http://searchwell.l3s.uni-hannover.de/?uid=41914129,"2017-07-26 07:02:44.0",http://gadirajuweb.l3s.uni-hannover.de/SearchWell/Evolution/evolution_task.php?userID=41914129,19316,16657,0
41914129,http://searchwell.l3s.uni-hannover.de/en/search.jsf?query=theory of evolution,"2017-07-26 07:03:04.0",http://searchwell.l3s.uni-hannover.de/?uid=41914129,407524,40569,0
41914129,http://www.livescience.com.secure.waps.io/474-controversy-evolution-works.html,"2017-07-26 07:03:32.0",http://searchwell.l3s.uni-hannover.de/en/search.jsf?query=theory of evolution,53243,5962,0
41914129,http://www.darwins-theory-of-evolution.com.waps.io/,"2017-07-26 07:04:33.0",http://searchwell.l3s.uni-hannover.de/en/search.jsf?query=theory of evolution,181841,19591,0
41914129,http://searchwell.l3s.uni-hannover.de/?uid=41914129,"2017-07-26 07:05:54.0",http://gadirajuweb.l3s.uni-hannover.de/SearchWell/NASA/nasa_task.php?userID=41914129,23445,14085,0
41914129,http://searchwell.l3s.uni-hannover.de/en/search.jsf?query= past%2C present%2C and possible future of interplanetary missions that are planned by the NASA%27. ,"2017-07-26 07:06:18.0",http://searchwell.l3s.uni-hannover.de/?uid=41914129,435607,22604,0
41914129,http://jpl.nasa.gov.secure.waps.io/missions/,"2017-07-26 07:10:20.0",http://searchwell.l3s.uni-hannover.de/en/search.jsf?query= past%2C present%2C and possible future of interplanetary missions that are planned by the NASA%27. ,16868,4230,0
39764508,http://searchwell.l3s.uni-hannover.de/?uid=39764508,"2017-07-26 08:33:25.0",http://gadirajuweb.l3s.uni-hannover.de/SearchWell/NASA/nasa_task.php?userID=39764508,19693,1604,0
39764508,http://searchwell.l3s.uni-hannover.de/en/search.jsf?query=pasado%2C el presente y el futuro posible de las misiones interplanetarias planificadas por la NASA,"2017-07-26 08:33:45.0",http://searchwell.l3s.uni-hannover.de/?uid=39764508,673843,36061,0
39764508,http://es.wikipedia.org.secure.waps.io/wiki/NASA,"2017-07-26 08:35:04.0",http://searchwell.l3s.uni-hannover.de/en/search.jsf?query=pasado%2C el presente y el futuro posible de las misiones interplanetarias planificadas por la NASA,536812,115208,1
29289135,http://searchwell.l3s.uni-hannover.de/?uid=29289135,"2017-07-26 07:01:18.0",http://gadirajuweb.l3s.uni-hannover.de/SearchWell/NASA/nasa_task.php?userID=29289135,8714,5885,0
29289135,http://searchwell.l3s.uni-hannover.de/en/search.jsf?query=john glenn,"2017-07-26 07:01:29.0",http://searchwell.l3s.uni-hannover.de/?uid=29289135,38084,12383,0
29289135,http://en.wikipedia.org.secure.waps.io/wiki/John_Glenn,"2017-07-26 07:01:44.0",http://searchwell.l3s.uni-hannover.de/en/search.jsf?query=john glenn,12718,2416,0
29289135,http://searchwell.l3s.uni-hannover.de/en/search.jsf?query=voyager 1 and 2,"2017-07-26 07:02:09.0",http://searchwell.l3s.uni-hannover.de/en/search.jsf?query=john glenn,108196,9491,0
29289135,http://en.wikipedia.org.secure.waps.io/wiki/Voyager_1,"2017-07-26 07:02:17.0",http://searchwell.l3s.uni-hannover.de/en/search.jsf?query=voyager 1 and 2,61411,10067,0
29289135,http://en.wikipedia.org.secure.waps.io/wiki/Voyager_2,"2017-07-26 07:03:20.0",http://en.wikipedia.org.secure.waps.io/wiki/Voyager_1,28347,1815,0
29289135,http://searchwell.l3s.uni-hannover.de/en/search.jsf?query=deep space program,"2017-07-26 07:03:58.0",http://searchwell.l3s.uni-hannover.de/en/search.jsf?query=voyager 1 and 2,93984,20073,0
29289135,http://en.wikipedia.org.secure.waps.io/wiki/Deep_Space_Program_Science_Experiment,"2017-07-26 07:04:27.0",http://searchwell.l3s.uni-hannover.de/en/search.jsf?query=deep space program,54681,23463,0
29289135,http://searchwell.l3s.uni-hannover.de/en/search.jsf?query=planned nasa missions,"2017-07-26 07:05:34.0",http://searchwell.l3s.uni-hannover.de/en/search.jsf?query=deep space program,59333,7690,0
29289135,http://jpl.nasa.gov.secure.waps.io/missions/?type=future,"2017-07-26 07:05:49.0",http://searchwell.l3s.uni-hannover.de/en/search.jsf?query=planned nasa missions,38601,18905,0
29289135,http://searchwell.l3s.uni-hannover.de/en/search.jsf?query=mars 2020,"2017-07-26 07:06:36.0",http://searchwell.l3s.uni-hannover.de/en/search.jsf?query=planned nasa missions,59925,2394,0
29289135,http://en.wikipedia.org.secure.waps.io/wiki/Mars_2020,"2017-07-26 07:06:43.0",http://searchwell.l3s.uni-hannover.de/en/search.jsf?query=mars 2020,0,0,1
41414773,http://searchwell.l3s.uni-hannover.de/?uid=41414773,"2017-07-26 06:17:21.0",http://gadirajuweb.l3s.uni-hannover.de/SearchWell/NASA/nasa_task.php?userID=41414773,17021,3353,0
41414773,http://searchwell.l3s.uni-hannover.de/en/search.jsf?query=past%2C present%2C and possible future of interplanetary missions that are planned by the NASA,"2017-07-26 06:17:39.0",http://searchwell.l3s.uni-hannover.de/?uid=41414773,720387,31116,0
41414773,http://en.wikipedia.org.secure.waps.io/wiki/List_of_NASA_missions,"2017-07-26 06:18:33.0",http://searchwell.l3s.uni-hannover.de/en/search.jsf?query=past%2C present%2C and possible future of interplanetary missions that are planned by the NASA,228693,152751,0
42674062,http://searchwell.l3s.uni-hannover.de/?uid=42674062,"2017-07-26 06:08:09.0",http://gadirajuweb.l3s.uni-hannover.de/SearchWell/NASA/nasa_task.php?userID=42674062,12086,5520,0
42674062,http://searchwell.l3s.uni-hannover.de/en/search.jsf?query=NASA,"2017-07-26 06:08:23.0",http://searchwell.l3s.uni-hannover.de/?uid=42674062,178360,4951,0
42674062,http://en.wikipedia.org.secure.waps.io/wiki/NASA,"2017-07-26 06:08:42.0",http://searchwell.l3s.uni-hannover.de/en/search.jsf?query=NASA,709842,205592,0
42674062,http://searchwell.l3s.uni-hannover.de/en/search.jsf?query=La NASA lleva a cabo su trabajo en dos organizaciones principales%2C llamadas direcciones de misi%C3%B3n%3A E,"2017-07-26 06:11:27.0",http://searchwell.l3s.uni-hannover.de/en/search.jsf?query=NASA,128980,56513,0
42674062,http://www.buenastareas.com.waps.io/ensayos/Nasas/45792348.html,"2017-07-26 06:13:06.0",http://www.buenastareas.com.waps.io/materias/introduccion-de-la-nasa/0,71250,2093,1
42674062,http://searchwell.l3s.uni-hannover.de/en/search.jsf?query=direcciones de mision de la NASA,"2017-07-26 06:13:38.0",http://searchwell.l3s.uni-hannover.de/en/search.jsf?query=La NASA lleva a cabo su trabajo en dos organizaciones principales%2C llamadas direcciones de misi%C3%B3n%3A E,409928,22839,0
42674062,http://searchwell.l3s.uni-hannover.de/en/search.jsf?query=La nave espacial New Horizons de la NASA viaj%C3%B3 a trav%C3%A9s del sistema solar durante casi una d%C3%A9cada pa,"2017-07-26 06:20:30.0",http://searchwell.l3s.uni-hannover.de/en/search.jsf?query=direcciones de mision de la NASA,25879,12931,0
42674062,http://searchwell.l3s.uni-hannover.de/en/search.jsf?query=%29. El rover de Curiosity en Marte est%C3%A1 en medio de su novena campa%C3%B1a de perforaci%C3%B3n desde que aterri,"2017-07-26 06:21:09.0",http://searchwell.l3s.uni-hannover.de/en/search.jsf?query=La nave espacial New Horizons de la NASA viaj%C3%B3 a trav%C3%A9s del sistema solar durante casi una d%C3%A9cada pa,16009,14841,0
42674062,http://searchwell.l3s.uni-hannover.de/en/search.jsf?query=El rover de Curiosity en Marte est%C3%A1 en medio de su novena campa%C3%B1a,"2017-07-26 06:21:27.0",http://searchwell.l3s.uni-hannover.de/en/search.jsf?query=%29. El rover de Curiosity en Marte est%C3%A1 en medio de su novena campa%C3%B1a de perforaci%C3%B3n desde que aterri,101275,19402,0
42674062,http://en.wikipedia.org.secure.waps.io/wiki/New_Horizons,"2017-07-26 06:21:44.0",http://en.wikipedia.org.secure.waps.io/wiki/NASA,49158,6606,0
42674062,http://searchwell.l3s.uni-hannover.de/en/search.jsf?query=LADEE representa el Ambiente Lunar y el Explorador del Medio Polvo.,"2017-07-26 06:23:52.0",http://searchwell.l3s.uni-hannover.de/en/search.jsf?query=El rover de Curiosity en Marte est%C3%A1 en medio de su novena campa%C3%B1a,346408,2240,0
42674062,http://cnnespanol.cnn.com.waps.io/2014/02/07/el-curiosity-toma-una-instantanea-de-la-tierra-desde-marte/,"2017-07-26 06:28:26.0",http://searchwell.l3s.uni-hannover.de/en/search.jsf?query=El rover de Curiosity en Marte est%C3%A1 en medio de su novena campa%C3%B1a,0,0,1
40619580,http://searchwell.l3s.uni-hannover.de/?uid=40619580,"2017-07-26 06:16:07.0",http://gadirajuweb.l3s.uni-hannover.de/SearchWell/NASA/nasa_task.php?userID=40619580,24810,6875,0
40619580,http://searchwell.l3s.uni-hannover.de/en/search.jsf?query=past%2C present%2C and possible future of interplanetary missions that are planned by the NASA,"2017-07-26 06:16:34.0",http://searchwell.l3s.uni-hannover.de/?uid=40619580,158729,10581,0
40619580,http://en.wikipedia.org.secure.waps.io/wiki/List_of_NASA_missions,"2017-07-26 06:17:31.0",http://searchwell.l3s.uni-hannover.de/en/search.jsf?query=past%2C present%2C and possible future of interplanetary missions that are planned by the NASA,19109,1664,1
40619580,http://www.nasa.gov.secure.waps.io/missions/,"2017-07-26 06:18:35.0",http://searchwell.l3s.uni-hannover.de/en/search.jsf?query=past%2C present%2C and possible future of interplanetary missions that are planned by the NASA,10721,0,1
40619580,http://searchwell.l3s.uni-hannover.de/en/search.jsf?query=nasa,"2017-07-26 06:19:14.0",http://searchwell.l3s.uni-hannover.de/en/search.jsf?query=past%2C present%2C and possible future of interplanetary missions that are planned by the NASA,306524,7584,0
40619580,http://en.wikipedia.org.secure.waps.io/wiki/NASA,"2017-07-26 06:20:37.0",http://searchwell.l3s.uni-hannover.de/en/search.jsf?query=nasa,73205,18527,1
40619580,http://www.nasa.gov.secure.waps.io/,"2017-07-26 06:23:40.0",http://searchwell.l3s.uni-hannover.de/en/search.jsf?query=nasa,0,0,1
40619580,http://searchwell.l3s.uni-hannover.de/en/search.jsf?query=nasa motto,"2017-07-26 06:24:22.0",http://searchwell.l3s.uni-hannover.de/en/search.jsf?query=nasa,33414,5310,0
40619580,http://searchwell.l3s.uni-hannover.de/en/search.jsf?query=Skylab is the first space station launched into orbit by the United States.,"2017-07-26 06:24:57.0",http://searchwell.l3s.uni-hannover.de/en/search.jsf?query=nasa motto,5211,0,1
42262643,http://searchwell.l3s.uni-hannover.de/?uid=42262643,"2017-07-26 06:03:33.0",http://gadirajuweb.l3s.uni-hannover.de/SearchWell/NASA/nasa_task.php?userID=42262643,4546,2431,0
42262643,http://searchwell.l3s.uni-hannover.de/en/search.jsf?query= past%2C present%2C and possible future of interplanetary missions that are plantheory of evolution wiki,"2017-07-26 06:03:38.0",http://searchwell.l3s.uni-hannover.de/?uid=42262643,754980,5312,0
42262643,http://en.wikipedia.org.secure.waps.io/wiki/Space_missions,"2017-07-26 06:03:49.0",http://searchwell.l3s.uni-hannover.de/en/search.jsf?query= past%2C present%2C and possible future of interplanetary missions that are plantheory of evolution wiki,28727,27327,0
42262643,http://en.wikipedia.org.secure.waps.io/wiki/NASA_Authorization_Act_of_2010,"2017-07-26 06:04:31.0",http://en.wikipedia.org.secure.waps.io/wiki/Space_missions,22308,13070,1
41841934,http://searchwell.l3s.uni-hannover.de/?uid=41841934,"2017-07-26 06:44:07.0",http://gadirajuweb.l3s.uni-hannover.de/SearchWell/NASA/nasa_task.php?userID=41841934,4477,3902,0
41841934,http://searchwell.l3s.uni-hannover.de/en/search.jsf?query= past%2C present%2C and possible future of interplanetary missions that are planned by the NASA,"2017-07-26 06:44:14.0",http://searchwell.l3s.uni-hannover.de/?uid=41841934,644773,16446,0
41841934,http://www.nasa.gov.secure.waps.io/missions/,"2017-07-26 06:45:22.0",http://searchwell.l3s.uni-hannover.de/en/search.jsf?query= past%2C present%2C and possible future of interplanetary missions that are planned by the NASA,574861,20497,0
41841934,http://jpl.nasa.gov.secure.waps.io/missions/,"2017-07-26 06:45:26.0",http://searchwell.l3s.uni-hannover.de/en/search.jsf?query= past%2C present%2C and possible future of interplanetary missions that are planned by the NASA,350621,13668,1
41841934,http://en.wikipedia.org.secure.waps.io/wiki/List_of_NASA_missions,"2017-07-26 06:46:00.0",http://searchwell.l3s.uni-hannover.de/en/search.jsf?query= past%2C present%2C and possible future of interplanetary missions that are planned by the NASA,539515,54412,1
43348892,http://searchwell.l3s.uni-hannover.de/?uid=43348892,"2017-07-26 07:06:40.0",http://gadirajuweb.l3s.uni-hannover.de/SearchWell/NASA/nasa_task.php?userID=43348892,8562,1520,0
43348892,http://searchwell.l3s.uni-hannover.de/?uid=43348892,"2017-07-26 07:08:25.0",http://gadirajuweb.l3s.uni-hannover.de/SearchWell/NASA/nasa_task.php?userID=43348892,6062,5232,0
43348892,http://searchwell.l3s.uni-hannover.de/en/search.jsf?query=past%2C present%2C and possible future of interplanetary missions that are planned by the NASA,"2017-07-26 07:08:32.0",http://searchwell.l3s.uni-hannover.de/?uid=43348892,480198,14711,0
43348892,http://en.wikipedia.org.secure.waps.io/wiki/List_of_NASA_missions,"2017-07-26 07:10:22.0",http://searchwell.l3s.uni-hannover.de/en/search.jsf?query=past%2C present%2C and possible future of interplanetary missions that are planned by the NASA,369817,14187,0
43348892,http://jpl.nasa.gov.secure.waps.io/missions/?type=future,"2017-07-26 07:11:01.0",http://searchwell.l3s.uni-hannover.de/en/search.jsf?query=past%2C present%2C and possible future of interplanetary missions that are planned by the NASA,84552,7647,0
29742803,http://searchwell.l3s.uni-hannover.de/?uid=29742803,"2017-07-26 06:40:38.0",http://gadirajuweb.l3s.uni-hannover.de/SearchWell/NASA/nasa_task.php?userID=29742803,24243,11632,0
29742803,http://searchwell.l3s.uni-hannover.de/en/search.jsf?query=Skylab is the first space station launched into orbit by the United States.,"2017-07-26 06:41:03.0",http://searchwell.l3s.uni-hannover.de/?uid=29742803,44853,31652,0
29742803,http://searchwell.l3s.uni-hannover.de/en/search.jsf?query=LADEE stands for Lunar Atmosphere and Dust Environment Explorer,"2017-07-26 06:41:53.0",http://searchwell.l3s.uni-hannover.de/en/search.jsf?query=Skylab is the first space station launched into orbit by the United States.,29925,20686,0
29742803,http://searchwell.l3s.uni-hannover.de/en/search.jsf?query=The Lunar Module was designed to descend from lunar orbit to land two astronauts on the Moon and tak,"2017-07-26 06:42:25.0",http://searchwell.l3s.uni-hannover.de/en/search.jsf?query=LADEE stands for Lunar Atmosphere and Dust Environment Explorer,62793,36018,0
29742803,http://searchwell.l3s.uni-hannover.de/en/search.jsf?query=The Apollo 8 was the first mission achieved the goal of lunar landing and returning to earth,"2017-07-26 06:43:30.0",http://searchwell.l3s.uni-hannover.de/en/search.jsf?query=The Lunar Module was designed to descend from lunar orbit to land two astronauts on the Moon and tak,203191,54413,0
29742803,http://searchwell.l3s.uni-hannover.de/en/search.jsf?query=NASA stands for National Aeronautics and Space Administration,"2017-07-26 06:46:56.0",http://searchwell.l3s.uni-hannover.de/en/search.jsf?query=The Apollo 8 was the first mission achieved the goal of lunar landing and returning to earth,41252,9843,0
29742803,http://searchwell.l3s.uni-hannover.de/en/search.jsf?query=The Apollo Program was the first United States human spaceflight program,"2017-07-26 06:47:39.0",http://searchwell.l3s.uni-hannover.de/en/search.jsf?query=NASA stands for National Aeronautics and Space Administration,52139,8863,0
29742803,http://searchwell.l3s.uni-hannover.de/en/search.jsf?query=he Command%2FService Module was first designed to land on the moon%2C but later it changed the role to t,"2017-07-26 06:48:34.0",http://searchwell.l3s.uni-hannover.de/en/search.jsf?query=The Apollo Program was the first United States human spaceflight program,72892,15035,0
29742803,http://searchwell.l3s.uni-hannover.de/en/search.jsf?query=Project Mercury was NASA%27s first human spaceflight program specialized in orbital and sub-orbital fl,"2017-07-26 06:49:49.0",http://searchwell.l3s.uni-hannover.de/en/search.jsf?query=he Command%2FService Module was first designed to land on the moon%2C but later it changed the role to t,46509,27821,0
29742803,http://searchwell.l3s.uni-hannover.de/en/search.jsf?query=Skylab is the first space station launched into orbit by the United States,"2017-07-26 06:50:38.0",http://searchwell.l3s.uni-hannover.de/en/search.jsf?query=Project Mercury was NASA%27s first human spaceflight program specialized in orbital and sub-orbital fl,62368,4707,0
36201092,http://searchwell.l3s.uni-hannover.de/?uid=36201092,"2017-07-26 06:01:47.0",http://gadirajuweb.l3s.uni-hannover.de/SearchWell/NASA/nasa_task.php?userID=36201092,8028,3042,0
36201092,http://searchwell.l3s.uni-hannover.de/en/search.jsf?query=past%2C present%2C and possible future of interplanetary missions that are planned by the NASA,"2017-07-26 06:01:59.0",http://searchwell.l3s.uni-hannover.de/?uid=36201092,810289,12264,0
36201092,http://www.nasa.gov.secure.waps.io/missions/,"2017-07-26 06:02:20.0",http://searchwell.l3s.uni-hannover.de/en/search.jsf?query=past%2C present%2C and possible future of interplanetary missions that are planned by the NASA,26000,6366,0
36201092,http://jpl.nasa.gov.secure.waps.io/missions/,"2017-07-26 06:03:04.0",http://searchwell.l3s.uni-hannover.de/en/search.jsf?query=past%2C present%2C and possible future of interplanetary missions that are planned by the NASA,0,0,1
43177880,http://searchwell.l3s.uni-hannover.de/?uid=43177880,"2017-07-26 07:57:49.0",http://gadirajuweb.l3s.uni-hannover.de/SearchWell/NASA/nasa_task.php?userID=43177880,114794,3870,0
43177880,http://searchwell.l3s.uni-hannover.de/en/search.jsf?query=woozworld,"2017-07-26 07:59:47.0",http://searchwell.l3s.uni-hannover.de/?uid=43177880,4318,4259,0
43177880,http://searchwell.l3s.uni-hannover.de/?uid=43177880,"2017-07-26 07:59:50.0",http://gadirajuweb.l3s.uni-hannover.de/SearchWell/NASA/nasa_task.php?userID=43177880,861,832,0
43177880,http://searchwell.l3s.uni-hannover.de/?uid=43177880,"2017-07-26 08:00:34.0",http://gadirajuweb.l3s.uni-hannover.de/SearchWell/NASA/nasa_task.php?userID=43177880,4883,4827,0
39700030,http://searchwell.l3s.uni-hannover.de/?uid=39700030,"2017-07-26 07:22:28.0",http://gadirajuweb.l3s.uni-hannover.de/SearchWell/NASA/nasa_task.php?userID=39700030,5619,5581,0
39700030,http://searchwell.l3s.uni-hannover.de/en/search.jsf?query=nasa,"2017-07-26 07:22:40.0",http://searchwell.l3s.uni-hannover.de/?uid=39700030,2349,0,0
43626682,http://searchwell.l3s.uni-hannover.de/?uid=43626682,"2017-07-26 06:17:09.0",http://gadirajuweb.l3s.uni-hannover.de/SearchWell/NASA/nasa_task.php?userID=43626682,157497,3506,0
43626682,http://searchwell.l3s.uni-hannover.de/?uid=43626682,"2017-07-26 06:18:56.0",http://gadirajuweb.l3s.uni-hannover.de/SearchWell/Evolution/evolution_task.php?userID=43626682,41826,2898,0
43626682,http://searchwell.l3s.uni-hannover.de/?uid=43626682,"2017-07-26 06:19:22.0",http://gadirajuweb.l3s.uni-hannover.de/SearchWell/Evolution/evolution_task.php?userID=43626682,1289,767,0
43626682,http://searchwell.l3s.uni-hannover.de/en/search.jsf?query=theory of evolution,"2017-07-26 06:19:39.0",http://searchwell.l3s.uni-hannover.de/?uid=43626682,917939,8830,0
43626682,http://searchwell.l3s.uni-hannover.de/en/search.jsf?query=past%2C present%2C and possible future of interplanetary missions that are planned by the NASA,"2017-07-26 06:19:48.0",http://searchwell.l3s.uni-hannover.de/?uid=43626682,871335,29638,0
43626682,http://www.darwins-theory-of-evolution.com.waps.io/,"2017-07-26 06:21:13.0",http://searchwell.l3s.uni-hannover.de/en/search.jsf?query=theory of evolution,788997,8793,1
43626682,http://en.wikipedia.org.secure.waps.io/wiki/List_of_NASA_missions,"2017-07-26 06:22:55.0",http://searchwell.l3s.uni-hannover.de/en/search.jsf?query=past%2C present%2C and possible future of interplanetary missions that are planned by the NASA,55187,12920,0
43626682,http://en.wikipedia.org.secure.waps.io/wiki/NASA,"2017-07-26 06:24:26.0",http://en.wikipedia.org.secure.waps.io/wiki/List_of_NASA_missions,594615,54388,0
43626682,http://www.nasa.gov.secure.waps.io/missions/,"2017-07-26 06:26:22.0",http://searchwell.l3s.uni-hannover.de/en/search.jsf?query=past%2C present%2C and possible future of interplanetary missions that are planned by the NASA,303014,3989,0
39642854,http://searchwell.l3s.uni-hannover.de/?uid=39642854,"2017-07-26 06:54:23.0",http://gadirajuweb.l3s.uni-hannover.de/SearchWell/NASA/nasa_task.php?userID=39642854,9384,1884,0
39642854,http://searchwell.l3s.uni-hannover.de/en/search.jsf?query=nasa,"2017-07-26 06:54:50.0",http://searchwell.l3s.uni-hannover.de/?uid=39642854,1118092,24411,0
39642854,http://www.huffingtonpost.com.waps.io/topic/nasa,"2017-07-26 06:55:45.0",http://searchwell.l3s.uni-hannover.de/en/search.jsf?query=nasa,14692,5287,0
39642854,http://www.nasa.gov.secure.waps.io/,"2017-07-26 06:56:14.0",http://searchwell.l3s.uni-hannover.de/en/search.jsf?query=nasa,1061106,6280,1
39642854,http://en.wikipedia.org.secure.waps.io/wiki/NASA,"2017-07-26 06:56:26.0",http://searchwell.l3s.uni-hannover.de/en/search.jsf?query=nasa,1023538,79139,0
41742907,http://searchwell.l3s.uni-hannover.de/?uid=41742907,"2017-07-26 06:03:43.0",http://gadirajuweb.l3s.uni-hannover.de/SearchWell/NASA/nasa_task.php?userID=41742907,2721,2452,0
41742907,http://searchwell.l3s.uni-hannover.de/en/search.jsf?query=story of evolution,"2017-07-26 06:03:46.0",http://searchwell.l3s.uni-hannover.de/?uid=41742907,520261,12708,0
41742907,http://www.evolutionary-metaphysics.net.waps.io/evolution_of_humankind.html,"2017-07-26 06:03:52.0",http://searchwell.l3s.uni-hannover.de/en/search.jsf?query=story of evolution,526782,15851,0
41742907,http://storyofevolution.com.waps.io/,"2017-07-26 06:04:48.0",http://searchwell.l3s.uni-hannover.de/en/search.jsf?query=story of evolution,63289,2284,1
36181479,http://searchwell.l3s.uni-hannover.de/?uid=36181479,"2017-07-26 07:54:29.0",http://gadirajuweb.l3s.uni-hannover.de/SearchWell/NASA/nasa_task.php?userID=36181479,49766,24268,0
36181479,http://searchwell.l3s.uni-hannover.de/en/search.jsf?query=%D0%BA%D0%BE%D1%81%D0%BC%D0%B8%D1%87%D0%B5%D1%81%D0%BA%D0%B0%D1%8F %D0%BF%D1%80%D0%BE%D0%B3%D1%80%D0%B0%D0%BC%D0%BC%D0%B0 %D0%A1%D0%A8%D0%90,"2017-07-26 07:56:04.0",http://searchwell.l3s.uni-hannover.de/?uid=36181479,1213218,17378,0
36181479,http://ru.wikipedia.org.secure.waps.io/wiki/%D0%9A%D0%B0%D1%82%D0%B5%D0%B3%D0%BE%D1%80%D0%B8%D1%8F:%D0%9A%D0%BE%D1%81%D0%BC%D0%B8%D1%87%D0%B5%D1%81%D0%BA%D0%B8%D0%B5_%D0%BF%D1%80%D0%BE%D0%B3%D1%80%D0%B0%D0%BC%D0%BC%D1%8B_%D0%A1%D0%A8%D0%90,"2017-07-26 07:56:56.0",http://searchwell.l3s.uni-hannover.de/en/search.jsf?query=%D0%BA%D0%BE%D1%81%D0%BC%D0%B8%D1%87%D0%B5%D1%81%D0%BA%D0%B0%D1%8F %D0%BF%D1%80%D0%BE%D0%B3%D1%80%D0%B0%D0%BC%D0%BC%D0%B0 %D0%A1%D0%A8%D0%90,16477,12576,0
36181479,http://ru.wikipedia.org.secure.waps.io/wiki/%D0%9A%D0%B0%D1%82%D0%B5%D0%B3%D0%BE%D1%80%D0%B8%D1%8F:%D0%9F%D1%80%D0%BE%D0%B3%D1%80%D0%B0%D0%BC%D0%BC%D0%B0_%C2%AB%D0%90%D0%BF%D0%BE%D0%BB%D0%BB%D0%BE%D0%BD%C2%BB,"2017-07-26 07:57:15.0",http://ru.wikipedia.org.secure.waps.io/wiki/%D0%9A%D0%B0%D1%82%D0%B5%D0%B3%D0%BE%D1%80%D0%B8%D1%8F:%D0%9A%D0%BE%D1%81%D0%BC%D0%B8%D1%87%D0%B5%D1%81%D0%BA%D0%B8%D0%B5_%D0%BF%D1%80%D0%BE%D0%B3%D1%80%D0%B0%D0%BC%D0%BC%D1%8B_%D0%A1%D0%A8%D0%90,97647,11028,0
36181479,http://ru.wikipedia.org.secure.waps.io/wiki/%D0%90%D0%BF%D0%BE%D0%BB%D0%BB%D0%BE%D0%BD_(%D0%BA%D0%BE%D1%81%D0%BC%D0%B8%D1%87%D0%B5%D1%81%D0%BA%D0%B8%D0%B9_%D0%BA%D0%BE%D1%80%D0%B0%D0%B1%D0%BB%D1%8C),"2017-07-26 07:58:53.0",http://ru.wikipedia.org.secure.waps.io/wiki/%D0%9A%D0%B0%D1%82%D0%B5%D0%B3%D0%BE%D1%80%D0%B8%D1%8F:%D0%9F%D1%80%D0%BE%D0%B3%D1%80%D0%B0%D0%BC%D0%BC%D0%B0_%C2%AB%D0%90%D0%BF%D0%BE%D0%BB%D0%BB%D0%BE%D0%BD%C2%BB,1247202,13136,0
36181479,http://www.e-reading.club.waps.io/chapter.php/85087/69/Karash_-_Taiiny_lunnoii_gonki.html,"2017-07-26 08:13:09.0",http://searchwell.l3s.uni-hannover.de/en/search.jsf?query=%D0%BA%D0%BE%D1%81%D0%BC%D0%B8%D1%87%D0%B5%D1%81%D0%BA%D0%B0%D1%8F %D0%BF%D1%80%D0%BE%D0%B3%D1%80%D0%B0%D0%BC%D0%BC%D0%B0 %D0%A1%D0%A8%D0%90,3445,2373,0
36181479,http://www.golos-ameriki.ru.secure.waps.io/a/ye-us-space-flight/1568163.html,"2017-07-26 08:13:18.0",http://searchwell.l3s.uni-hannover.de/en/search.jsf?query=%D0%BA%D0%BE%D1%81%D0%BC%D0%B8%D1%87%D0%B5%D1%81%D0%BA%D0%B0%D1%8F %D0%BF%D1%80%D0%BE%D0%B3%D1%80%D0%B0%D0%BC%D0%BC%D0%B0 %D0%A1%D0%A8%D0%90,10336,3410,0
36181479,http://searchwell.l3s.uni-hannover.de/en/search.jsf?query=%D0%B0%D1%82%D0%BB%D0%B0%D1%81,"2017-07-26 08:16:19.0",http://searchwell.l3s.uni-hannover.de/en/search.jsf?query=%D0%BA%D0%BE%D1%81%D0%BC%D0%B8%D1%87%D0%B5%D1%81%D0%BA%D0%B0%D1%8F %D0%BF%D1%80%D0%BE%D0%B3%D1%80%D0%B0%D0%BC%D0%BC%D0%B0 %D0%A1%D0%A8%D0%90,32164,16935,0
36181479,http://searchwell.l3s.uni-hannover.de/en/search.jsf?query=%D0%BF%D0%B5%D1%80%D0%B2%D1%8B%D0%B9 %D0%B0%D0%BC%D0%B5%D1%80%D0%B8%D0%BA%D0%B0%D0%BD%D0%B5%D1%86,"2017-07-26 08:16:53.0",http://searchwell.l3s.uni-hannover.de/en/search.jsf?query=%D0%B0%D1%82%D0%BB%D0%B0%D1%81,30385,14415,0
36181479,http://searchwell.l3s.uni-hannover.de/en/search.jsf?query=%D0%BF%D0%B5%D1%80%D0%B2%D1%8B%D0%B9 %D0%B0%D0%BC%D0%B5%D1%80%D0%B8%D0%BA%D0%B0%D0%BD%D1%81%D0%BA%D0%B8%D0%B9 %D0%BA%D0%BE%D1%81%D0%BC%D0%BE%D0%BD%D0%B0%D0%B2%D1%82,"2017-07-26 08:17:26.0",http://searchwell.l3s.uni-hannover.de/en/search.jsf?query=%D0%BF%D0%B5%D1%80%D0%B2%D1%8B%D0%B9 %D0%B0%D0%BC%D0%B5%D1%80%D0%B8%D0%BA%D0%B0%D0%BD%D0%B5%D1%86,2021,1745,0
36181479,http://searchwell.l3s.uni-hannover.de/en/search.jsf?query=%D0%BF%D0%B5%D1%80%D0%B2%D1%8B%D0%B9 %D0%B0%D0%BC%D0%B5%D1%80%D0%B8%D0%BA%D0%B0%D0%BD%D1%81%D0%BA%D0%B8%D0%B9 %D0%BA%D0%BE%D1%81%D0%BC%D0%BE%D0%BD%D0%B0%D0%B2%D1%82,"2017-07-26 08:17:28.0",http://searchwell.l3s.uni-hannover.de/en/search.jsf?query=%D0%BF%D0%B5%D1%80%D0%B2%D1%8B%D0%B9 %D0%B0%D0%BC%D0%B5%D1%80%D0%B8%D0%BA%D0%B0%D0%BD%D1%81%D0%BA%D0%B8%D0%B9 %D0%BA%D0%BE%D1%81%D0%BC%D0%BE%D0%BD%D0%B0%D0%B2%D1%82,166729,7148,0
36181479,http://ru.wikipedia.org.secure.waps.io/wiki/%D0%9F%D0%B5%D1%80%D0%B2%D1%8B%D0%B9_%D0%BE%D1%82%D1%80%D1%8F%D0%B4_%D0%B0%D1%81%D1%82%D1%80%D0%BE%D0%BD%D0%B0%D0%B2%D1%82%D0%BE%D0%B2_%D0%A1%D0%A8%D0%90,"2017-07-26 08:17:35.0",http://searchwell.l3s.uni-hannover.de/en/search.jsf?query=%D0%BF%D0%B5%D1%80%D0%B2%D1%8B%D0%B9 %D0%B0%D0%BC%D0%B5%D1%80%D0%B8%D0%BA%D0%B0%D0%BD%D1%81%D0%BA%D0%B8%D0%B9 %D0%BA%D0%BE%D1%81%D0%BC%D0%BE%D0%BD%D0%B0%D0%B2%D1%82,25884,2317,1
42082819,http://searchwell.l3s.uni-hannover.de/?uid=42082819,"2017-07-26 06:09:23.0",http://gadirajuweb.l3s.uni-hannover.de/SearchWell/NASA/nasa_task.php?userID=42082819,181142,8682,0
42082819,http://searchwell.l3s.uni-hannover.de/en/search.jsf?query=NASA,"2017-07-26 06:12:26.0",http://searchwell.l3s.uni-hannover.de/?uid=42082819,520329,12772,0
42082819,http://en.wikipedia.org.secure.waps.io/wiki/NASA,"2017-07-26 06:12:54.0",http://searchwell.l3s.uni-hannover.de/en/search.jsf?query=NASA,1205694,146816,0
43588858,http://searchwell.l3s.uni-hannover.de/?uid=43588858,"2017-07-26 06:14:06.0",http://gadirajuweb.l3s.uni-hannover.de/SearchWell/NASA/nasa_task.php?userID=43588858,41467,18934,0
43588858,http://searchwell.l3s.uni-hannover.de/en/search.jsf?query= past%2C present%2C and possible future of interplanetary missions that are planned by the NASA%27. ,"2017-07-26 06:14:46.0",http://searchwell.l3s.uni-hannover.de/?uid=43588858,456820,22545,0
35743341,http://searchwell.l3s.uni-hannover.de/?uid=35743341,"2017-07-26 06:27:00.0",http://gadirajuweb.l3s.uni-hannover.de/SearchWell/NASA/nasa_task.php?userID=35743341,29927,4146,0
35743341,http://searchwell.l3s.uni-hannover.de/en/search.jsf?query=past%2C present%2C and possible future of interplanetary missions that are planned by the NASA,"2017-07-26 06:27:31.0",http://searchwell.l3s.uni-hannover.de/?uid=35743341,685892,16036,0
35743341,http://en.wikipedia.org.secure.waps.io/wiki/List_of_NASA_missions,"2017-07-26 06:29:21.0",http://searchwell.l3s.uni-hannover.de/en/search.jsf?query=past%2C present%2C and possible future of interplanetary missions that are planned by the NASA,189675,37691,0
37166767,http://searchwell.l3s.uni-hannover.de/?uid=37166767,"2017-07-26 06:24:09.0",http://gadirajuweb.l3s.uni-hannover.de/SearchWell/NASA/nasa_task.php?userID=37166767,82313,11587,0
37166767,http://searchwell.l3s.uni-hannover.de/en/search.jsf?query=nasa,"2017-07-26 06:25:47.0",http://searchwell.l3s.uni-hannover.de/?uid=37166767,51219,16808,0
37166767,http://searchwell.l3s.uni-hannover.de/en/search.jsf?query=lunar module,"2017-07-26 06:26:40.0",http://searchwell.l3s.uni-hannover.de/en/search.jsf?query=nasa,54054,15243,0
37166767,http://searchwell.l3s.uni-hannover.de/en/search.jsf?query=nasa motto,"2017-07-26 06:27:35.0",http://searchwell.l3s.uni-hannover.de/en/search.jsf?query=lunar module,46796,16425,0
37166767,http://searchwell.l3s.uni-hannover.de/en/search.jsf?query=lunar module,"2017-07-26 06:28:24.0",http://searchwell.l3s.uni-hannover.de/en/search.jsf?query=nasa,1974,1841,0
37166767,http://searchwell.l3s.uni-hannover.de/en/search.jsf?query=nasa,"2017-07-26 06:28:27.0",http://searchwell.l3s.uni-hannover.de/?uid=37166767,187314,28938,0
37166767,http://en.wikipedia.org.secure.waps.io/wiki/NASA,"2017-07-26 06:31:01.0",http://searchwell.l3s.uni-hannover.de/en/search.jsf?query=nasa,0,0,1
37166767,http://searchwell.l3s.uni-hannover.de/en/search.jsf?query=he Apollo Program was the first United States human spaceflight program,"2017-07-26 06:31:42.0",http://searchwell.l3s.uni-hannover.de/en/search.jsf?query=nasa,17750,5828,0
37166767,http://searchwell.l3s.uni-hannover.de/en/search.jsf?query=landing a man on the Moon and returning him safely to the Earth,"2017-07-26 06:32:06.0",http://searchwell.l3s.uni-hannover.de/en/search.jsf?query=he Apollo Program was the first United States human spaceflight program,28402,12995,0
37166767,http://searchwell.l3s.uni-hannover.de/en/search.jsf?query=6%29. The Apollo 8 was the first mission achieved the goal of lunar landing and returning to earth.,"2017-07-26 06:32:37.0",http://searchwell.l3s.uni-hannover.de/en/search.jsf?query=landing a man on the Moon and returning him safely to the Earth,24905,4424,0
37166767,http://searchwell.l3s.uni-hannover.de/en/search.jsf?query=The Lunar Module was designed to descend from lunar orbit to land two astronauts on the Moon and tak,"2017-07-26 06:33:03.0",http://searchwell.l3s.uni-hannover.de/en/search.jsf?query=6%29. The Apollo 8 was the first mission achieved the goal of lunar landing and returning to earth.,42669,6452,0
37166767,http://searchwell.l3s.uni-hannover.de/en/search.jsf?query=9%29. NASA%27s New Horizons spacecraft traveled through the solar system for nearly one decade to be the,"2017-07-26 06:33:48.0",http://searchwell.l3s.uni-hannover.de/en/search.jsf?query=The Lunar Module was designed to descend from lunar orbit to land two astronauts on the Moon and tak,37557,3845,0
37166767,http://searchwell.l3s.uni-hannover.de/en/search.jsf?query=The Curiosity rover on Mars is in the midst of its ninth drilling campaign since landing on the Red ,"2017-07-26 06:34:28.0",http://searchwell.l3s.uni-hannover.de/en/search.jsf?query=9%29. NASA%27s New Horizons spacecraft traveled through the solar system for nearly one decade to be the,19992,5581,0
37166767,http://searchwell.l3s.uni-hannover.de/en/search.jsf?query=LADEE stands for Lunar Atmosphere and Dust Environment Explorer.,"2017-07-26 06:34:50.0",http://searchwell.l3s.uni-hannover.de/en/search.jsf?query=The Curiosity rover on Mars is in the midst of its ninth drilling campaign since landing on the Red ,22110,2116,0
37166767,http://searchwell.l3s.uni-hannover.de/en/search.jsf?query=Hubble has made more than 1.3 million observations since its mission began in 1990,"2017-07-26 06:35:16.0",http://searchwell.l3s.uni-hannover.de/en/search.jsf?query=LADEE stands for Lunar Atmosphere and Dust Environment Explorer.,19893,6189,0
37166767,http://searchwell.l3s.uni-hannover.de/en/search.jsf?query=Project Mercury was NASA%27s first human spaceflight program specialized in orbital and sub-orbital fl,"2017-07-26 06:35:46.0",http://searchwell.l3s.uni-hannover.de/en/search.jsf?query=Hubble has made more than 1.3 million observations since its mission began in 1990,19678,3086,0
37166767,http://searchwell.l3s.uni-hannover.de/en/search.jsf?query=Skylab is the first space station launched into orbit by the United States,"2017-07-26 06:36:08.0",http://searchwell.l3s.uni-hannover.de/en/search.jsf?query=Project Mercury was NASA%27s first human spaceflight program specialized in orbital and sub-orbital fl,100558,6871,0
42083792,http://searchwell.l3s.uni-hannover.de/?uid=42083792,"2017-07-26 06:10:43.0",http://gadirajuweb.l3s.uni-hannover.de/SearchWell/NASA/nasa_task.php?userID=42083792,147267,2418,1
42083792,http://searchwell.l3s.uni-hannover.de/en/search.jsf?query=que significa NASA,"2017-07-26 06:18:39.0",,175916,13972,0
6330572,http://searchwell.l3s.uni-hannover.de/?uid=6330572,"2017-07-26 06:56:31.0",http://gadirajuweb.l3s.uni-hannover.de/SearchWell/NASA/nasa_task.php?userID=6330572,11415,10905,0
6330572,http://searchwell.l3s.uni-hannover.de/?uid=6330572,"2017-07-26 06:57:15.0",http://gadirajuweb.l3s.uni-hannover.de/SearchWell/NASA/nasa_task.php?userID=6330572,2434,2054,0
6330572,http://searchwell.l3s.uni-hannover.de/en/search.jsf?query=nasa,"2017-07-26 06:57:25.0",http://searchwell.l3s.uni-hannover.de/?uid=6330572,77154,19257,0
6330572,http://www.nasa.gov.secure.waps.io/,"2017-07-26 06:58:05.0",http://searchwell.l3s.uni-hannover.de/en/search.jsf?query=nasa,10656,10209,0
6330572,http://searchwell.l3s.uni-hannover.de/en/search.jsf?query=interplanetary nasa missions,"2017-07-26 06:58:43.0",http://searchwell.l3s.uni-hannover.de/en/search.jsf?query=nasa,818272,9468,0
6330572,http://www.nasa.gov.secure.waps.io/mission_pages/station/research/news/orion_tests_technology/,"2017-07-26 06:59:07.0",http://searchwell.l3s.uni-hannover.de/en/search.jsf?query=interplanetary nasa missions,56986,27679,0
6330572,http://www.nasa.gov.secure.waps.io/mission_pages/newhorizons/main/index.html,"2017-07-26 07:00:06.0",http://www.nasa.gov.secure.waps.io/offices/oct/feature/technology-research-on-station-breathes-life-into-life-support,31210,20706,0
6330572,http://www.nasa.gov.secure.waps.io/mission_pages/cassini/main/index.html,"2017-07-26 07:00:42.0",http://www.nasa.gov.secure.waps.io/mission_pages/newhorizons/main/index.html,11597,11471,0
6330572,http://www.nasa.gov.secure.waps.io/feature/jpl/saturn-surprises-as-cassini-continues-its-grand-finale/,"2017-07-26 07:00:54.0",http://www.nasa.gov.secure.waps.io/mission_pages/cassini/main/index.html,33116,32941,0
6330572,http://www.nasa.gov.secure.waps.io/topics/history/index.html,"2017-07-26 07:01:31.0",http://www.nasa.gov.secure.waps.io/feature/jpl/saturn-surprises-as-cassini-continues-its-grand-finale,25350,12587,0
6330572,http://www.nasa.gov.secure.waps.io/about/index.html,"2017-07-26 07:02:00.0",http://www.nasa.gov.secure.waps.io/topics/history/index.html,25266,16849,0
6330572,http://www.nasa.gov.secure.waps.io/about/org_index.html,"2017-07-26 07:02:30.0",http://www.nasa.gov.secure.waps.io/about/index.html,35806,25852,0
6330572,http://www.nasa.gov.secure.waps.io/topics/history/index.html,"2017-07-26 07:03:06.0",http://www.nasa.gov.secure.waps.io/about/org_index.html,5282,4666,0
6330572,http://www.nasa.gov.secure.waps.io/topics/,"2017-07-26 07:03:16.0",http://www.nasa.gov.secure.waps.io/topics/history/index.html,20971,12897,0
6330572,http://www.nasa.gov.secure.waps.io/mission_pages/apollo/revisited/index.html,"2017-07-26 07:03:55.0",http://www.nasa.gov.secure.waps.io/topics/,15337,12214,0
6330572,http://www.nasa.gov.secure.waps.io/mission_pages/apollo/missions/index.html,"2017-07-26 07:04:26.0",http://www.nasa.gov.secure.waps.io/mission_pages/apollo/revisited/index.html,46115,32505,0
6330572,http://www.nasa.gov.waps.io/mission_pages/apollo/missions/apollo7.html,"2017-07-26 07:05:15.0",http://www.nasa.gov.secure.waps.io/mission_pages/apollo/missions/index.html,0,0,1
6330572,http://www.nasa.gov.secure.waps.io/mission_pages/apollo/missions/index.html,"2017-07-26 07:05:25.0",http://www.nasa.gov.secure.waps.io/mission_pages/apollo/revisited/index.html,1828,1750,0
6330572,http://www.nasa.gov.waps.io/mission_pages/apollo/missions/apollo8.html,"2017-07-26 07:05:37.0",http://www.nasa.gov.secure.waps.io/mission_pages/apollo/missions/index.html,39855,17363,0
6330572,http://www.nasa.gov.secure.waps.io/mission_pages/apollo/missions/index.html,"2017-07-26 07:06:17.0",http://www.nasa.gov.secure.waps.io/mission_pages/apollo/revisited/index.html,2539,2166,0
6330572,http://www.nasa.gov.waps.io/mission_pages/apollo/missions/apollo1.html,"2017-07-26 07:06:22.0",http://www.nasa.gov.secure.waps.io/mission_pages/apollo/missions/index.html,5298,4907,0
6330572,http://www.nasa.gov.secure.waps.io/mission_pages/apollo/missions/index.html,"2017-07-26 07:06:28.0",http://www.nasa.gov.secure.waps.io/mission_pages/apollo/revisited/index.html,1912,1819,0
6330572,http://www.nasa.gov.waps.io/mission_pages/apollo/missions/apollo7.html,"2017-07-26 07:06:31.0",http://www.nasa.gov.secure.waps.io/mission_pages/apollo/missions/index.html,0,0,0
6330572,http://www.nasa.gov.secure.waps.io/mission_pages/apollo/missions/index.html,"2017-07-26 07:06:41.0",http://www.nasa.gov.secure.waps.io/mission_pages/apollo/revisited/index.html,6363,5993,0
6330572,http://www.nasa.gov.secure.waps.io/content/apollo-feature-archives/index.html,"2017-07-26 07:06:48.0",http://www.nasa.gov.secure.waps.io/mission_pages/apollo/missions/index.html,8113,3258,0
6330572,http://www.nasa.gov.secure.waps.io/mission_pages/apollo/missions/index.html,"2017-07-26 07:06:56.0",http://www.nasa.gov.secure.waps.io/mission_pages/apollo/revisited/index.html,13113,8848,0
6330572,http://www.nasa.gov.secure.waps.io/mission_pages/apollo/index.html,"2017-07-26 07:07:11.0",http://www.nasa.gov.secure.waps.io/mission_pages/apollo/missions/index.html,45597,12451,0
6330572,http://www.nasa.gov.secure.waps.io/mission_pages/newhorizons/main/index.html,"2017-07-26 07:07:57.0",http://www.nasa.gov.secure.waps.io/mission_pages/apollo/index.html,44284,10273,0
36826029,http://searchwell.l3s.uni-hannover.de/?uid=36826029,"2017-07-26 07:07:11.0",http://gadirajuweb.l3s.uni-hannover.de/SearchWell/NASA/nasa_task.php?userID=36826029,41466,14501,0
36826029,http://searchwell.l3s.uni-hannover.de/en/search.jsf?query=nasa plans,"2017-07-26 07:08:04.0",http://searchwell.l3s.uni-hannover.de/?uid=36826029,46147,40310,0
36826029,http://searchwell.l3s.uni-hannover.de/en/search.jsf?query=nasa past missions,"2017-07-26 07:09:04.0",http://searchwell.l3s.uni-hannover.de/en/search.jsf?query=nasa plans,77053,23334,0
36826029,http://searchwell.l3s.uni-hannover.de/en/search.jsf?query=future nasa missions,"2017-07-26 07:10:22.0",http://searchwell.l3s.uni-hannover.de/en/search.jsf?query=nasa past missions,25445,17936,0
36826029,http://searchwell.l3s.uni-hannover.de/en/search.jsf,"2017-07-26 07:10:48.0",http://searchwell.l3s.uni-hannover.de/en/search.jsf?query=future nasa missions,89682,7542,0
36826029,http://mars.nasa.gov.secure.waps.io/programmissions/missions/future/mars2020/,"2017-07-26 07:11:00.0",http://searchwell.l3s.uni-hannover.de/en/search.jsf?query=future nasa missions,49906,48764,0
36826029,http://mars.nasa.gov.secure.waps.io/programmissions/,"2017-07-26 07:12:05.0",http://mars.nasa.gov.secure.waps.io/programmissions/missions/future/mars2020/,8849,6196,0
43055814,http://searchwell.l3s.uni-hannover.de/?uid=43055814,"2017-07-26 07:20:18.0",http://gadirajuweb.l3s.uni-hannover.de/SearchWell/NASA/nasa_task.php?userID=43055814,4245,3783,0
43055814,http://searchwell.l3s.uni-hannover.de/en/search.jsf?query=ast%2C present%2C and possible future of interplanetary missions that are planned by the NASA,"2017-07-26 07:20:23.0",http://searchwell.l3s.uni-hannover.de/?uid=43055814,456881,27738,0
43055814,http://en.wikipedia.org.secure.waps.io/wiki/Exploration_of_Mars,"2017-07-26 07:20:47.0",http://searchwell.l3s.uni-hannover.de/en/search.jsf?query=ast%2C present%2C and possible future of interplanetary missions that are planned by the NASA,271059,33319,1
43055814,http://www.nasa.gov.secure.waps.io/missions/,"2017-07-26 07:20:59.0",http://searchwell.l3s.uni-hannover.de/en/search.jsf?query=ast%2C present%2C and possible future of interplanetary missions that are planned by the NASA,13822,7862,0
43055814,http://www.nasa.gov.secure.waps.io/mission_pages/apollo/,"2017-07-26 07:21:20.0",http://www.nasa.gov.secure.waps.io/missions,208478,50298,0
43055814,http://futureplanets.blogspot.de.waps.io/,"2017-07-26 07:21:55.0",http://searchwell.l3s.uni-hannover.de/en/search.jsf?query=ast%2C present%2C and possible future of interplanetary missions that are planned by the NASA,502142,1503,1
43055814,http://www.nasa.gov.secure.waps.io/missions/,"2017-07-26 07:25:00.0",http://searchwell.l3s.uni-hannover.de/en/search.jsf?query=ast%2C present%2C and possible future of interplanetary missions that are planned by the NASA,35926,26164,0
43055814,http://futureplanets.blogspot.de.waps.io/,"2017-07-26 07:25:59.0",http://searchwell.l3s.uni-hannover.de/en/search.jsf?query=ast%2C present%2C and possible future of interplanetary missions that are planned by the NASA,58681,497,1
43055814,http://www.nasa.gov.secure.waps.io/mission_pages/hubble/main/index.html,"2017-07-26 07:25:59.0",http://www.nasa.gov.secure.waps.io/missions,259067,27012,0
43055814,http://futureplanets.blogspot.de.waps.io/,"2017-07-26 07:26:52.0",http://searchwell.l3s.uni-hannover.de/en/search.jsf?query=ast%2C present%2C and possible future of interplanetary missions that are planned by the NASA,361529,13420,0
43055814,http://searchwell.l3s.uni-hannover.de/en/search.jsf?query=what nasa stands for,"2017-07-26 07:28:01.0",http://searchwell.l3s.uni-hannover.de/en/search.jsf?query=ast%2C present%2C and possible future of interplanetary missions that are planned by the NASA,52090,11605,0
43055814,http://www.abbreviations.com.waps.io/NASA,"2017-07-26 07:28:16.0",http://searchwell.l3s.uni-hannover.de/en/search.jsf?query=what nasa stands for,279579,11840,0
43055814,http://searchwell.l3s.uni-hannover.de/en/search.jsf?query=first human reached mar,"2017-07-26 07:28:55.0",http://searchwell.l3s.uni-hannover.de/en/search.jsf?query=what nasa stands for,13969,6840,0
43055814,http://searchwell.l3s.uni-hannover.de/en/search.jsf?query=orbit,"2017-07-26 07:29:10.0",http://searchwell.l3s.uni-hannover.de/en/search.jsf?query=first human reached mar,12451,11916,0
43055814,http://searchwell.l3s.uni-hannover.de/en/search.jsf?query=fisrst human reached orbit,"2017-07-26 07:29:24.0",http://searchwell.l3s.uni-hannover.de/en/search.jsf?query=orbit,207852,2869,0
43055814,http://www.nasa.gov.secure.waps.io/missions/,"2017-07-26 07:30:18.0",http://searchwell.l3s.uni-hannover.de/en/search.jsf?query=ast%2C present%2C and possible future of interplanetary missions that are planned by the NASA,7827,7553,0
43055814,http://www.nasa.gov.secure.waps.io/mission_pages/newhorizons/main/index.html,"2017-07-26 07:30:33.0",http://www.nasa.gov.secure.waps.io/missions,141638,27939,0
25411600,http://searchwell.l3s.uni-hannover.de/?uid=25411600,"2017-07-26 06:09:16.0",http://gadirajuweb.l3s.uni-hannover.de/SearchWell/NASA/nasa_task.php?userID=25411600,10309,9393,0
25411600,http://searchwell.l3s.uni-hannover.de/en/search.jsf?query=nasa,"2017-07-26 06:09:29.0",http://searchwell.l3s.uni-hannover.de/?uid=25411600,547519,13457,0
25411600,http://en.wikipedia.org.secure.waps.io/wiki/NASA,"2017-07-26 06:10:37.0",http://searchwell.l3s.uni-hannover.de/en/search.jsf?query=nasa,421035,27049,1
25411600,http://en.wikipedia.org.secure.waps.io/wiki/NASA,"2017-07-26 06:18:20.0",http://searchwell.l3s.uni-hannover.de/en/search.jsf?query=nasa,0,0,1
39422187,http://searchwell.l3s.uni-hannover.de/?uid=39422187,"2017-07-26 06:12:29.0",http://gadirajuweb.l3s.uni-hannover.de/SearchWell/NASA/nasa_task.php?userID=39422187,11291,3935,0
39422187,http://searchwell.l3s.uni-hannover.de/en/search.jsf?query=past%2C present%2C and possible future of interplanetary missions that are planned by the NASA,"2017-07-26 06:13:10.0",http://searchwell.l3s.uni-hannover.de/?uid=39422187,638998,60445,0
39422187,http://en.wikipedia.org.secure.waps.io/wiki/List_of_NASA_missions,"2017-07-26 06:13:57.0",http://searchwell.l3s.uni-hannover.de/en/search.jsf?query=past%2C present%2C and possible future of interplanetary missions that are planned by the NASA,594907,39475,0
39422187,http://en.wikipedia.org.secure.waps.io/wiki/Exploration_of_Mars,"2017-07-26 06:14:01.0",http://searchwell.l3s.uni-hannover.de/en/search.jsf?query=past%2C present%2C and possible future of interplanetary missions that are planned by the NASA,321962,29007,0
39422187,http://en.wikipedia.org.secure.waps.io/wiki/Space_exploration,"2017-07-26 06:14:51.0",http://searchwell.l3s.uni-hannover.de/en/search.jsf?query=past%2C present%2C and possible future of interplanetary missions that are planned by the NASA,266814,28535,1
39422187,http://en.wikipedia.org.secure.waps.io/wiki/List_of_NASA_missions,"2017-07-26 06:16:30.0",http://searchwell.l3s.uni-hannover.de/en/search.jsf?query=past%2C present%2C and possible future of interplanetary missions that are planned by the NASA,440417,19958,0
39422187,http://www.nasa.gov.secure.waps.io/missions/,"2017-07-26 06:18:33.0",http://searchwell.l3s.uni-hannover.de/en/search.jsf?query=past%2C present%2C and possible future of interplanetary missions that are planned by the NASA,32356,1381,1
41125510,http://searchwell.l3s.uni-hannover.de/?uid=41125510,"2017-07-26 06:44:27.0",http://gadirajuweb.l3s.uni-hannover.de/SearchWell/NASA/nasa_task.php?userID=41125510,44142,7650,0
41125510,http://searchwell.l3s.uni-hannover.de/en/search.jsf?query= past%2C present%2C and possible future of interplanetary missions that are planned by the NASA,"2017-07-26 06:45:12.0",http://searchwell.l3s.uni-hannover.de/?uid=41125510,56117,8840,0
41125510,http://www.nasa.gov.secure.waps.io/missions/,"2017-07-26 06:45:24.0",http://searchwell.l3s.uni-hannover.de/en/search.jsf?query= past%2C present%2C and possible future of interplanetary missions that are planned by the NASA,635011,34967,0
41125510,http://searchwell.l3s.uni-hannover.de/en/search.jsf?query= past%2C present%2C and possible future of interplanetary missions that are planned by the NASA,"2017-07-26 06:47:05.0",http://searchwell.l3s.uni-hannover.de/en/search.jsf?query= past%2C present%2C and possible future of interplanetary missions that are planned by the NASA,532517,41291,0
41125510,http://www.nasa.gov.secure.waps.io/mission_pages/juno/main/index.html,"2017-07-26 06:50:21.0",http://www.nasa.gov.secure.waps.io/missions,37694,8138,1
41125510,http://www.nasa.gov.secure.waps.io/mission_pages/station/main/index.html,"2017-07-26 06:50:22.0",http://www.nasa.gov.secure.waps.io/missions,338059,6936,0
41125510,http://www.nasa.gov.secure.waps.io/mission_pages/calipso/main/index.html,"2017-07-26 06:50:22.0",http://www.nasa.gov.secure.waps.io/missions,97248,11617,1
41125510,http://futureplanets.blogspot.de.waps.io/,"2017-07-26 06:52:02.0",http://searchwell.l3s.uni-hannover.de/en/search.jsf?query= past%2C present%2C and possible future of interplanetary missions that are planned by the NASA,0,0,1
43125608,http://searchwell.l3s.uni-hannover.de/?uid=43125608,"2017-07-26 06:38:26.0",http://gadirajuweb.l3s.uni-hannover.de/SearchWell/NASA/nasa_task.php?userID=43125608,3991,3467,0
43125608,http://searchwell.l3s.uni-hannover.de/en/search.jsf?query=NASA taraf%C4%B1ndan planlanan gezegenler aras%C4%B1 g%C3%B6revlerin ge%C3%A7mi%C5%9Fi%2C mevcut ve gelecekteki olas%C4%B1l%C4%B1%C4%9F%C4%B1 ,"2017-07-26 06:38:43.0",http://searchwell.l3s.uni-hannover.de/?uid=43125608,27016,19537,0
43125608,http://searchwell.l3s.uni-hannover.de/en/search.jsf?query=NASA taraf%C4%B1ndan planlanan gezegenler aras%C4%B1 g%C3%B6revlerin ge%C3%A7mi%C5%9Fi,"2017-07-26 06:39:11.0",http://searchwell.l3s.uni-hannover.de/en/search.jsf?query=NASA taraf%C4%B1ndan planlanan gezegenler aras%C4%B1 g%C3%B6revlerin ge%C3%A7mi%C5%9Fi%2C mevcut ve gelecekteki olas%C4%B1l%C4%B1%C4%9F%C4%B1 ,9919,9414,0
43125608,http://searchwell.l3s.uni-hannover.de/en/search.jsf?query=NASA ,"2017-07-26 06:39:21.0",http://searchwell.l3s.uni-hannover.de/en/search.jsf?query=NASA taraf%C4%B1ndan planlanan gezegenler aras%C4%B1 g%C3%B6revlerin ge%C3%A7mi%C5%9Fi,269546,43307,0
43125608,http://www.nasa.gov.secure.waps.io/,"2017-07-26 06:42:09.0",http://searchwell.l3s.uni-hannover.de/en/search.jsf?query=NASA ,17025,6305,0
43125608,http://www.nasa.gov.secure.waps.io/mission_pages/newhorizons/main/index.html,"2017-07-26 06:42:27.0",http://www.nasa.gov.secure.waps.io/,21734,3435,0
43125608,http://www.nasa.gov.secure.waps.io/,"2017-07-26 06:42:49.0",http://searchwell.l3s.uni-hannover.de/en/search.jsf?query=NASA ,63674,14956,0
43125608,http://en.wikipedia.org.secure.waps.io/wiki/NASA,"2017-07-26 06:43:29.0",http://searchwell.l3s.uni-hannover.de/en/search.jsf?query=NASA ,210930,34293,1
35902657,http://searchwell.l3s.uni-hannover.de/?uid=35902657,"2017-07-26 06:12:02.0",http://gadirajuweb.l3s.uni-hannover.de/SearchWell/NASA/nasa_task.php?userID=35902657,0,0,1
35902657,http://searchwell.l3s.uni-hannover.de/?uid=35902657,"2017-07-26 06:12:23.0",http://gadirajuweb.l3s.uni-hannover.de/SearchWell/NASA/nasa_task.php?userID=35902657,5951,4150,1
35902657,http://searchwell.l3s.uni-hannover.de/?uid=35902657,"2017-07-26 06:12:50.0",http://gadirajuweb.l3s.uni-hannover.de/SearchWell/NASA/nasa_task.php?userID=35902657,0,0,1
35902657,http://searchwell.l3s.uni-hannover.de/?uid=35902657,"2017-07-26 06:13:41.0",http://gadirajuweb.l3s.uni-hannover.de/SearchWell/NASA/nasa_task.php?userID=35902657,0,0,1
35902657,http://searchwell.l3s.uni-hannover.de/?uid=35902657,"2017-07-26 06:14:39.0",http://gadirajuweb.l3s.uni-hannover.de/SearchWell/NASA/nasa_task.php?userID=35902657,2170,174,1
35902657,http://searchwell.l3s.uni-hannover.de/?uid=35902657,"2017-07-26 06:14:50.0",http://gadirajuweb.l3s.uni-hannover.de/SearchWell/NASA/nasa_task.php?userID=35902657,3156,230,1
35902657,http://searchwell.l3s.uni-hannover.de/?uid=35902657,"2017-07-26 06:15:02.0",http://gadirajuweb.l3s.uni-hannover.de/SearchWell/NASA/nasa_task.php?userID=35902657,3332,172,1
35902657,http://searchwell.l3s.uni-hannover.de/en/search.jsf?query=%D1%82%D0%B5%D0%BE%D1%80%D0%B8%D0%B8 past%2C present%2C and possible future of interplanetary missions that are planned by the NASA.,"2017-07-26 06:15:16.0",http://searchwell.l3s.uni-hannover.de/?uid=35902657,12357,0,1
35902657,http://searchwell.l3s.uni-hannover.de/?uid=35902657,"2017-07-26 06:20:32.0",http://gadirajuweb.l3s.uni-hannover.de/SearchWell/NASA/nasa_task.php?userID=35902657,0,0,1
35902657,http://searchwell.l3s.uni-hannover.de/en/search.jsf?query=%D1%82%D0%B5%D0%BE%D1%80%D0%B8%D0%B8 past%2C present%2C and possible future of interplanetary missions that are planned by the NASA.,"2017-07-26 06:20:35.0",http://searchwell.l3s.uni-hannover.de/?uid=35902657,108430,10321,1
35902657,http://en.wikipedia.org.secure.waps.io/wiki/Exploration_of_Mars,"2017-07-26 06:23:38.0",http://searchwell.l3s.uni-hannover.de/en/search.jsf?query=%D1%82%D0%B5%D0%BE%D1%80%D0%B8%D0%B8 past%2C present%2C and possible future of interplanetary missions that are planned by the NASA.,0,0,1
43631771,http://searchwell.l3s.uni-hannover.de/?uid=43631771,"2017-07-26 07:23:24.0",http://gadirajuweb.l3s.uni-hannover.de/SearchWell/NASA/nasa_task.php?userID=43631771,37227,6245,0
43631771,http://searchwell.l3s.uni-hannover.de/en/search.jsf?query=mercury mission,"2017-07-26 07:24:06.0",http://searchwell.l3s.uni-hannover.de/?uid=43631771,11066,5600,0
43631771,http://en.wikipedia.org.secure.waps.io/wiki/Project_Mercury,"2017-07-26 07:24:18.0",http://searchwell.l3s.uni-hannover.de/en/search.jsf?query=mercury mission,1147170,30189,0
43631771,http://searchwell.l3s.uni-hannover.de/en/search.jsf?query=nasa,"2017-07-26 07:24:20.0",http://searchwell.l3s.uni-hannover.de/en/search.jsf?query=mercury mission,17231,16961,0
43631771,http://en.wikipedia.org.secure.waps.io/wiki/NASA,"2017-07-26 07:24:30.0",http://searchwell.l3s.uni-hannover.de/en/search.jsf?query=nasa,996940,194174,1
43631771,http://searchwell.l3s.uni-hannover.de/en/search.jsf?query=apolo mision,"2017-07-26 07:24:39.0",http://searchwell.l3s.uni-hannover.de/en/search.jsf?query=nasa,705616,4916,0
43631771,http://www.nasa.gov.secure.waps.io/,"2017-07-26 07:25:02.0",http://searchwell.l3s.uni-hannover.de/en/search.jsf?query=nasa,464916,8408,0
43631771,http://en.wikipedia.org.secure.waps.io/wiki/Skylab,"2017-07-26 07:28:14.0",http://en.wikipedia.org.secure.waps.io/wiki/NASA,604023,27231,1
43631771,http://en.wikipedia.org.secure.waps.io/wiki/New_Horizons,"2017-07-26 07:29:26.0",http://en.wikipedia.org.secure.waps.io/wiki/NASA,837734,19383,0
43631771,http://en.wikipedia.org.secure.waps.io/wiki/Apollo_program,"2017-07-26 07:33:02.0",http://searchwell.l3s.uni-hannover.de/en/search.jsf?query=apolo mision,620696,33130,0
43631771,http://www.nasa.gov.secure.waps.io/about/org_index.html,"2017-07-26 07:33:08.0",http://www.nasa.gov.secure.waps.io/,52514,22495,0
43631771,http://www.nasa.gov.secure.waps.io/astronauts/,"2017-07-26 07:34:10.0",http://www.nasa.gov.secure.waps.io/about/org_index.html,76723,46589,1
43310837,http://searchwell.l3s.uni-hannover.de/?uid=43310837,"2017-07-26 06:07:48.0",http://gadirajuweb.l3s.uni-hannover.de/SearchWell/NASA/nasa_task.php?userID=43310837,30431,7157,0
43310837,http://searchwell.l3s.uni-hannover.de/en/search.jsf?query=nasa,"2017-07-26 06:08:21.0",http://searchwell.l3s.uni-hannover.de/?uid=43310837,364946,10476,0
43310837,http://en.wikipedia.org.secure.waps.io/wiki/NASA,"2017-07-26 06:09:04.0",http://searchwell.l3s.uni-hannover.de/en/search.jsf?query=nasa,321117,67875,0
41595150,http://searchwell.l3s.uni-hannover.de/?uid=41595150,"2017-07-26 07:07:14.0",http://gadirajuweb.l3s.uni-hannover.de/SearchWell/NASA/nasa_task.php?userID=41595150,3843,3788,0
37741931,http://searchwell.l3s.uni-hannover.de/?uid=37741931,"2017-07-26 06:43:04.0",http://gadirajuweb.l3s.uni-hannover.de/SearchWell/NASA/nasa_task.php?userID=37741931,12916,2404,0
37741931,http://searchwell.l3s.uni-hannover.de/en/search.jsf?query=misiones interplanetarias planificadas por la NASA,"2017-07-26 06:43:20.0",http://searchwell.l3s.uni-hannover.de/?uid=37741931,21118,6088,0
37741931,http://searchwell.l3s.uni-hannover.de/en/search.jsf?query=interplanetary missions that are planned by the NASA,"2017-07-26 06:43:42.0",http://searchwell.l3s.uni-hannover.de/en/search.jsf?query=misiones interplanetarias planificadas por la NASA,700777,36761,0
37741931,http://science.nasa.gov.secure.waps.io/missions-page,"2017-07-26 06:45:28.0",http://searchwell.l3s.uni-hannover.de/en/search.jsf?query=interplanetary missions that are planned by the NASA,27320,22666,0
37741931,http://science.nasa.gov.secure.waps.io/missions/ace,"2017-07-26 06:45:57.0",http://science.nasa.gov.secure.waps.io/missions-page,18578,10666,0
37741931,http://science.nasa.gov.secure.waps.io/missions-page,"2017-07-26 06:46:20.0",http://searchwell.l3s.uni-hannover.de/en/search.jsf?query=interplanetary missions that are planned by the NASA,35297,34004,0
37741931,http://science.nasa.gov.secure.waps.io/missions-page,"2017-07-26 06:47:13.0",http://searchwell.l3s.uni-hannover.de/en/search.jsf?query=interplanetary missions that are planned by the NASA,260818,143573,1
42395271,http://searchwell.l3s.uni-hannover.de/?uid=42395271,"2017-07-26 06:10:19.0",http://gadirajuweb.l3s.uni-hannover.de/SearchWell/NASA/nasa_task.php?userID=42395271,36730,5843,0
42395271,http://searchwell.l3s.uni-hannover.de/en/search.jsf?query=conocimiento sobre el pasado%2C presente y posible futuro de las misiones interplanetarias que est%C3%A1n p,"2017-07-26 06:10:58.0",http://searchwell.l3s.uni-hannover.de/?uid=42395271,30604,29257,0
42395271,http://searchwell.l3s.uni-hannover.de/en/search.jsf?query=pasado%2C presente y futuro de la NASA,"2017-07-26 06:11:30.0",http://searchwell.l3s.uni-hannover.de/en/search.jsf?query=conocimiento sobre el pasado%2C presente y posible futuro de las misiones interplanetarias que est%C3%A1n p,47093,30090,0
42395271,http://searchwell.l3s.uni-hannover.de/en/search.jsf?query=misiones interplanetarias que est%C3%A1n planificadas por la NASA,"2017-07-26 06:12:19.0",http://searchwell.l3s.uni-hannover.de/en/search.jsf?query=pasado%2C presente y futuro de la NASA,24428,14156,0
42395271,http://navegantecalifornio.wordpress.com.secure.waps.io/2014/06/12/la-nasa-pasado-presente-y-futuro-la-luna/,"2017-07-26 06:13:00.0",http://searchwell.l3s.uni-hannover.de/en/search.jsf?query=pasado%2C presente y futuro de la NASA,48010,43431,1
42395271,http://danielmarin.naukas.com.waps.io/2017/06/19/la-proxima-gran-mision-de-la-nasa-las-sondas-para-estudiar-urano-y-neptuno/,"2017-07-26 06:13:05.0",http://searchwell.l3s.uni-hannover.de/en/search.jsf?query=misiones interplanetarias que est%C3%A1n planificadas por la NASA,59380,9199,0
42395271,http://josevicentediaz.com.secure.waps.io/tag/misiones-interplanetarias/,"2017-07-26 06:13:07.0",http://searchwell.l3s.uni-hannover.de/en/search.jsf?query=misiones interplanetarias que est%C3%A1n planificadas por la NASA,241375,19917,0
43663333,http://en.wikipedia.org.secure.waps.io/wiki/NASA,"2017-07-26 06:13:56.0",http://searchwell.l3s.uni-hannover.de/en/search.jsf?query=nasa,291012,1709,0
43663333,http://www.nasa.gov.secure.waps.io/,"2017-07-26 06:14:02.0",http://searchwell.l3s.uni-hannover.de/en/search.jsf?query=nasa,68136,3769,0
43663333,http://en.wikipedia.org.secure.waps.io/wiki/Voyager_program,"2017-07-26 06:14:02.0",http://searchwell.l3s.uni-hannover.de/en/search.jsf?query=voyager,886941,1508,1
43663333,http://voyager.jpl.nasa.gov.secure.waps.io/,"2017-07-26 06:14:53.0",http://searchwell.l3s.uni-hannover.de/en/search.jsf?query=voyager,160559,704,0
43663333,http://en.wikipedia.org.secure.waps.io/wiki/Apollo_program,"2017-07-26 06:17:58.0",http://searchwell.l3s.uni-hannover.de/en/search.jsf?query=apollo nasa,638772,1534,0
43663333,http://en.wikipedia.org.secure.waps.io/wiki/Hubble_Space_Telescope,"2017-07-26 06:23:28.0",http://searchwell.l3s.uni-hannover.de/en/search.jsf?query=hubble telescope,306630,1289,0
43663333,http://en.wikipedia.org.secure.waps.io/wiki/Skylab,"2017-07-26 06:25:42.0",http://searchwell.l3s.uni-hannover.de/en/search.jsf?query=skylab,175906,0,1
43663333,http://www.nasa.gov.secure.waps.io/mission_pages/skylab/,"2017-07-26 06:26:00.0",http://searchwell.l3s.uni-hannover.de/en/search.jsf?query=skylab,162891,1743,0
43667456,http://searchwell.l3s.uni-hannover.de/?uid=43667456,"2017-07-26 06:17:10.0",http://gadirajuweb.l3s.uni-hannover.de/SearchWell/NASA/nasa_task.php?userID=43667456,179073,7328,0
43667456,http://searchwell.l3s.uni-hannover.de/en/search.jsf?query=past%2C present%2C and possible future of interplanetary missions that are planned by the NASA%27. ,"2017-07-26 06:20:10.0",http://searchwell.l3s.uni-hannover.de/?uid=43667456,174499,54278,0
43667456,http://searchwell.l3s.uni-hannover.de/en/search.jsf?query=NASA conducts its work in two principal organizations%2C called mission directorates%3A Human Exploratio,"2017-07-26 06:24:01.0",http://searchwell.l3s.uni-hannover.de/en/search.jsf?query=past%2C present%2C and possible future of interplanetary missions that are planned by the NASA%27. ,20445,14831,0
43667456,http://searchwell.l3s.uni-hannover.de/en/search.jsf?query=On Feb. 20%2C 1962%2C an Atlas rocket successfully carried Sen. John Glenn into orbit as the first human,"2017-07-26 06:24:24.0",http://searchwell.l3s.uni-hannover.de/en/search.jsf?query=NASA conducts its work in two principal organizations%2C called mission directorates%3A Human Exploratio,30858,9641,0
43667456,http://searchwell.l3s.uni-hannover.de/en/search.jsf?query=The Apollo Program was the first United States human spaceflight program.,"2017-07-26 06:24:57.0",http://searchwell.l3s.uni-hannover.de/en/search.jsf?query=On Feb. 20%2C 1962%2C an Atlas rocket successfully carried Sen. John Glenn into orbit as the first human,31744,18500,0
43667456,http://searchwell.l3s.uni-hannover.de/en/search.jsf?query=One of President John F. Kennedy%27s national goals was %22landing a man on the Moon and returning him s,"2017-07-26 06:25:35.0",http://searchwell.l3s.uni-hannover.de/en/search.jsf?query=The Apollo Program was the first United States human spaceflight program.,37482,5617,0
43667456,http://searchwell.l3s.uni-hannover.de/en/search.jsf?query=The Lunar Module was designed to descend from lunar orbit to land two astronauts on the Moon and tak,"2017-07-26 06:26:15.0",http://searchwell.l3s.uni-hannover.de/en/search.jsf?query=One of President John F. Kennedy%27s national goals was %22landing a man on the Moon and returning him s,52368,15009,0
43667456,http://searchwell.l3s.uni-hannover.de/en/search.jsf?query=The Command%2FService Module was first designed to land on the moon%2C but later it changed the role to ,"2017-07-26 06:27:10.0",http://searchwell.l3s.uni-hannover.de/en/search.jsf?query=The Lunar Module was designed to descend from lunar orbit to land two astronauts on the Moon and tak,20416,6928,0
43667456,http://searchwell.l3s.uni-hannover.de/en/search.jsf?query= NASA%27s New Horizons spacecraft traveled through the solar system for nearly one decade to be the fi,"2017-07-26 06:27:32.0",http://searchwell.l3s.uni-hannover.de/en/search.jsf?query=The Command%2FService Module was first designed to land on the moon%2C but later it changed the role to ,60577,11158,0
43667456,http://searchwell.l3s.uni-hannover.de/en/search.jsf?query=The Curiosity rover on Mars is in the midst of its ninth drilling campaign since landing on the Red ,"2017-07-26 06:28:35.0",http://searchwell.l3s.uni-hannover.de/en/search.jsf?query= NASA%27s New Horizons spacecraft traveled through the solar system for nearly one decade to be the fi,15827,4706,0
43667456,http://searchwell.l3s.uni-hannover.de/en/search.jsf?query=LADEE stands for Lunar Atmosphere and Dust Environment Explorer.,"2017-07-26 06:28:53.0",http://searchwell.l3s.uni-hannover.de/en/search.jsf?query=The Curiosity rover on Mars is in the midst of its ninth drilling campaign since landing on the Red ,34628,17206,0
43667456,http://searchwell.l3s.uni-hannover.de/en/search.jsf?query=The NASA%27s Hubble Space Telescope travels to stars%2C planets or galaxies.,"2017-07-26 06:29:30.0",http://searchwell.l3s.uni-hannover.de/en/search.jsf?query=LADEE stands for Lunar Atmosphere and Dust Environment Explorer.,57144,5938,0
43667456,http://searchwell.l3s.uni-hannover.de/en/search.jsf?query=Hubble has made more than 1.3 million observations since its mission began in 1990.,"2017-07-26 06:30:29.0",http://searchwell.l3s.uni-hannover.de/en/search.jsf?query=The NASA%27s Hubble Space Telescope travels to stars%2C planets or galaxies.,17075,5300,0
43667456,http://searchwell.l3s.uni-hannover.de/en/search.jsf?query=The twin Voyager 1 and 2 spacecraft are on their more-than-37-year journey to make the entry into in,"2017-07-26 06:30:49.0",http://searchwell.l3s.uni-hannover.de/en/search.jsf?query=Hubble has made more than 1.3 million observations since its mission began in 1990.,38383,9215,0
43667456,http://searchwell.l3s.uni-hannover.de/en/search.jsf?query=In August 2012 scientist lost connection to Voyager 1 and have never heard anything of it since toda,"2017-07-26 06:31:56.0",http://searchwell.l3s.uni-hannover.de/en/search.jsf?query=The twin Voyager 1 and 2 spacecraft are on their more-than-37-year journey to make the entry into in,18856,5483,0
43667456,http://searchwell.l3s.uni-hannover.de/en/search.jsf?query=The astronaut Jeff Williams spent more than 500 days in space.,"2017-07-26 06:32:16.0",http://searchwell.l3s.uni-hannover.de/en/search.jsf?query=In August 2012 scientist lost connection to Voyager 1 and have never heard anything of it since toda,18249,10064,0
43667456,http://searchwell.l3s.uni-hannover.de/en/search.jsf?query=The NASA motto is %22For tomorrow%27s future%22.,"2017-07-26 06:32:36.0",http://searchwell.l3s.uni-hannover.de/en/search.jsf?query=The astronaut Jeff Williams spent more than 500 days in space.,16259,9633,0
43667456,http://searchwell.l3s.uni-hannover.de/en/search.jsf?query=Project Mercury was NASA%27s first human spaceflight program specialized in orbital and sub-orbital fl,"2017-07-26 06:32:55.0",http://searchwell.l3s.uni-hannover.de/en/search.jsf?query=The NASA motto is %22For tomorrow%27s future%22.,18829,3743,0
43667456,http://searchwell.l3s.uni-hannover.de/en/search.jsf?query=Skylab is the first space station launched into orbit by the United States.,"2017-07-26 06:33:15.0",http://searchwell.l3s.uni-hannover.de/en/search.jsf?query=Project Mercury was NASA%27s first human spaceflight program specialized in orbital and sub-orbital fl,7588,6889,1
42517948,http://searchwell.l3s.uni-hannover.de/?uid=42517948,"2017-07-26 06:52:09.0",http://gadirajuweb.l3s.uni-hannover.de/SearchWell/NASA/nasa_task.php?userID=42517948,54329,3711,0
42517948,http://searchwell.l3s.uni-hannover.de/en/search.jsf?query=nasa,"2017-07-26 06:53:04.0",http://searchwell.l3s.uni-hannover.de/?uid=42517948,127616,19024,0
42517948,http://en.wikipedia.org.secure.waps.io/wiki/NASA,"2017-07-26 06:54:00.0",http://searchwell.l3s.uni-hannover.de/en/search.jsf?query=nasa,326844,76806,1
42517948,http://searchwell.l3s.uni-hannover.de/en/search.jsf?query=nasa 2 opera%C3%A7oes,"2017-07-26 06:55:13.0",http://searchwell.l3s.uni-hannover.de/en/search.jsf?query=nasa,12592,12564,0
42517948,http://searchwell.l3s.uni-hannover.de/en/search.jsf?query=nasa 2 organiza%C3%A7oes,"2017-07-26 06:55:27.0",http://searchwell.l3s.uni-hannover.de/en/search.jsf?query=nasa 2 opera%C3%A7oes,615635,13593,0
42517948,http://searchwell.l3s.uni-hannover.de/en/search.jsf?query= LADEE,"2017-07-26 07:05:46.0",http://searchwell.l3s.uni-hannover.de/en/search.jsf?query=nasa 2 organiza%C3%A7oes,203274,14635,0
42517948,http://searchwell.l3s.uni-hannover.de/en/search.jsf?query=Para o futuro de amanh%C3%A3,"2017-07-26 07:09:24.0",http://searchwell.l3s.uni-hannover.de/en/search.jsf?query= LADEE,7062,2690,0
42517948,http://searchwell.l3s.uni-hannover.de/en/search.jsf?query=The NASA motto,"2017-07-26 07:09:32.0",http://searchwell.l3s.uni-hannover.de/en/search.jsf?query=Para o futuro de amanh%C3%A3,95554,2040,0
43687043,http://searchwell.l3s.uni-hannover.de/?uid=43687043,"2017-07-26 06:02:39.0",http://gadirajuweb.l3s.uni-hannover.de/SearchWell/NASA/nasa_task.php?userID=43687043,13668,3652,0
43687043,http://searchwell.l3s.uni-hannover.de/en/search.jsf?query=interplanetary missions that are planned by the NASA,"2017-07-26 06:02:53.0",http://searchwell.l3s.uni-hannover.de/?uid=43687043,671147,1285,0
43509684,http://searchwell.l3s.uni-hannover.de/?uid=43509684,"2017-07-26 06:53:16.0",http://gadirajuweb.l3s.uni-hannover.de/SearchWell/NASA/nasa_task.php?userID=43509684,13964,5872,0
43509684,http://searchwell.l3s.uni-hannover.de/en/search.jsf?query=past%2C present%2C and possible future of interplanetary missions that are planned by the NASA%27. ,"2017-07-26 06:53:31.0",http://searchwell.l3s.uni-hannover.de/?uid=43509684,332028,41414,1
43509684,http://www.nasa.gov.secure.waps.io/missions/,"2017-07-26 06:55:31.0",http://searchwell.l3s.uni-hannover.de/en/search.jsf?query=past%2C present%2C and possible future of interplanetary missions that are planned by the NASA%27. ,71953,27275,0
43509684,http://www.nasa.gov.secure.waps.io/mission_pages/apollo/,"2017-07-26 06:57:00.0",http://www.nasa.gov.secure.waps.io/missions,113115,26525,1
43509684,http://en.wikipedia.org.secure.waps.io/wiki/List_of_NASA_missions,"2017-07-26 06:57:01.0",http://searchwell.l3s.uni-hannover.de/en/search.jsf?query=past%2C present%2C and possible future of interplanetary missions that are planned by the NASA%27. ,76438,47030,1
43509684,http://www.huffingtonpost.com.waps.io/dr-sten-odenwald/the-journey-to-mars-past-_b_8292152.html,"2017-07-26 07:05:57.0",http://searchwell.l3s.uni-hannover.de/en/search.jsf?query=past%2C present%2C and possible future of interplanetary missions that are planned by the NASA%27. ,20860,20690,0
43509684,http://planetaryprotection.arc.nasa.gov.secure.waps.io/missions-past/,"2017-07-26 07:06:29.0",http://searchwell.l3s.uni-hannover.de/en/search.jsf?query=past%2C present%2C and possible future of interplanetary missions that are planned by the NASA%27. ,61360,43978,0
43509684,http://futureplanets.blogspot.de.waps.io/,"2017-07-26 07:07:00.0",http://searchwell.l3s.uni-hannover.de/en/search.jsf?query=past%2C present%2C and possible future of interplanetary missions that are planned by the NASA%27. ,29456,9130,0
43509684,http://en.wikipedia.org.secure.waps.io/wiki/List_of_NASA_missions,"2017-07-26 07:07:40.0",http://searchwell.l3s.uni-hannover.de/en/search.jsf?query=past%2C present%2C and possible future of interplanetary missions that are planned by the NASA%27. ,5585,5299,0
43509684,http://en.wikipedia.org.secure.waps.io/wiki/NASA,"2017-07-26 07:07:51.0",http://en.wikipedia.org.secure.waps.io/wiki/List_of_NASA_missions,62950,56553,0
43509684,http://en.wikipedia.org.secure.waps.io/wiki/Apollo_program,"2017-07-26 07:10:38.0",http://en.wikipedia.org.secure.waps.io/wiki/NASA,150422,38777,1
34192482,http://en.wikipedia.org.secure.waps.io/wiki/NASA,"2017-07-26 06:29:45.0",http://searchwell.l3s.uni-hannover.de/en/search.jsf?query=nasa,206631,66163,0
34192482,http://www.nasa.gov.secure.waps.io/,"2017-07-26 06:31:00.0",http://searchwell.l3s.uni-hannover.de/en/search.jsf?query=nasa,74050,7162,0
40777535,http://searchwell.l3s.uni-hannover.de/?uid=40777535,"2017-07-26 06:28:46.0",http://gadirajuweb.l3s.uni-hannover.de/SearchWell/NASA/nasa_task.php?userID=40777535,20968,9680,0
40777535,http://searchwell.l3s.uni-hannover.de/en/search.jsf?query=past%2C present%2C and possible future of interplanetary missions that are planned by the NASA,"2017-07-26 06:29:08.0",http://searchwell.l3s.uni-hannover.de/?uid=40777535,308314,76220,0
40777535,http://en.wikipedia.org.secure.waps.io/wiki/List_of_NASA_missions,"2017-07-26 06:30:59.0",http://searchwell.l3s.uni-hannover.de/en/search.jsf?query=past%2C present%2C and possible future of interplanetary missions that are planned by the NASA,851618,88509,1
40777535,http://searchwell.l3s.uni-hannover.de/en/search.jsf?query=NASA,"2017-07-26 06:34:20.0",http://searchwell.l3s.uni-hannover.de/en/search.jsf?query=past%2C present%2C and possible future of interplanetary missions that are planned by the NASA,57263,11806,0
40777535,http://searchwell.l3s.uni-hannover.de/en/search.jsf?query=On Feb. 20%2C 1962%2C an Atlas rocket successfully carried Sen. John Glenn into orbit as the first human,"2017-07-26 06:35:19.0",http://searchwell.l3s.uni-hannover.de/en/search.jsf?query=NASA,39026,18309,0
40777535,http://searchwell.l3s.uni-hannover.de/en/search.jsf?query=The Apollo Program was the first United States human spaceflight program orbit as the first human,"2017-07-26 06:36:00.0",http://searchwell.l3s.uni-hannover.de/en/search.jsf?query=On Feb. 20%2C 1962%2C an Atlas rocket successfully carried Sen. John Glenn into orbit as the first human,151380,34021,0
40777535,http://en.wikipedia.org.secure.waps.io/wiki/Apollo_program,"2017-07-26 06:36:22.0",http://searchwell.l3s.uni-hannover.de/en/search.jsf?query=The Apollo Program was the first United States human spaceflight program orbit as the first human,105682,28990,1
40777535,http://searchwell.l3s.uni-hannover.de/en/search.jsf?query=The Apollo 8 was the first mission achieved the goal of lunar landing and returning to earth,"2017-07-26 06:38:50.0",http://searchwell.l3s.uni-hannover.de/en/search.jsf?query=The Apollo Program was the first United States human spaceflight program orbit as the first human,23856,6067,0
40777535,http://searchwell.l3s.uni-hannover.de/en/search.jsf?query=The Lunar Module was designed to descend from lunar orbit to land two astronauts on the Moon andarth,"2017-07-26 06:39:16.0",http://searchwell.l3s.uni-hannover.de/en/search.jsf?query=The Apollo 8 was the first mission achieved the goal of lunar landing and returning to earth,28316,6442,0
40777535,http://searchwell.l3s.uni-hannover.de/en/search.jsf?query=The Command%2FService Module was first designed to land on the moon%2C but later it changed the rondarth,"2017-07-26 06:39:46.0",http://searchwell.l3s.uni-hannover.de/en/search.jsf?query=The Lunar Module was designed to descend from lunar orbit to land two astronauts on the Moon andarth,34283,7812,0
40777535,http://searchwell.l3s.uni-hannover.de/en/search.jsf?query=NASA%27s New Horizons spacecraft traveled through the solar system for nearly one decaged the rondarth,"2017-07-26 06:40:22.0",http://searchwell.l3s.uni-hannover.de/en/search.jsf?query=The Command%2FService Module was first designed to land on the moon%2C but later it changed the rondarth,28980,6215,0
40777535,http://searchwell.l3s.uni-hannover.de/en/search.jsf?query=LADEE stands for Lunar Atmosphere and Dust Environment Explorerhe rondarth,"2017-07-26 06:40:53.0",http://searchwell.l3s.uni-hannover.de/en/search.jsf?query=NASA%27s New Horizons spacecraft traveled through the solar system for nearly one decaged the rondarth,4843,3598,0
40777535,http://searchwell.l3s.uni-hannover.de/en/search.jsf?query=LADEE ,"2017-07-26 06:41:00.0",http://searchwell.l3s.uni-hannover.de/en/search.jsf?query=LADEE stands for Lunar Atmosphere and Dust Environment Explorerhe rondarth,32473,9125,0
40777535,http://searchwell.l3s.uni-hannover.de/en/search.jsf?query=Hubble has made more than 1.3 million observations since its mission began in 1990,"2017-07-26 06:41:34.0",http://searchwell.l3s.uni-hannover.de/en/search.jsf?query=LADEE ,26773,9751,0
40777535,http://searchwell.l3s.uni-hannover.de/en/search.jsf?query=The astronaut Jeff Williams spent more than 500 days in space,"2017-07-26 06:42:03.0",http://searchwell.l3s.uni-hannover.de/en/search.jsf?query=Hubble has made more than 1.3 million observations since its mission began in 1990,27194,17400,0
40777535,http://searchwell.l3s.uni-hannover.de/en/search.jsf?query=The NASA motto is %22For tomorrow%27s future%22,"2017-07-26 06:42:32.0",http://searchwell.l3s.uni-hannover.de/en/search.jsf?query=The astronaut Jeff Williams spent more than 500 days in space,29010,7863,0
40777535,http://searchwell.l3s.uni-hannover.de/en/search.jsf?query=Project Mercury was NASA%27s first human spaceflight program specialized in orbital and sub-orbital fl,"2017-07-26 06:43:03.0",http://searchwell.l3s.uni-hannover.de/en/search.jsf?query=The NASA motto is %22For tomorrow%27s future%22,48241,13071,0
