25864227,http://searchwell.l3s.uni-hannover.de/?uid=25864227,"2017-07-26 08:37:02.0",http://gadirajuweb.l3s.uni-hannover.de/SearchWell/Orcas/orcas_task.php?userID=25864227,8076,8028,0
25864227,http://searchwell.l3s.uni-hannover.de/en/search.jsf?query=Orcas Island,"2017-07-26 08:37:12.0",http://searchwell.l3s.uni-hannover.de/?uid=25864227,101874,35543,0
25864227,http://en.wikipedia.org.secure.waps.io/wiki/Orcas_Island,"2017-07-26 08:37:43.0",http://searchwell.l3s.uni-hannover.de/en/search.jsf?query=Orcas Island,282828,148886,1
25864227,http://searchwell.l3s.uni-hannover.de/en/search.jsf?query=Orcas Island population,"2017-07-26 08:38:57.0",http://searchwell.l3s.uni-hannover.de/en/search.jsf?query=Orcas Island,123809,4567,0
25864227,http://en.wikipedia.org.secure.waps.io/wiki/Pig_War_(1859),"2017-07-26 08:41:07.0",http://en.wikipedia.org.secure.waps.io/wiki/Orcas_Island,181346,5484,0
25864227,http://searchwell.l3s.uni-hannover.de/en/search.jsf?query=pig war,"2017-07-26 08:41:07.0",http://searchwell.l3s.uni-hannover.de/en/search.jsf?query=Orcas Island population,177258,14685,0
39764508,http://searchwell.l3s.uni-hannover.de/?uid=39764508,"2017-07-26 08:51:08.0",http://gadirajuweb.l3s.uni-hannover.de/SearchWell/Orcas/orcas_task.php?userID=39764508,8048,8023,0
39764508,http://searchwell.l3s.uni-hannover.de/en/search.jsf?query=Orcas Island,"2017-07-26 08:52:03.0",http://searchwell.l3s.uni-hannover.de/?uid=39764508,503202,9728,0
19298085,http://searchwell.l3s.uni-hannover.de/?uid=19298085,"2017-07-26 08:19:06.0",http://gadirajuweb.l3s.uni-hannover.de/SearchWell/Orcas/orcas_task.php?userID=19298085,20554,6039,0
19298085,http://searchwell.l3s.uni-hannover.de/en/search.jsf?query=Orcas Island,"2017-07-26 08:19:28.0",http://searchwell.l3s.uni-hannover.de/?uid=19298085,377116,22074,0
19298085,http://orcasisland.org.waps.io/,"2017-07-26 08:20:51.0",http://searchwell.l3s.uni-hannover.de/en/search.jsf?query=Orcas Island,53548,34271,0
19298085,http://orcasisland.org.waps.io/tourism/,"2017-07-26 08:21:46.0",http://orcasisland.org.waps.io/,94935,14377,0
19298085,http://orcasisland.org.waps.io/,"2017-07-26 08:23:56.0",http://orcasisland.org.waps.io/tourism/,111549,1090,0
19298085,http://www.visitsanjuans.com.secure.waps.io/about-the-islands/orcas-island,"2017-07-26 08:25:00.0",http://searchwell.l3s.uni-hannover.de/en/search.jsf?query=Orcas Island,46808,1720,0
34394876,http://searchwell.l3s.uni-hannover.de/?uid=34394876,"2017-07-26 08:27:35.0",http://gadirajuweb.l3s.uni-hannover.de/SearchWell/Orcas/orcas_task.php?userID=34394876,8893,8860,0
34394876,http://searchwell.l3s.uni-hannover.de/en/search.jsf?query=orcas island,"2017-07-26 08:27:45.0",http://searchwell.l3s.uni-hannover.de/?uid=34394876,1199586,23234,0
34394876,http://orcasisland.org.waps.io/,"2017-07-26 08:28:00.0",http://searchwell.l3s.uni-hannover.de/en/search.jsf?query=orcas island,431443,149736,0
34394876,http://orcastoday.com.waps.io/,"2017-07-26 08:36:01.0",http://orcasisland.org.waps.io/,114216,8106,1
34394876,http://en.wikipedia.org.secure.waps.io/wiki/Orcas_Island,"2017-07-26 08:38:19.0",http://searchwell.l3s.uni-hannover.de/en/search.jsf?query=orcas island,2476490,108328,0
43719192,http://searchwell.l3s.uni-hannover.de/?uid=43719192,"2017-07-26 08:26:52.0",http://gadirajuweb.l3s.uni-hannover.de/SearchWell/Orcas/orcas_task.php?userID=43719192,14847,14684,0
43719192,http://searchwell.l3s.uni-hannover.de/en/search.jsf?query=orcas island,"2017-07-26 08:27:08.0",http://searchwell.l3s.uni-hannover.de/?uid=43719192,297808,11576,0
43719192,http://searchwell.l3s.uni-hannover.de/en/search.jsf?query=orcas island location,"2017-07-26 08:32:07.0",http://searchwell.l3s.uni-hannover.de/en/search.jsf?query=orcas island,36286,31116,0
43719192,http://searchwell.l3s.uni-hannover.de/en/search.jsf?query=orcas island in florida,"2017-07-26 08:33:23.0",http://searchwell.l3s.uni-hannover.de/en/search.jsf?query=orcas island location,7790,6535,0
43719192,http://searchwell.l3s.uni-hannover.de/en/search.jsf?query=orcas island population,"2017-07-26 08:33:32.0",http://searchwell.l3s.uni-hannover.de/en/search.jsf?query=orcas island in florida,53506,22202,0
43719192,http://en.wikipedia.org.secure.waps.io/wiki/Orcas_Island,"2017-07-26 08:33:42.0",http://searchwell.l3s.uni-hannover.de/en/search.jsf?query=orcas island location,86902,6888,1
43719192,http://searchwell.l3s.uni-hannover.de/en/search.jsf?query=orcas island land area,"2017-07-26 08:34:29.0",http://searchwell.l3s.uni-hannover.de/en/search.jsf?query=orcas island population,14988,7150,0
43719192,http://searchwell.l3s.uni-hannover.de/en/search.jsf?query=orcas island land area of of 57.3 square miles ,"2017-07-26 08:34:46.0",http://searchwell.l3s.uni-hannover.de/en/search.jsf?query=orcas island land area,46457,17513,0
43719192,http://searchwell.l3s.uni-hannover.de/en/search.jsf?query=orcas island shaped like saddlebags,"2017-07-26 08:35:34.0",http://searchwell.l3s.uni-hannover.de/en/search.jsf?query=orcas island land area of of 57.3 square miles ,30761,15317,0
43719192,http://searchwell.l3s.uni-hannover.de/en/search.jsf?query=orcas island henry kellet christopher columbus,"2017-07-26 08:36:06.0",http://searchwell.l3s.uni-hannover.de/en/search.jsf?query=orcas island shaped like saddlebags,10228,10159,0
43719192,http://searchwell.l3s.uni-hannover.de/en/search.jsf?query=orcas island henry kellet ,"2017-07-26 08:36:18.0",http://searchwell.l3s.uni-hannover.de/en/search.jsf?query=orcas island henry kellet christopher columbus,11232,10472,0
43719192,http://searchwell.l3s.uni-hannover.de/en/search.jsf?query=orcas island christopher,"2017-07-26 08:37:23.0",http://searchwell.l3s.uni-hannover.de/en/search.jsf?query=orcas island henry kellet ,77948,0,0
40619580,http://searchwell.l3s.uni-hannover.de/?uid=40619580,"2017-07-26 08:06:14.0",http://gadirajuweb.l3s.uni-hannover.de/SearchWell/Orcas/orcas_task.php?userID=40619580,21803,3843,0
40619580,http://searchwell.l3s.uni-hannover.de/en/search.jsf?query=Orcas Island,"2017-07-26 08:06:37.0",http://searchwell.l3s.uni-hannover.de/?uid=40619580,11349,9841,0
40619580,http://searchwell.l3s.uni-hannover.de/en/search.jsf?query=Orcas Island fActs,"2017-07-26 08:06:49.0",http://searchwell.l3s.uni-hannover.de/en/search.jsf?query=Orcas Island,634640,10997,0
40619580,http://wildlifecycles.com.waps.io/orcas-island-facts/,"2017-07-26 08:07:00.0",http://searchwell.l3s.uni-hannover.de/en/search.jsf?query=Orcas Island fActs,852703,45278,0
40619580,http://searchwell.l3s.uni-hannover.de/en/search.jsf?query=Orcas Island is located in the South Pacific Ocean.,"2017-07-26 08:17:28.0",http://searchwell.l3s.uni-hannover.de/en/search.jsf?query=Orcas Island fActs,19644,9782,0
40619580,http://searchwell.l3s.uni-hannover.de/en/search.jsf?query=Orcas Island is located in Florida%2C USA..,"2017-07-26 08:18:41.0",http://searchwell.l3s.uni-hannover.de/en/search.jsf?query=Orcas Island is located in the South Pacific Ocean.,63743,11730,0
40619580,http://en.wikipedia.org.secure.waps.io/wiki/Orcas_Island,"2017-07-26 08:18:59.0",http://searchwell.l3s.uni-hannover.de/en/search.jsf?query=Orcas Island is located in Florida%2C USA..,81796,29721,1
41387391,http://searchwell.l3s.uni-hannover.de/?uid=%2041387391,"2017-07-26 09:44:58.0",http://gadirajuweb.l3s.uni-hannover.de/SearchWell/Orcas/orcas_task.php?userID=%2041387391,11677,9871,0
41387391,http://searchwell.l3s.uni-hannover.de/en/search.jsf?query=Orcas Island,"2017-07-26 09:45:14.0",http://searchwell.l3s.uni-hannover.de/?uid=%2041387391,221279,10712,0
41387391,http://orcasislandchamber.com.waps.io/,"2017-07-26 09:46:43.0",http://searchwell.l3s.uni-hannover.de/en/search.jsf?query=Orcas Island,9539,7460,0
41387391,http://orcasisland.org.waps.io/,"2017-07-26 09:46:58.0",http://searchwell.l3s.uni-hannover.de/en/search.jsf?query=Orcas Island,172277,34335,0
41387391,http://orcasisland.org.waps.io/,"2017-07-26 09:49:59.0",http://searchwell.l3s.uni-hannover.de/en/search.jsf?query=Orcas Island,5298,5254,0
41387391,http://orcasislandchamber.com.waps.io/,"2017-07-26 09:50:07.0",http://orcasisland.org.waps.io/,4290,2968,0
41387391,http://orcasisland.org.waps.io/,"2017-07-26 09:50:12.0",http://searchwell.l3s.uni-hannover.de/en/search.jsf?query=Orcas Island,3879,3827,1
42262643,http://searchwell.l3s.uni-hannover.de/?uid=42262643,"2017-07-26 08:04:35.0",http://gadirajuweb.l3s.uni-hannover.de/SearchWell/Orcas/orcas_task.php?userID=42262643,9533,5651,0
42262643,http://searchwell.l3s.uni-hannover.de/en/search.jsf?query=Orcas Island,"2017-07-26 08:04:47.0",http://searchwell.l3s.uni-hannover.de/?uid=42262643,322145,3675,0
40861787,http://searchwell.l3s.uni-hannover.de/?uid=40861787,"2017-07-26 08:30:38.0",http://gadirajuweb.l3s.uni-hannover.de/SearchWell/Orcas/orcas_task.php?userID=40861787,13249,7461,0
40861787,http://searchwell.l3s.uni-hannover.de/en/search.jsf?query=Orcas Island,"2017-07-26 08:30:53.0",http://searchwell.l3s.uni-hannover.de/?uid=40861787,51970,10495,0
40861787,http://searchwell.l3s.uni-hannover.de/en/search.jsf?query=orcas island washington,"2017-07-26 08:31:47.0",http://searchwell.l3s.uni-hannover.de/en/search.jsf?query=Orcas Island,445008,9284,1
40861787,http://en.wikipedia.org.secure.waps.io/wiki/Orcas_Island,"2017-07-26 08:32:53.0",http://searchwell.l3s.uni-hannover.de/en/search.jsf?query=orcas island washington,399062,6573,1
40861787,http://orcasisland.org.waps.io/,"2017-07-26 08:34:56.0",http://searchwell.l3s.uni-hannover.de/en/search.jsf?query=Orcas Island,0,0,1
11582908,http://searchwell.l3s.uni-hannover.de/?uid=11582908,"2017-07-26 08:20:54.0",http://gadirajuweb.l3s.uni-hannover.de/SearchWell/Orcas/orcas_task.php?userID=11582908,14546,7704,0
11582908,http://searchwell.l3s.uni-hannover.de/en/search.jsf?query=Orcas Island,"2017-07-26 08:21:10.0",http://searchwell.l3s.uni-hannover.de/?uid=11582908,615906,34699,0
11582908,http://en.wikipedia.org.secure.waps.io/wiki/Orcas_Island,"2017-07-26 08:21:19.0",http://searchwell.l3s.uni-hannover.de/en/search.jsf?query=Orcas Island,85989,22206,0
11582908,http://en.wikipedia.org.secure.waps.io/wiki/File:Orcas_Island_locator_map.svg,"2017-07-26 08:25:17.0",http://en.wikipedia.org.secure.waps.io/wiki/Orcas_Island,129061,12734,1
11582908,http://en.wikipedia.org.secure.waps.io/wiki/Orcas_Island,"2017-07-26 08:25:18.0",http://searchwell.l3s.uni-hannover.de/en/search.jsf?query=Orcas Island,274145,51270,0
11582908,http://en.wikipedia.org.secure.waps.io/wiki/Orcas_Island,"2017-07-26 08:30:19.0",http://searchwell.l3s.uni-hannover.de/en/search.jsf?query=Orcas Island,68100,970,0
11582908,http://en.wikipedia.org.secure.waps.io/wiki/Mount_Constitution,"2017-07-26 08:30:19.0",http://en.wikipedia.org.secure.waps.io/wiki/Orcas_Island,69249,5554,0
41335577,http://searchwell.l3s.uni-hannover.de/?uid=41335577,"2017-07-26 08:35:50.0",http://gadirajuweb.l3s.uni-hannover.de/SearchWell/Orcas/orcas_task.php?userID=41335577,62855,10412,0
41335577,http://searchwell.l3s.uni-hannover.de/en/search.jsf?query=orcas island,"2017-07-26 08:37:04.0",http://searchwell.l3s.uni-hannover.de/?uid=41335577,6994,5878,0
41335577,http://searchwell.l3s.uni-hannover.de/en/search.jsf?query=orcas,"2017-07-26 08:37:12.0",http://searchwell.l3s.uni-hannover.de/en/search.jsf?query=orcas island,144723,20960,0
41335577,http://en.wikipedia.org.secure.waps.io/wiki/Orcas_Island,"2017-07-26 08:37:19.0",http://searchwell.l3s.uni-hannover.de/en/search.jsf?query=orcas,563764,85261,1
41335577,http://searchwell.l3s.uni-hannover.de/?uid=41335577,"2017-07-26 08:37:46.0",http://gadirajuweb.l3s.uni-hannover.de/SearchWell/Orcas/orcas_task.php?userID=41335577,1139,1088,0
41335577,http://www.gonorthwest.com.waps.io/Washington/sanjuan/Orcas/orcas_island.htm,"2017-07-26 08:39:36.0",http://searchwell.l3s.uni-hannover.de/en/search.jsf?query=orcas,520349,1312,0
41335577,http://searchwell.l3s.uni-hannover.de/en/search.jsf?query=orcas island,"2017-07-26 08:39:38.0",http://searchwell.l3s.uni-hannover.de/en/search.jsf?query=orcas,8458,1996,0
41335577,http://searchwell.l3s.uni-hannover.de/en/search.jsf?query=orcas island wiki,"2017-07-26 08:39:47.0",http://searchwell.l3s.uni-hannover.de/en/search.jsf?query=orcas island,9788,8732,0
41335577,http://searchwell.l3s.uni-hannover.de/en/search.jsf?query=orcas island info,"2017-07-26 08:39:58.0",http://searchwell.l3s.uni-hannover.de/en/search.jsf?query=orcas island wiki,41561,6809,0
41335577,http://orcasisland.org.waps.io/,"2017-07-26 08:40:05.0",http://searchwell.l3s.uni-hannover.de/en/search.jsf?query=orcas island info,20799,9873,1
41335577,http://searchwell.l3s.uni-hannover.de/en/search.jsf?query=orcas island,"2017-07-26 08:40:41.0",http://searchwell.l3s.uni-hannover.de/en/search.jsf?query=orcas island info,53235,36763,0
41335577,http://orcasisland.org.waps.io/,"2017-07-26 08:40:59.0",http://searchwell.l3s.uni-hannover.de/en/search.jsf?query=orcas island,435630,509,0
41335577,http://theinnonorcasisland.com.waps.io/,"2017-07-26 08:40:59.0",http://searchwell.l3s.uni-hannover.de/en/search.jsf?query=orcas island,7898,836,1
41335577,http://www.visitsanjuans.com.secure.waps.io/about-the-islands/orcas-island,"2017-07-26 08:41:00.0",http://searchwell.l3s.uni-hannover.de/en/search.jsf?query=orcas island,434401,5154,0
41335577,http://northbeachinn.com.waps.io/,"2017-07-26 08:41:29.0",http://searchwell.l3s.uni-hannover.de/en/search.jsf?query=orcas island,264743,6396,0
41335577,http://searchwell.l3s.uni-hannover.de/en/search.jsf?query=orcas island located,"2017-07-26 08:41:35.0",http://searchwell.l3s.uni-hannover.de/en/search.jsf?query=orcas island,52288,5706,0
33757795,http://searchwell.l3s.uni-hannover.de/?uid=33757795,"2017-07-26 08:39:51.0",http://gadirajuweb.l3s.uni-hannover.de/SearchWell/Orcas/orcas_task.php?userID=33757795,25633,5487,0
33757795,http://searchwell.l3s.uni-hannover.de/en/search.jsf?query=orcas island,"2017-07-26 08:40:19.0",http://searchwell.l3s.uni-hannover.de/?uid=33757795,544323,30436,0
37660122,http://searchwell.l3s.uni-hannover.de/?uid=37660122,"2017-07-26 08:18:24.0",http://gadirajuweb.l3s.uni-hannover.de/SearchWell/Orcas/orcas_task.php?userID=37660122,8272,8164,0
37660122,http://searchwell.l3s.uni-hannover.de/en/search.jsf?query=orcas island,"2017-07-26 08:18:33.0",http://searchwell.l3s.uni-hannover.de/?uid=37660122,635343,14568,0
37660122,http://orcasisland.org.waps.io/,"2017-07-26 08:18:43.0",http://searchwell.l3s.uni-hannover.de/en/search.jsf?query=orcas island,2510,0,0
37660122,http://en.wikipedia.org.secure.waps.io/wiki/Orcas_Island,"2017-07-26 08:18:51.0",http://searchwell.l3s.uni-hannover.de/en/search.jsf?query=orcas island,617736,117388,0
39700030,http://searchwell.l3s.uni-hannover.de/?uid=39700030,"2017-07-26 08:32:08.0",http://gadirajuweb.l3s.uni-hannover.de/SearchWell/Orcas/orcas_task.php?userID=39700030,14131,7763,0
43626682,http://searchwell.l3s.uni-hannover.de/?uid=43626682,"2017-07-26 08:26:41.0",http://gadirajuweb.l3s.uni-hannover.de/SearchWell/Orcas/orcas_task.php?userID=43626682,9778,3523,0
43626682,http://searchwell.l3s.uni-hannover.de/en/search.jsf?query=Orcas Island,"2017-07-26 08:26:51.0",http://searchwell.l3s.uni-hannover.de/?uid=43626682,696435,45694,0
43626682,http://en.wikipedia.org.secure.waps.io/wiki/Orcas_Island,"2017-07-26 08:27:24.0",http://searchwell.l3s.uni-hannover.de/en/search.jsf?query=Orcas Island,414562,36541,1
43626682,http://www.visitsanjuans.com.secure.waps.io/about-the-islands/orcas-island,"2017-07-26 08:30:59.0",http://searchwell.l3s.uni-hannover.de/en/search.jsf?query=Orcas Island,342897,33573,1
43626682,http://en.wikipedia.org.secure.waps.io/wiki/Orcas_Island,"2017-07-26 08:34:48.0",http://searchwell.l3s.uni-hannover.de/en/search.jsf?query=Orcas Island,60385,13960,1
37114649,http://searchwell.l3s.uni-hannover.de/?uid=37114649,"2017-07-26 08:38:34.0",http://gadirajuweb.l3s.uni-hannover.de/SearchWell/Orcas/orcas_task.php?userID=37114649,12486,4906,0
37114649,http://searchwell.l3s.uni-hannover.de/en/search.jsf?query=Orcas Island,"2017-07-26 08:38:49.0",http://searchwell.l3s.uni-hannover.de/?uid=37114649,17630,6629,0
37114649,http://searchwell.l3s.uni-hannover.de/en/search.jsf?query=Orcas Island wiki,"2017-07-26 08:39:09.0",http://searchwell.l3s.uni-hannover.de/en/search.jsf?query=Orcas Island,401219,4970,0
37114649,http://en.wikipedia.org.secure.waps.io/wiki/Orcas_Island,"2017-07-26 08:39:49.0",http://searchwell.l3s.uni-hannover.de/en/search.jsf?query=Orcas Island wiki,438389,72236,1
43251284,http://searchwell.l3s.uni-hannover.de/?uid=43251284,"2017-07-26 09:13:35.0",http://gadirajuweb.l3s.uni-hannover.de/SearchWell/Orcas/orcas_task.php?userID=43251284,23213,6092,0
35196805,http://searchwell.l3s.uni-hannover.de/?uid=35196805,"2017-07-26 08:35:17.0",http://gadirajuweb.l3s.uni-hannover.de/SearchWell/Orcas/orcas_task.php?userID=35196805,72468,14829,0
35196805,http://searchwell.l3s.uni-hannover.de/?uid=35196805,"2017-07-26 08:37:17.0",http://gadirajuweb.l3s.uni-hannover.de/SearchWell/Orcas/orcas_task.php?userID=35196805,7495,7292,0
35196805,http://searchwell.l3s.uni-hannover.de/en/search.jsf?query=Orcas Island%27,"2017-07-26 08:37:26.0",http://searchwell.l3s.uni-hannover.de/?uid=35196805,12891,8890,0
35196805,http://en.wikipedia.org.secure.waps.io/wiki/Orcas_Island,"2017-07-26 08:37:44.0",http://searchwell.l3s.uni-hannover.de/en/search.jsf?query=Orcas Island%27,1675069,106667,0
35196805,http://searchwell.l3s.uni-hannover.de/?uid=35196805,"2017-07-26 08:39:06.0",http://gadirajuweb.l3s.uni-hannover.de/SearchWell/Orcas/orcas_task.php?userID=35196805,3058,2851,0
35196805,http://searchwell.l3s.uni-hannover.de/?uid=35196805,"2017-07-26 08:40:10.0",http://gadirajuweb.l3s.uni-hannover.de/SearchWell/Orcas/orcas_task.php?userID=35196805,1651,1217,0
35196805,http://searchwell.l3s.uni-hannover.de/?uid=35196805,"2017-07-26 08:40:15.0",http://gadirajuweb.l3s.uni-hannover.de/SearchWell/Orcas/orcas_task.php?userID=35196805,1471,1466,0
35196805,http://searchwell.l3s.uni-hannover.de/?uid=35196805,"2017-07-26 08:40:49.0",http://gadirajuweb.l3s.uni-hannover.de/SearchWell/Orcas/orcas_task.php?userID=35196805,1887,1788,0
36268643,http://searchwell.l3s.uni-hannover.de/?uid=36268643,"2017-07-26 08:37:55.0",http://gadirajuweb.l3s.uni-hannover.de/SearchWell/Orcas/orcas_task.php?userID=36268643,42567,5954,0
36268643,http://searchwell.l3s.uni-hannover.de/en/search.jsf?query=Orcas Island,"2017-07-26 08:38:45.0",http://searchwell.l3s.uni-hannover.de/?uid=36268643,603654,28704,0
36268643,http://en.wikipedia.org.secure.waps.io/wiki/Orcas_Island,"2017-07-26 08:39:48.0",http://searchwell.l3s.uni-hannover.de/en/search.jsf?query=Orcas Island,649287,169537,0
36268643,http://searchwell.l3s.uni-hannover.de/en/search.jsf?query=The Pig War ,"2017-07-26 08:48:50.0",http://searchwell.l3s.uni-hannover.de/en/search.jsf?query=Orcas Island,105601,3339,0
36268643,http://en.wikipedia.org.secure.waps.io/wiki/Pig_War,"2017-07-26 08:48:52.0",http://searchwell.l3s.uni-hannover.de/en/search.jsf?query=The Pig War ,23639,23386,1
41571219,http://searchwell.l3s.uni-hannover.de/?uid=41571219,"2017-07-26 09:05:52.0",http://gadirajuweb.l3s.uni-hannover.de/SearchWell/Orcas/orcas_task.php?userID=41571219,10201,7530,0
41571219,http://searchwell.l3s.uni-hannover.de/en/search.jsf?query=orcas island,"2017-07-26 09:06:04.0",http://searchwell.l3s.uni-hannover.de/?uid=41571219,554061,53971,0
41571219,http://orcasisland.org.waps.io/,"2017-07-26 09:06:15.0",http://searchwell.l3s.uni-hannover.de/en/search.jsf?query=orcas island,19979,15533,1
41571219,http://www.sanjuanisland.org.waps.io/,"2017-07-26 09:06:40.0",http://orcasisland.org.waps.io/,21979,19532,0
41571219,http://orcasisland.org.waps.io/,"2017-07-26 09:07:04.0",http://searchwell.l3s.uni-hannover.de/en/search.jsf?query=orcas island,4239,4170,0
41571219,http://en.wikipedia.org.secure.waps.io/wiki/Orcas_Island,"2017-07-26 09:07:19.0",http://searchwell.l3s.uni-hannover.de/en/search.jsf?query=orcas island,12369,12266,0
41571219,http://orcasislandchamber.com.waps.io/,"2017-07-26 09:08:07.0",http://searchwell.l3s.uni-hannover.de/en/search.jsf?query=orcas island,6430,6415,0
41571219,http://orcasisland.org.waps.io/,"2017-07-26 09:08:18.0",http://searchwell.l3s.uni-hannover.de/en/search.jsf?query=orcas island,4843,4789,1
41571219,http://orcasisland.org.waps.io/tourism/,"2017-07-26 09:08:25.0",http://orcasisland.org.waps.io/,39945,24309,0
41742907,http://searchwell.l3s.uni-hannover.de/?uid=41742907,"2017-07-26 08:04:39.0",http://gadirajuweb.l3s.uni-hannover.de/SearchWell/Orcas/orcas_task.php?userID=41742907,3331,2666,0
41742907,http://searchwell.l3s.uni-hannover.de/en/search.jsf?query=story of evolution,"2017-07-26 08:04:44.0",http://searchwell.l3s.uni-hannover.de/?uid=41742907,537238,8493,0
41742907,http://www.evolutionary-metaphysics.net.waps.io/evolution_of_humankind.html,"2017-07-26 08:09:12.0",http://searchwell.l3s.uni-hannover.de/en/search.jsf?query=story of evolution,0,0,1
35185245,http://searchwell.l3s.uni-hannover.de/?uid=35185245,"2017-07-26 08:37:26.0",http://gadirajuweb.l3s.uni-hannover.de/SearchWell/Orcas/orcas_task.php?userID=35185245,3678,3626,0
35185245,http://searchwell.l3s.uni-hannover.de/en/search.jsf?query=Orcas island,"2017-07-26 08:37:31.0",http://searchwell.l3s.uni-hannover.de/?uid=35185245,333047,6952,0
35185245,http://en.wikipedia.org.secure.waps.io/wiki/Orcas_Island,"2017-07-26 08:38:05.0",http://searchwell.l3s.uni-hannover.de/en/search.jsf?query=Orcas island,111863,36530,1
35185245,http://en.wikipedia.org.secure.waps.io/wiki/Orcas_Island,"2017-07-26 08:42:55.0",http://searchwell.l3s.uni-hannover.de/en/search.jsf?query=Orcas island,90002,23765,1
36543765,http://searchwell.l3s.uni-hannover.de/?uid=36543765,"2017-07-26 08:21:53.0",http://gadirajuweb.l3s.uni-hannover.de/SearchWell/Orcas/orcas_task.php?userID=36543765,23121,3298,0
36543765,http://searchwell.l3s.uni-hannover.de/en/search.jsf?query=orcas island,"2017-07-26 08:23:09.0",http://searchwell.l3s.uni-hannover.de/?uid=36543765,825575,45969,0
36543765,http://orcasisland.org.waps.io/,"2017-07-26 08:25:18.0",http://searchwell.l3s.uni-hannover.de/en/search.jsf?query=orcas island,206201,5414,1
36543765,http://orcasisland.org.waps.io/,"2017-07-26 08:25:51.0",http://searchwell.l3s.uni-hannover.de/en/search.jsf?query=orcas island,569374,1998,0
36543765,http://orcas-island.com.waps.io/,"2017-07-26 08:29:58.0",http://searchwell.l3s.uni-hannover.de/en/search.jsf?query=orcas island,9859,9774,0
36543765,http://orcas-island.com.waps.io/About_Orcas_Island,"2017-07-26 08:30:26.0",http://orcas-island.com.waps.io/,389264,75676,1
36181479,http://searchwell.l3s.uni-hannover.de/?uid=36181479,"2017-07-26 09:02:56.0",http://gadirajuweb.l3s.uni-hannover.de/SearchWell/Orcas/orcas_task.php?userID=36181479,11868,11702,0
36181479,http://searchwell.l3s.uni-hannover.de/en/search.jsf?query=%D0%9E%D1%81%D1%82%D1%80%D0%BE%D0%B2 %D0%9E%D1%80%D0%BA%D0%B0%D1%81,"2017-07-26 09:03:10.0",http://searchwell.l3s.uni-hannover.de/?uid=36181479,81160,30962,0
36181479,http://ru.wikipedia.org.secure.waps.io/wiki/%D0%9E%D1%80%D0%BA%D0%B0%D1%81,"2017-07-26 09:03:21.0",http://searchwell.l3s.uni-hannover.de/en/search.jsf?query=%D0%9E%D1%81%D1%82%D1%80%D0%BE%D0%B2 %D0%9E%D1%80%D0%BA%D0%B0%D1%81,621134,37389,0
36181479,http://www.tripadvisor.ru.secure.waps.io/Attraction_Review-g58656-d102441-Reviews-Orcas_Island_Historical_Museum-Orcas_Island_San_Juan_Islands_Washington.html,"2017-07-26 09:04:02.0",http://searchwell.l3s.uni-hannover.de/en/search.jsf?query=%D0%9E%D1%81%D1%82%D1%80%D0%BE%D0%B2 %D0%9E%D1%80%D0%BA%D0%B0%D1%81,3294,2680,0
36181479,http://searchwell.l3s.uni-hannover.de/en/search.jsf?query=%D0%B8%D1%81%D1%82%D0%BE%D1%80%D0%B8%D1%8F %D0%9E%D1%81%D1%82%D1%80%D0%BE%D0%B2%D0%B0 %D0%9E%D1%80%D0%BA%D0%B0%D1%81,"2017-07-26 09:04:32.0",http://searchwell.l3s.uni-hannover.de/en/search.jsf?query=%D0%9E%D1%81%D1%82%D1%80%D0%BE%D0%B2 %D0%9E%D1%80%D0%BA%D0%B0%D1%81,2774,1047,0
36181479,http://searchwell.l3s.uni-hannover.de/en/search.jsf?query=%D0%B8%D1%81%D1%82%D0%BE%D1%80%D0%B8%D1%8F %D0%9E%D1%81%D1%82%D1%80%D0%BE%D0%B2%D0%B0 %D0%9E%D1%80%D0%BA%D0%B0%D1%81,"2017-07-26 09:04:36.0",http://searchwell.l3s.uni-hannover.de/en/search.jsf?query=%D0%B8%D1%81%D1%82%D0%BE%D1%80%D0%B8%D1%8F %D0%9E%D1%81%D1%82%D1%80%D0%BE%D0%B2%D0%B0 %D0%9E%D1%80%D0%BA%D0%B0%D1%81,190262,30426,0
36181479,http://www.infopass.ru.waps.io/?cat=%D0%A4%D0%BE%D1%80%D1%83%D0%BC%D1%8B,"2017-07-26 09:05:07.0",http://searchwell.l3s.uni-hannover.de/en/search.jsf?query=%D0%B8%D1%81%D1%82%D0%BE%D1%80%D0%B8%D1%8F %D0%9E%D1%81%D1%82%D1%80%D0%BE%D0%B2%D0%B0 %D0%9E%D1%80%D0%BA%D0%B0%D1%81,271807,24309,0
36181479,http://searchwell.l3s.uni-hannover.de/en/search.jsf?query=%D0%9A%D0%BE%D0%BB%D1%83%D0%BC%D0%B1 %D0%BD%D0%B0  %D0%9E%D1%81%D1%82%D1%80%D0%BE%D0%B2%D0%B5 %D0%9E%D1%80%D0%BA%D0%B0%D1%81,"2017-07-26 09:07:47.0",http://searchwell.l3s.uni-hannover.de/en/search.jsf?query=%D0%B8%D1%81%D1%82%D0%BE%D1%80%D0%B8%D1%8F %D0%9E%D1%81%D1%82%D1%80%D0%BE%D0%B2%D0%B0 %D0%9E%D1%80%D0%BA%D0%B0%D1%81,74767,25548,0
36181479,http://searchwell.l3s.uni-hannover.de/en/search.jsf?query=  %D0%9E%D1%81%D1%82%D1%80%D0%BE%D0%B2%D0%B5 %D0%9E%D1%80%D0%BA%D0%B0%D1%81 %D0%B2 %D1%82%D0%B8%D1%85%D0%BE%D0%BC %D0%BE%D0%BA%D0%B5%D0%B0%D0%BD%D0%B5,"2017-07-26 09:09:04.0",http://searchwell.l3s.uni-hannover.de/en/search.jsf?query=%D0%9A%D0%BE%D0%BB%D1%83%D0%BC%D0%B1 %D0%BD%D0%B0  %D0%9E%D1%81%D1%82%D1%80%D0%BE%D0%B2%D0%B5 %D0%9E%D1%80%D0%BA%D0%B0%D1%81,166385,34772,0
36181479,http://ru.wikipedia.org.secure.waps.io/wiki/%D0%A1%D0%BF%D0%B8%D1%81%D0%BE%D0%BA_%D0%BE%D1%81%D1%82%D1%80%D0%BE%D0%B2%D0%BE%D0%B2_%D0%B2_%D0%A2%D0%B8%D1%85%D0%BE%D0%BC_%D0%BE%D0%BA%D0%B5%D0%B0%D0%BD%D0%B5,"2017-07-26 09:09:14.0",http://searchwell.l3s.uni-hannover.de/en/search.jsf?query=  %D0%9E%D1%81%D1%82%D1%80%D0%BE%D0%B2%D0%B5 %D0%9E%D1%80%D0%BA%D0%B0%D1%81 %D0%B2 %D1%82%D0%B8%D1%85%D0%BE%D0%BC %D0%BE%D0%BA%D0%B5%D0%B0%D0%BD%D0%B5,80525,8394,1
36181479,http://searchwell.l3s.uni-hannover.de/en/search.jsf?query=  %D0%9E%D1%81%D1%82%D1%80%D0%BE%D0%B2%D0%B5 %D0%9E%D1%80%D0%BA%D0%B0%D1%81  %D0%BF%D0%BE%D0%B3%D1%80%D0%B0%D0%BD%D0%B8%D1%87%D0%BD%D1%8B%D0%B5 %D1%81%D0%BF%D0%BE%D1%80%D1%8B %D0%BC%D0%B5%D0%B6%D0%B4%D1%83 %D0%A1%D0%A8%D0%90 %D0%B8 %D0%90%D0%BD%D0%B3%D0%BB%D0%B8%D0%B5%D0%B9,"2017-07-26 09:12:45.0",http://searchwell.l3s.uni-hannover.de/en/search.jsf?query=  %D0%9E%D1%81%D1%82%D1%80%D0%BE%D0%B2%D0%B5 %D0%9E%D1%80%D0%BA%D0%B0%D1%81 %D0%B2 %D1%82%D0%B8%D1%85%D0%BE%D0%BC %D0%BE%D0%BA%D0%B5%D0%B0%D0%BD%D0%B5,54240,3163,0
31275478,http://searchwell.l3s.uni-hannover.de/?uid=31275478,"2017-07-26 08:08:44.0",http://gadirajuweb.l3s.uni-hannover.de/SearchWell/Orcas/orcas_task.php?userID=31275478,20641,5480,0
31275478,http://searchwell.l3s.uni-hannover.de/en/search.jsf?query=orcas island,"2017-07-26 08:09:20.0",http://searchwell.l3s.uni-hannover.de/?uid=31275478,746270,39651,0
31275478,http://en.wikipedia.org.secure.waps.io/wiki/Orcas_Island,"2017-07-26 08:10:10.0",http://searchwell.l3s.uni-hannover.de/en/search.jsf?query=orcas island,664552,125648,1
43588858,http://searchwell.l3s.uni-hannover.de/?uid=43588858,"2017-07-26 08:15:53.0",http://gadirajuweb.l3s.uni-hannover.de/SearchWell/Orcas/orcas_task.php?userID=43588858,27176,9131,0
43588858,http://searchwell.l3s.uni-hannover.de/en/search.jsf?query=Orcas Island,"2017-07-26 08:16:18.0",http://searchwell.l3s.uni-hannover.de/?uid=43588858,469229,15333,0
43588858,http://www.visitsanjuans.com.secure.waps.io/about-the-islands/orcas-island,"2017-07-26 08:16:33.0",http://searchwell.l3s.uni-hannover.de/en/search.jsf?query=Orcas Island,135090,51514,0
43588858,http://orcasislandchamber.com.waps.io/,"2017-07-26 08:19:25.0",http://searchwell.l3s.uni-hannover.de/en/search.jsf?query=Orcas Island,21653,20676,0
43588858,http://orcasisland.org.waps.io/,"2017-07-26 08:20:53.0",http://searchwell.l3s.uni-hannover.de/en/search.jsf?query=Orcas Island,100353,23824,1
40102852,http://searchwell.l3s.uni-hannover.de/?uid=40102852,"2017-07-26 08:13:30.0",http://gadirajuweb.l3s.uni-hannover.de/SearchWell/Orcas/orcas_task.php?userID=40102852,462019,5022,0
42782471,http://searchwell.l3s.uni-hannover.de/?uid=42782471,"2017-07-26 08:28:45.0",http://gadirajuweb.l3s.uni-hannover.de/SearchWell/Orcas/orcas_task.php?userID=42782471,45867,6649,0
42782471,http://searchwell.l3s.uni-hannover.de/en/search.jsf?query=Orcas Island,"2017-07-26 08:29:33.0",http://searchwell.l3s.uni-hannover.de/?uid=42782471,219489,32540,0
42782471,http://en.wikipedia.org.secure.waps.io/wiki/Orcas_Island,"2017-07-26 08:30:20.0",http://searchwell.l3s.uni-hannover.de/en/search.jsf?query=Orcas Island,170157,66111,0
42782471,http://orcasisland.org.waps.io/,"2017-07-26 08:30:59.0",http://searchwell.l3s.uni-hannover.de/en/search.jsf?query=Orcas Island,94144,25059,1
43434664,http://searchwell.l3s.uni-hannover.de/?uid=43434664,"2017-07-26 08:21:16.0",http://gadirajuweb.l3s.uni-hannover.de/SearchWell/Orcas/orcas_task.php?userID=43434664,13213,12933,0
43434664,http://searchwell.l3s.uni-hannover.de/en/search.jsf?query=orcas island,"2017-07-26 08:21:32.0",http://searchwell.l3s.uni-hannover.de/?uid=43434664,334012,17526,0
43434664,http://en.wikipedia.org.secure.waps.io/wiki/Orcas_Island,"2017-07-26 08:21:44.0",http://searchwell.l3s.uni-hannover.de/en/search.jsf?query=orcas island,18850,18551,0
43434664,http://en.wikipedia.org.secure.waps.io/wiki/U.S._state,"2017-07-26 08:22:19.0",http://en.wikipedia.org.secure.waps.io/wiki/United_States,10860,2660,0
43434664,http://en.wikipedia.org.secure.waps.io/wiki/U.S._state,"2017-07-26 08:22:50.0",http://en.wikipedia.org.secure.waps.io/wiki/United_States,1562,0,0
43434664,http://en.wikipedia.org.secure.waps.io/wiki/Orcas_Island,"2017-07-26 08:22:55.0",http://searchwell.l3s.uni-hannover.de/en/search.jsf?query=orcas island,718442,387920,1
40613469,http://searchwell.l3s.uni-hannover.de/?uid=40613469,"2017-07-26 09:04:54.0",http://gadirajuweb.l3s.uni-hannover.de/SearchWell/Orcas/orcas_task.php?userID=40613469,31301,3854,0
40613469,http://searchwell.l3s.uni-hannover.de/en/search.jsf?query=saf,"2017-07-26 09:05:26.0",http://searchwell.l3s.uni-hannover.de/?uid=40613469,151478,4939,0
40613469,http://searchwell.l3s.uni-hannover.de/?uid=40613469,"2017-07-26 09:06:46.0",http://gadirajuweb.l3s.uni-hannover.de/SearchWell/Sangre/sangre_task.php?userID=40613469,5513,4874,0
40613469,http://searchwell.l3s.uni-hannover.de/en/search.jsf?query=safg,"2017-07-26 09:06:53.0",http://searchwell.l3s.uni-hannover.de/?uid=40613469,12811,12199,0
40613469,http://searchwell.l3s.uni-hannover.de/en/search.jsf?query=safgl,"2017-07-26 09:07:09.0",http://searchwell.l3s.uni-hannover.de/en/search.jsf?query=safg,148041,4818,0
42493826,http://searchwell.l3s.uni-hannover.de/?uid=42493826,"2017-07-26 09:05:23.0",http://gadirajuweb.l3s.uni-hannover.de/SearchWell/Sangre/sangre_task.php?userID=42493826,42468,3467,0
42493826,http://searchwell.l3s.uni-hannover.de/en/search.jsf?query=Sangre de Cristo mountain range,"2017-07-26 09:06:07.0",http://searchwell.l3s.uni-hannover.de/?uid=42493826,25973,7243,0
42493826,http://en.wikipedia.org.secure.waps.io/wiki/Sangre_de_Cristo_Mountains,"2017-07-26 09:06:15.0",http://searchwell.l3s.uni-hannover.de/en/search.jsf?query=Sangre de Cristo mountain range,482060,68421,0
42493826,http://searchwell.l3s.uni-hannover.de/?uid=42493826,"2017-07-26 09:16:47.0",http://gadirajuweb.l3s.uni-hannover.de/SearchWell/Orcas/orcas_task.php?userID=42493826,5937,5593,0
42493826,http://searchwell.l3s.uni-hannover.de/en/search.jsf?query=Orcas Island,"2017-07-26 09:16:54.0",http://searchwell.l3s.uni-hannover.de/?uid=42493826,453121,43741,0
42493826,http://en.wikipedia.org.secure.waps.io/wiki/Orcas_Island,"2017-07-26 09:17:11.0",http://searchwell.l3s.uni-hannover.de/en/search.jsf?query=Orcas Island,436411,124900,0
6335542,http://searchwell.l3s.uni-hannover.de/?uid=6335542,"2017-07-26 08:28:00.0",http://gadirajuweb.l3s.uni-hannover.de/SearchWell/Orcas/orcas_task.php?userID=6335542,20724,5259,0
6335542,http://searchwell.l3s.uni-hannover.de/en/search.jsf?query=Orcas Island,"2017-07-26 08:28:22.0",http://searchwell.l3s.uni-hannover.de/?uid=6335542,531800,31149,0
6335542,http://orcasisland.org.waps.io/,"2017-07-26 08:29:02.0",http://searchwell.l3s.uni-hannover.de/en/search.jsf?query=Orcas Island,500435,34809,0
6335542,http://www.gonorthwest.com.waps.io/Washington/sanjuan/Orcas/orcas_island.htm,"2017-07-26 08:30:27.0",http://searchwell.l3s.uni-hannover.de/en/search.jsf?query=Orcas Island,414677,3353,0
36531316,http://searchwell.l3s.uni-hannover.de/?uid=36531316,"2017-07-26 08:40:56.0",http://gadirajuweb.l3s.uni-hannover.de/SearchWell/Orcas/orcas_task.php?userID=36531316,13230,4200,0
36531316,http://searchwell.l3s.uni-hannover.de/en/search.jsf?query=Orcas Island,"2017-07-26 08:41:17.0",http://searchwell.l3s.uni-hannover.de/?uid=36531316,1784479,10395,0
36531316,http://orcasislandchamber.com.waps.io/,"2017-07-26 08:47:42.0",http://searchwell.l3s.uni-hannover.de/en/search.jsf?query=Orcas Island,1895647,13402,0
36531316,http://searchwell.l3s.uni-hannover.de/?uid=36531316,"2017-07-26 08:48:57.0",http://gadirajuweb.l3s.uni-hannover.de/SearchWell/Orcas/orcas_task.php?userID=36531316,0,0,1
36531316,http://searchwell.l3s.uni-hannover.de/?uid=36531316,"2017-07-26 09:10:53.0",http://gadirajuweb.l3s.uni-hannover.de/SearchWell/Orcas/orcas_task.php?userID=36531316,5243,5184,0
36531316,http://searchwell.l3s.uni-hannover.de/en/search.jsf?query=Orcas Island,"2017-07-26 09:10:59.0",http://searchwell.l3s.uni-hannover.de/?uid=36531316,3354275,2330,0
36531316,http://searchwell.l3s.uni-hannover.de/?uid=36531316,"2017-07-26 09:35:35.0",http://gadirajuweb.l3s.uni-hannover.de/SearchWell/Sangre/sangre_task.php?userID=36531316,21555,8639,0
36531316,http://searchwell.l3s.uni-hannover.de/en/search.jsf?query=Rocky Mountains,"2017-07-26 09:35:59.0",http://searchwell.l3s.uni-hannover.de/?uid=36531316,11019,1794,0
36531316,http://searchwell.l3s.uni-hannover.de/en/search.jsf?query=Sangre de Cristo%27 mountain range ,"2017-07-26 09:36:12.0",http://searchwell.l3s.uni-hannover.de/en/search.jsf?query=Rocky Mountains,216982,48354,0
36531316,http://en.wikipedia.org.secure.waps.io/wiki/Sangre_de_Cristo_Mountains,"2017-07-26 09:36:53.0",http://searchwell.l3s.uni-hannover.de/en/search.jsf?query=Sangre de Cristo%27 mountain range ,839275,7609,0
36531316,http://en.wikipedia.org.secure.waps.io/wiki/Sangre_de_Cristo_Mountains,"2017-07-26 09:37:11.0",http://searchwell.l3s.uni-hannover.de/en/search.jsf?query=Sangre de Cristo%27 mountain range ,285062,49217,0
36531316,http://en.wikipedia.org.secure.waps.io/wiki/Sangre_de_Cristo_Range,"2017-07-26 09:37:26.0",http://searchwell.l3s.uni-hannover.de/en/search.jsf?query=Sangre de Cristo%27 mountain range ,264651,10730,1
36531316,http://www.britannica.com.secure.waps.io/place/Sangre-de-Cristo-Mountains,"2017-07-26 09:39:15.0",http://searchwell.l3s.uni-hannover.de/en/search.jsf?query=Sangre de Cristo%27 mountain range ,695396,8367,0
36531316,http://www.mountainphotography.com.waps.io/gallery/sangres/,"2017-07-26 09:39:23.0",http://searchwell.l3s.uni-hannover.de/en/search.jsf?query=Sangre de Cristo%27 mountain range ,118858,23927,1
36531316,http://searchwell.l3s.uni-hannover.de/en/search.jsf?query=Sangre de Cristo%27 mountain,"2017-07-26 09:39:51.0",http://searchwell.l3s.uni-hannover.de/en/search.jsf?query=Sangre de Cristo%27 mountain range ,9433,3729,0
36531316,http://searchwell.l3s.uni-hannover.de/en/search.jsf?query=The Rocky Mountains reach from Mexico in the south up to Canada in the north,"2017-07-26 09:40:04.0",http://searchwell.l3s.uni-hannover.de/en/search.jsf?query=Sangre de Cristo%27 mountain,657808,7557,0
36531316,http://en.wikipedia.org.secure.waps.io/wiki/Topographic_elevation,"2017-07-26 09:42:02.0",http://en.wikipedia.org.secure.waps.io/wiki/Sangre_de_Cristo_Mountains,3965,3909,0
36531316,http://en.wikipedia.org.secure.waps.io/wiki/Sangre_de_Cristo_Mountains,"2017-07-26 09:42:10.0",http://searchwell.l3s.uni-hannover.de/en/search.jsf?query=Sangre de Cristo%27 mountain range ,520790,14658,0
36531316,http://searchwell.l3s.uni-hannover.de/?uid=36531316,"2017-07-26 09:58:19.0",http://gadirajuweb.l3s.uni-hannover.de/SearchWell/Orcas/orcas_task.php?userID=36531316,3275,2833,0
36531316,http://searchwell.l3s.uni-hannover.de/en/search.jsf?query=The Rocky Mountains reach from Mexico in the south up to Canada in the north,"2017-07-26 09:58:27.0",http://searchwell.l3s.uni-hannover.de/?uid=36531316,9832,7005,0
36531316,http://searchwell.l3s.uni-hannover.de/en/search.jsf?query=Orcas Island,"2017-07-26 09:58:38.0",http://searchwell.l3s.uni-hannover.de/en/search.jsf?query=The Rocky Mountains reach from Mexico in the south up to Canada in the north,65229,22355,0
36531316,http://orcasislandchamber.com.waps.io/,"2017-07-26 09:58:47.0",http://searchwell.l3s.uni-hannover.de/en/search.jsf?query=Orcas Island,38569,5602,0
36531316,http://www.visitsanjuans.com.secure.waps.io/about-the-islands/orcas-island,"2017-07-26 09:59:16.0",http://searchwell.l3s.uni-hannover.de/en/search.jsf?query=Orcas Island,5549,5462,1
36531316,http://en.wikipedia.org.secure.waps.io/wiki/Orcas_Island,"2017-07-26 09:59:40.0",http://searchwell.l3s.uni-hannover.de/en/search.jsf?query=Orcas Island,241407,47259,1
36531316,http://searchwell.l3s.uni-hannover.de/en/search.jsf?query=orcas island airport,"2017-07-26 10:00:53.0",http://searchwell.l3s.uni-hannover.de/en/search.jsf?query=Orcas Island,14298,13601,0
36531316,http://en.wikipedia.org.secure.waps.io/wiki/Orcas_Island_Airport,"2017-07-26 10:01:05.0",http://searchwell.l3s.uni-hannover.de/en/search.jsf?query=orcas island airport,20210,4476,1
36531316,http://searchwell.l3s.uni-hannover.de/en/search.jsf?query=orcas island highway,"2017-07-26 10:01:09.0",http://searchwell.l3s.uni-hannover.de/en/search.jsf?query=orcas island airport,340272,32054,0
36531316,http://en.wikipedia.org.secure.waps.io/wiki/Pig_War_(1859),"2017-07-26 10:02:38.0",http://en.wikipedia.org.secure.waps.io/wiki/Orcas_Island,253186,13735,0
41543048,http://searchwell.l3s.uni-hannover.de/?uid=41543048,"2017-07-26 08:38:08.0",http://gadirajuweb.l3s.uni-hannover.de/SearchWell/Orcas/orcas_task.php?userID=41543048,31668,10583,0
41543048,http://searchwell.l3s.uni-hannover.de/en/search.jsf?query=Orcas Island,"2017-07-26 08:38:47.0",http://searchwell.l3s.uni-hannover.de/?uid=41543048,719571,33059,0
41543048,http://en.wikipedia.org.secure.waps.io/wiki/Orcas_Island,"2017-07-26 08:39:12.0",http://searchwell.l3s.uni-hannover.de/en/search.jsf?query=Orcas Island,695879,220754,0
41543048,http://orcasisland.org.waps.io/,"2017-07-26 08:40:12.0",http://searchwell.l3s.uni-hannover.de/en/search.jsf?query=Orcas Island,31430,25694,0
41543048,http://orcasisland.org.waps.io/tourism/,"2017-07-26 08:41:00.0",http://orcasisland.org.waps.io/,363191,37765,0
36113457,http://searchwell.l3s.uni-hannover.de/?uid=36113457,"2017-07-26 08:22:59.0",http://gadirajuweb.l3s.uni-hannover.de/SearchWell/Orcas/orcas_task.php?userID=36113457,18443,2806,0
36113457,http://searchwell.l3s.uni-hannover.de/en/search.jsf?query=Orcas Island,"2017-07-26 08:23:18.0",http://searchwell.l3s.uni-hannover.de/?uid=36113457,689563,15340,0
36113457,http://en.wikipedia.org.secure.waps.io/wiki/Orcas_Island,"2017-07-26 08:25:32.0",http://searchwell.l3s.uni-hannover.de/en/search.jsf?query=Orcas Island,493270,93900,0
36113457,http://en.wikipedia.org.secure.waps.io/wiki/Mount_Constitution,"2017-07-26 08:34:19.0",http://en.wikipedia.org.secure.waps.io/wiki/Orcas_Island,14372,13672,1
42647816,http://searchwell.l3s.uni-hannover.de/?uid=42647816,"2017-07-26 08:20:54.0",http://gadirajuweb.l3s.uni-hannover.de/SearchWell/Orcas/orcas_task.php?userID=42647816,4209,3634,0
42647816,http://searchwell.l3s.uni-hannover.de/en/search.jsf?query=holow,"2017-07-26 08:20:59.0",http://searchwell.l3s.uni-hannover.de/?uid=42647816,406495,2730,0
43125608,http://searchwell.l3s.uni-hannover.de/?uid=43125608,"2017-07-26 08:13:10.0",http://gadirajuweb.l3s.uni-hannover.de/SearchWell/Orcas/orcas_task.php?userID=43125608,8506,8475,0
43125608,http://searchwell.l3s.uni-hannover.de/en/search.jsf?query=orcas adas%C4%B1,"2017-07-26 08:13:20.0",http://searchwell.l3s.uni-hannover.de/?uid=43125608,305345,6018,0
43125608,http://en.wikipedia.org.secure.waps.io/wiki/Orcas_Island,"2017-07-26 08:13:25.0",http://searchwell.l3s.uni-hannover.de/en/search.jsf?query=orcas adas%C4%B1,618552,115567,0
40667959,http://searchwell.l3s.uni-hannover.de/?uid=40667959,"2017-07-26 09:13:19.0",http://gadirajuweb.l3s.uni-hannover.de/SearchWell/Orcas/orcas_task.php?userID=40667959,33377,23653,0
40667959,http://searchwell.l3s.uni-hannover.de/en/search.jsf?query=%D0%BE%D1%80%D0%BA%D0%B0%D1%81 %D0%B2 %D1%8E%D0%B6%D0%BD%D0%BE%D0%B9 %D1%87%D0%B0%D1%81%D1%82%D0%B8 %D0%BE%D0%BA%D0%B5%D0%B0%D0%BD%D0%B0,"2017-07-26 09:13:57.0",http://searchwell.l3s.uni-hannover.de/?uid=40667959,19083,18477,0
40667959,http://searchwell.l3s.uni-hannover.de/en/search.jsf?query=%D0%BE%D1%81%D1%82%D1%80%D0%BE%D0%B2 %D0%BE%D1%80%D0%BA%D0%B0%D1%81 %D0%B2 %D1%8E%D0%B6%D0%BD%D0%BE%D0%B9 %D1%87%D0%B0%D1%81%D1%82%D0%B8 %D0%BE%D0%BA%D0%B5%D0%B0%D0%BD%D0%B0,"2017-07-26 09:14:17.0",http://searchwell.l3s.uni-hannover.de/en/search.jsf?query=%D0%BE%D1%80%D0%BA%D0%B0%D1%81 %D0%B2 %D1%8E%D0%B6%D0%BD%D0%BE%D0%B9 %D1%87%D0%B0%D1%81%D1%82%D0%B8 %D0%BE%D0%BA%D0%B5%D0%B0%D0%BD%D0%B0,15953,9392,0
40667959,http://searchwell.l3s.uni-hannover.de/en/search.jsf?query=%D0%BE%D1%81%D1%82%D1%80%D0%BE%D0%B2 %D0%BE%D1%80%D0%BA%D0%B0%D1%81 %D1%82%D0%B8%D1%85%D0%B8%D0%B9 %D0%BE%D0%BA%D0%B5%D0%B0%D0%BD,"2017-07-26 09:14:35.0",http://searchwell.l3s.uni-hannover.de/en/search.jsf?query=%D0%BE%D1%81%D1%82%D1%80%D0%BE%D0%B2 %D0%BE%D1%80%D0%BA%D0%B0%D1%81 %D0%B2 %D1%8E%D0%B6%D0%BD%D0%BE%D0%B9 %D1%87%D0%B0%D1%81%D1%82%D0%B8 %D0%BE%D0%BA%D0%B5%D0%B0%D0%BD%D0%B0,9864,9635,0
40667959,http://searchwell.l3s.uni-hannover.de/en/search.jsf?query=%D0%BE%D1%81%D1%82%D1%80%D0%BE%D0%B2 %D0%BE%D1%80%D0%BA%D0%B0%D1%81 ,"2017-07-26 09:14:45.0",http://searchwell.l3s.uni-hannover.de/en/search.jsf?query=%D0%BE%D1%81%D1%82%D1%80%D0%BE%D0%B2 %D0%BE%D1%80%D0%BA%D0%B0%D1%81 %D1%82%D0%B8%D1%85%D0%B8%D0%B9 %D0%BE%D0%BA%D0%B5%D0%B0%D0%BD,428175,24380,0
40667959,http://ru.wikipedia.org.secure.waps.io/wiki/%D0%9E%D1%80%D0%BA%D0%B0%D1%81,"2017-07-26 09:14:51.0",http://searchwell.l3s.uni-hannover.de/en/search.jsf?query=%D0%BE%D1%81%D1%82%D1%80%D0%BE%D0%B2 %D0%BE%D1%80%D0%BA%D0%B0%D1%81 ,117275,30805,0
40667959,http://en.wikipedia.org.secure.waps.io/wiki/Orcas_Island,"2017-07-26 09:15:37.0",http://searchwell.l3s.uni-hannover.de/en/search.jsf?query=%D0%BE%D1%81%D1%82%D1%80%D0%BE%D0%B2 %D0%BE%D1%80%D0%BA%D0%B0%D1%81 ,561825,383588,1
40667959,http://searchwell.l3s.uni-hannover.de/en/search.jsf?query=%D0%BE%D1%81%D1%82%D1%80%D0%BE%D0%B2 %D0%BE%D1%80%D0%BA%D0%B0%D1%81 %D0%B1%D0%B0%D0%B3%D0%B0%D0%BC%D1%81%D0%BA%D0%B8%D0%B5 %D0%BE%D1%81%D1%82%D1%80%D0%BE%D0%B2%D0%B0,"2017-07-26 09:21:54.0",http://searchwell.l3s.uni-hannover.de/en/search.jsf?query=%D0%BE%D1%81%D1%82%D1%80%D0%BE%D0%B2 %D0%BE%D1%80%D0%BA%D0%B0%D1%81 ,300041,7600,0
43310837,http://searchwell.l3s.uni-hannover.de/?uid=43310837,"2017-07-26 08:10:26.0",http://gadirajuweb.l3s.uni-hannover.de/SearchWell/Orcas/orcas_task.php?userID=43310837,12146,3360,0
43310837,http://searchwell.l3s.uni-hannover.de/en/search.jsf?query= Orcas Island,"2017-07-26 08:10:40.0",http://searchwell.l3s.uni-hannover.de/?uid=43310837,590433,3208,0
43310837,http://orcasisland.org.waps.io/,"2017-07-26 08:11:14.0",http://searchwell.l3s.uni-hannover.de/en/search.jsf?query= Orcas Island,0,0,1
40062468,http://searchwell.l3s.uni-hannover.de/?uid=40062468,"2017-07-26 08:16:50.0",http://gadirajuweb.l3s.uni-hannover.de/SearchWell/Orcas/orcas_task.php?userID=40062468,113193,3702,0
40062468,http://searchwell.l3s.uni-hannover.de/en/search.jsf?query=Orcas Island se encuentra,"2017-07-26 08:18:45.0",http://searchwell.l3s.uni-hannover.de/?uid=40062468,239762,23137,0
40062468,http://es.wikipedia.org.secure.waps.io/wiki/Orcas_Island,"2017-07-26 08:19:13.0",http://searchwell.l3s.uni-hannover.de/en/search.jsf?query=Orcas Island se encuentra,108729,0,1
40062468,http://searchwell.l3s.uni-hannover.de/en/search.jsf?query= Orcas Island habitantes,"2017-07-26 08:22:47.0",http://searchwell.l3s.uni-hannover.de/en/search.jsf?query=Orcas Island se encuentra,44646,14782,0
40062468,http://searchwell.l3s.uni-hannover.de/en/search.jsf?query= Orcas Island oceano,"2017-07-26 08:23:34.0",http://searchwell.l3s.uni-hannover.de/en/search.jsf?query= Orcas Island habitantes,6777,6611,0
40062468,http://searchwell.l3s.uni-hannover.de/en/search.jsf?query= Orcas Island oceano pacifico,"2017-07-26 08:23:42.0",http://searchwell.l3s.uni-hannover.de/en/search.jsf?query= Orcas Island oceano,22296,257,0
42732325,http://searchwell.l3s.uni-hannover.de/?uid=42732325,"2017-07-26 08:27:17.0",http://gadirajuweb.l3s.uni-hannover.de/SearchWell/Orcas/orcas_task.php?userID=42732325,11232,8743,0
42732325,http://searchwell.l3s.uni-hannover.de/?uid=42732325,"2017-07-26 08:27:33.0",http://gadirajuweb.l3s.uni-hannover.de/SearchWell/Orcas/orcas_task.php?userID=42732325,8718,2725,0
42732325,http://searchwell.l3s.uni-hannover.de/?uid=42732325,"2017-07-26 08:27:49.0",http://gadirajuweb.l3s.uni-hannover.de/SearchWell/Orcas/orcas_task.php?userID=42732325,25642,17990,0
42732325,http://searchwell.l3s.uni-hannover.de/?uid=42732325,"2017-07-26 08:28:27.0",http://gadirajuweb.l3s.uni-hannover.de/SearchWell/Orcas/orcas_task.php?userID=42732325,9131,3933,0
42732325,http://searchwell.l3s.uni-hannover.de/?uid=42732325,"2017-07-26 08:29:11.0",http://gadirajuweb.l3s.uni-hannover.de/SearchWell/Orcas/orcas_task.php?userID=42732325,17250,6077,0
42732325,http://searchwell.l3s.uni-hannover.de/en/search.jsf?query=,"2017-07-26 08:29:31.0",http://searchwell.l3s.uni-hannover.de/?uid=42732325,20052,5161,0
42732325,http://searchwell.l3s.uni-hannover.de/en/search.jsf?query=Orcas Island,"2017-07-26 08:29:54.0",http://searchwell.l3s.uni-hannover.de/en/search.jsf?query=,237055,35612,1
42732325,http://orcasisland.org.waps.io/,"2017-07-26 08:32:23.0",http://searchwell.l3s.uni-hannover.de/en/search.jsf?query=Orcas Island,72894,11215,0
42732325,http://en.wikipedia.org.secure.waps.io/wiki/Orcas_Island,"2017-07-26 08:34:58.0",http://searchwell.l3s.uni-hannover.de/en/search.jsf?query=Orcas Island,423791,229483,1
21459945,http://searchwell.l3s.uni-hannover.de/?uid=21459945,"2017-07-26 08:07:50.0",http://gadirajuweb.l3s.uni-hannover.de/SearchWell/Orcas/orcas_task.php?userID=21459945,15914,15250,0
21459945,http://searchwell.l3s.uni-hannover.de/en/search.jsf?query=orcas island,"2017-07-26 08:08:08.0",http://searchwell.l3s.uni-hannover.de/?uid=21459945,514783,10190,0
21459945,http://en.wikipedia.org.secure.waps.io/wiki/Orcas_Island,"2017-07-26 08:08:21.0",http://searchwell.l3s.uni-hannover.de/en/search.jsf?query=orcas island,463173,93261,1
31266396,http://searchwell.l3s.uni-hannover.de/?uid=31266396,"2017-07-26 08:34:04.0",http://gadirajuweb.l3s.uni-hannover.de/SearchWell/Orcas/orcas_task.php?userID=31266396,31098,8529,0
31266396,http://searchwell.l3s.uni-hannover.de/en/search.jsf?query=orcas island,"2017-07-26 08:34:36.0",http://searchwell.l3s.uni-hannover.de/?uid=31266396,276879,13778,0
31266396,http://orcasisland.org.waps.io/,"2017-07-26 08:34:58.0",http://searchwell.l3s.uni-hannover.de/en/search.jsf?query=orcas island,77305,25865,0
31266396,http://en.wikipedia.org.secure.waps.io/wiki/Orcas_Island,"2017-07-26 08:36:27.0",http://searchwell.l3s.uni-hannover.de/en/search.jsf?query=orcas island,157468,27857,1
42517948,http://searchwell.l3s.uni-hannover.de/?uid=42517948,"2017-07-26 08:18:31.0",,32538,14348,0
42517948,http://searchwell.l3s.uni-hannover.de/en/search.jsf?query=Orcas Island,"2017-07-26 08:19:03.0",http://searchwell.l3s.uni-hannover.de/?uid=42517948,799159,36235,0
42126087,http://searchwell.l3s.uni-hannover.de/?uid=42126087,"2017-07-26 08:35:38.0",http://gadirajuweb.l3s.uni-hannover.de/SearchWell/Orcas/orcas_task.php?userID=42126087,260800,9591,0
42126087,http://searchwell.l3s.uni-hannover.de/en/search.jsf?query=orcas island,"2017-07-26 08:40:00.0",http://searchwell.l3s.uni-hannover.de/?uid=42126087,278292,17905,0
42126087,http://www.tripadvisor.com.secure.waps.io/Tourism-g58656-Orcas_Island_San_Juan_Islands_Washington-Vacations.html,"2017-07-26 08:40:41.0",http://searchwell.l3s.uni-hannover.de/en/search.jsf?query=orcas island,4466,2591,0
43694802,http://searchwell.l3s.uni-hannover.de/?uid=43694802,"2017-07-26 08:39:33.0",http://gadirajuweb.l3s.uni-hannover.de/SearchWell/Orcas/orcas_task.php?userID=43694802,11285,5129,0
43694802,http://searchwell.l3s.uni-hannover.de/en/search.jsf?query=orcas island,"2017-07-26 08:39:45.0",http://searchwell.l3s.uni-hannover.de/?uid=43694802,613735,4769,0
38366313,http://searchwell.l3s.uni-hannover.de/?uid=38366313,"2017-07-26 10:28:42.0",http://gadirajuweb.l3s.uni-hannover.de/SearchWell/Orcas/orcas_task.php?userID=38366313,17300,10701,0
38366313,http://searchwell.l3s.uni-hannover.de/en/search.jsf?query=%27Orcas Island%27 ,"2017-07-26 10:29:04.0",http://searchwell.l3s.uni-hannover.de/?uid=38366313,513572,14557,0
38366313,http://en.wikipedia.org.secure.waps.io/wiki/Orcas_Island,"2017-07-26 10:29:09.0",http://searchwell.l3s.uni-hannover.de/en/search.jsf?query=%27Orcas Island%27 ,485884,65399,1
43509684,http://searchwell.l3s.uni-hannover.de/?uid=43509684,"2017-07-26 08:26:23.0",http://gadirajuweb.l3s.uni-hannover.de/SearchWell/Orcas/orcas_task.php?userID=43509684,16591,8827,0
43509684,http://searchwell.l3s.uni-hannover.de/en/search.jsf?query=Orcas Island,"2017-07-26 08:26:41.0",http://searchwell.l3s.uni-hannover.de/?uid=43509684,478426,23839,0
43509684,http://en.wikipedia.org.secure.waps.io/wiki/Orcas_Island,"2017-07-26 08:26:54.0",http://searchwell.l3s.uni-hannover.de/en/search.jsf?query=Orcas Island,241472,83981,1
43509684,http://orcasisland.org.waps.io/,"2017-07-26 08:31:51.0",http://searchwell.l3s.uni-hannover.de/en/search.jsf?query=Orcas Island,0,0,1
34192482,http://en.wikipedia.org.secure.waps.io/wiki/Orcas_Island,"2017-07-26 08:27:21.0",http://searchwell.l3s.uni-hannover.de/en/search.jsf?query=orcas islands,394805,73596,1
34192482,http://www.visitsanjuans.com.secure.waps.io/about-the-islands/orcas-island,"2017-07-26 08:30:19.0",http://searchwell.l3s.uni-hannover.de/en/search.jsf?query=orcas islands,0,0,1
34192482,http://orcasisland.org.waps.io/,"2017-07-26 08:32:02.0",http://searchwell.l3s.uni-hannover.de/en/search.jsf?query=orcas islands,120101,2385,0
