41914129,http://searchwell.l3s.uni-hannover.de/?uid=41914129,12:35:43 AM,http://gadirajuweb.l3s.uni-hannover.de/SearchWell/Sangre/sangre_task.php?userID=41914129,63425,5159,0
41914129,http://searchwell.l3s.uni-hannover.de/en/search.jsf?query=Sangre de Cristo%27 mountain range . ,12:36:56 AM,http://searchwell.l3s.uni-hannover.de/?uid=41914129,269932,18007,0
41914129,http://en.wikipedia.org.secure.waps.io/wiki/Sangre_de_Cristo_Mountains,12:37:04 AM,http://searchwell.l3s.uni-hannover.de/en/search.jsf?query=Sangre de Cristo%27 mountain range . ,264638,7943,0
41914129,http://www.sangres.com.waps.io/mountains/sangres.htm,12:37:33 AM,http://searchwell.l3s.uni-hannover.de/en/search.jsf?query=Sangre de Cristo%27 mountain range . ,234884,6869,0
41914129,http://www.pikespeakphoto.com.waps.io/sangres/sangre.html,12:39:39 AM,http://searchwell.l3s.uni-hannover.de/en/search.jsf?query=Sangre de Cristo%27 mountain range . ,15390,808,1
19298085,http://searchwell.l3s.uni-hannover.de/?uid=19298085,12:03:45 AM,http://gadirajuweb.l3s.uni-hannover.de/SearchWell/Sangre/sangre_task.php?userID=19298085,6698,536,0
19298085,http://searchwell.l3s.uni-hannover.de/en/search.jsf?query=%27Sangre de Cristo%27 mountain range,12:03:53 AM,http://searchwell.l3s.uni-hannover.de/?uid=19298085,453369,45999,0
19298085,http://en.wikipedia.org.secure.waps.io/wiki/Sangre_de_Cristo_Mountains,12:04:00 AM,http://searchwell.l3s.uni-hannover.de/en/search.jsf?query=%27Sangre de Cristo%27 mountain range,312222,34402,1
19298085,http://en.wikipedia.org.secure.waps.io/wiki/Sangre_de_Cristo_Range,12:05:10 AM,http://searchwell.l3s.uni-hannover.de/en/search.jsf?query=%27Sangre de Cristo%27 mountain range,377935,26415,0
40619580,http://searchwell.l3s.uni-hannover.de/?uid=40619580,12:06:14 AM,http://gadirajuweb.l3s.uni-hannover.de/SearchWell/Sangre/sangre_task.php?userID=40619580,41353,3547,0
40619580,http://searchwell.l3s.uni-hannover.de/en/search.jsf?query=Sangre de Cristo,12:06:57 AM,http://searchwell.l3s.uni-hannover.de/?uid=40619580,342584,3376,0
40619580,http://en.wikipedia.org.secure.waps.io/wiki/Sangre_de_Cristo_Mountains,12:07:25 AM,http://searchwell.l3s.uni-hannover.de/en/search.jsf?query=Sangre de Cristo,297528,36064,1
41387391,http://searchwell.l3s.uni-hannover.de/?uid=41387391,12:33:33 AM,http://gadirajuweb.l3s.uni-hannover.de/SearchWell/Sangre/sangre_task.php?userID=41387391,23588,4755,0
41387391,http://searchwell.l3s.uni-hannover.de/en/search.jsf?query=Sangre de Cristo%27 mountain range,12:33:59 AM,http://searchwell.l3s.uni-hannover.de/?uid=41387391,8489,7775,0
41387391,http://en.wikipedia.org.secure.waps.io/wiki/Sangre_de_Cristo_Mountains,12:34:49 AM,http://searchwell.l3s.uni-hannover.de/en/search.jsf?query=Sangre de Cristo%27 mountain range,68796,22623,0
41387391,http://en.wikipedia.org.secure.waps.io/wiki/File:Great_Sand_Dunes_NP_1.JPG,12:36:15 AM,http://en.wikipedia.org.secure.waps.io/wiki/Sangre_de_Cristo_Mountains,267127,13427,0
42262643,http://searchwell.l3s.uni-hannover.de/?uid=42262643,12:25:20 AM,http://gadirajuweb.l3s.uni-hannover.de/SearchWell/Sangre/sangre_task.php?userID=42262643,3230,2713,0
42262643,http://searchwell.l3s.uni-hannover.de/en/search.jsf?query=Sangre de Cristo,12:25:24 AM,http://searchwell.l3s.uni-hannover.de/?uid=42262643,725264,13623,0
42262643,http://en.wikipedia.org.secure.waps.io/wiki/Sangre_de_Cristo_Mountains,12:25:28 AM,http://searchwell.l3s.uni-hannover.de/en/search.jsf?query=Sangre de Cristo,697118,96261,1
42262643,http://en.wikipedia.org.secure.waps.io/wiki/Mount_Phillips_(New_Mexico),12:35:12 AM,http://en.wikipedia.org.secure.waps.io/wiki/Sangre_de_Cristo_Mountains,67742,4597,0
43507316,http://searchwell.l3s.uni-hannover.de/?uid=43507316,12:49:08 AM,http://gadirajuweb.l3s.uni-hannover.de/SearchWell/Sangre/sangre_task.php?userID=43507316,7111,6764,0
43507316,http://searchwell.l3s.uni-hannover.de/en/search.jsf?query=Sangre de Cristo%27 mountain range,12:49:16 AM,http://searchwell.l3s.uni-hannover.de/?uid=43507316,306124,13246,0
43507316,http://searchwell.l3s.uni-hannover.de/en/search.jsf?query=The Rocky Mountains reach from Mexico in the south up to Canada in the north.,12:54:25 AM,http://searchwell.l3s.uni-hannover.de/en/search.jsf?query=Sangre de Cristo%27 mountain range,45916,29037,0
43507316,http://en.wikipedia.org.secure.waps.io/wiki/Rocky_Mountains,12:54:48 AM,http://searchwell.l3s.uni-hannover.de/en/search.jsf?query=The Rocky Mountains reach from Mexico in the south up to Canada in the north.,16431,3488,0
43507316,http://searchwell.l3s.uni-hannover.de/en/search.jsf?query=Although the particular origin of the name is unclear%2C it has been in use since the early 19th centu,12:55:13 AM,http://searchwell.l3s.uni-hannover.de/en/search.jsf?query=The Rocky Mountains reach from Mexico in the south up to Canada in the north.,17442,10558,0
43507316,http://searchwell.l3s.uni-hannover.de/en/search.jsf?query=Blanca Peak is the highest summit of the Rocky Mountains.,12:55:33 AM,http://searchwell.l3s.uni-hannover.de/en/search.jsf?query=Although the particular origin of the name is unclear%2C it has been in use since the early 19th centu,14848,6004,0
43507316,http://searchwell.l3s.uni-hannover.de/en/search.jsf?query=Blanca Peak is located at the southern end of the Sangre de Cristo Range.,12:55:53 AM,http://searchwell.l3s.uni-hannover.de/en/search.jsf?query=Blanca Peak is the highest summit of the Rocky Mountains.,10290,3392,0
41616896,http://en.wikipedia.org.secure.waps.io/wiki/Sangre_de_Cristo_Mountains,12:25:36 AM,http://searchwell.l3s.uni-hannover.de/en/search.jsf?query=Sangre de Cristo%27 mountain range ,331717,72479,1
40861787,http://searchwell.l3s.uni-hannover.de/?uid=40861787,12:25:48 AM,http://gadirajuweb.l3s.uni-hannover.de/SearchWell/Sangre/sangre_task.php?userID=40861787,11011,8337,0
40861787,http://searchwell.l3s.uni-hannover.de/en/search.jsf?query=Sangre de Cristo%E2%80%9D mountain range,12:25:59 AM,http://searchwell.l3s.uni-hannover.de/?uid=40861787,189483,576,1
40861787,http://en.wikipedia.org.secure.waps.io/wiki/Sangre_de_Cristo_Mountains,12:26:46 AM,http://searchwell.l3s.uni-hannover.de/en/search.jsf?query=Sangre de Cristo%E2%80%9D mountain range,142355,0,1
40861787,http://en.wikipedia.org.secure.waps.io/wiki/Sangre_de_Cristo_Range,12:29:11 AM,http://searchwell.l3s.uni-hannover.de/en/search.jsf?query=Sangre de Cristo%E2%80%9D mountain range,50876,0,1
40861787,http://searchwell.l3s.uni-hannover.de/?uid=40861787,12:32:20 AM,http://gadirajuweb.l3s.uni-hannover.de/SearchWell/Sangre/sangre_task.php?userID=40861787,40812,0,1
40861787,http://searchwell.l3s.uni-hannover.de/en/search.jsf?query=Sangre de Cristo%E2%80%9D mountain range,12:33:01 AM,http://searchwell.l3s.uni-hannover.de/?uid=40861787,774,0,1
40861787,http://searchwell.l3s.uni-hannover.de/?uid=40861787,12:36:39 AM,http://gadirajuweb.l3s.uni-hannover.de/SearchWell/Sangre/sangre_task.php?userID=40861787,32702,2299,0
40861787,http://searchwell.l3s.uni-hannover.de/en/search.jsf?query=Sangre de Cristo%E2%80%9D mountain range,12:37:12 AM,http://searchwell.l3s.uni-hannover.de/?uid=40861787,437811,138,1
40861787,http://en.wikipedia.org.secure.waps.io/wiki/Sangre_de_Cristo_Range,12:37:31 AM,http://searchwell.l3s.uni-hannover.de/en/search.jsf?query=Sangre de Cristo%E2%80%9D mountain range,500779,8689,1
11582908,http://searchwell.l3s.uni-hannover.de/?uid=11582908,12:07:10 AM,http://gadirajuweb.l3s.uni-hannover.de/SearchWell/Sangre/sangre_task.php?userID=11582908,3771,3706,0
11582908,http://searchwell.l3s.uni-hannover.de/en/search.jsf?query=%E2%80%9CSangre de Cristo%E2%80%9D mountain range,12:07:15 AM,http://searchwell.l3s.uni-hannover.de/?uid=11582908,591682,18639,0
11582908,http://en.wikipedia.org.secure.waps.io/wiki/Sangre_de_Cristo_Mountains,12:07:18 AM,http://searchwell.l3s.uni-hannover.de/en/search.jsf?query=%E2%80%9CSangre de Cristo%E2%80%9D mountain range,588974,63012,0
11582908,http://en.wikipedia.org.secure.waps.io/wiki/Sangre_de_Cristo_Range,12:08:30 AM,http://searchwell.l3s.uni-hannover.de/en/search.jsf?query=%E2%80%9CSangre de Cristo%E2%80%9D mountain range,520272,20698,0
11582908,http://en.wikipedia.org.secure.waps.io/wiki/Rocky_Mountains,12:13:20 AM,http://en.wikipedia.org.secure.waps.io/wiki/Sangre_de_Cristo_Mountains,229312,30806,0
36736084,http://searchwell.l3s.uni-hannover.de/?uid=36736084,12:35:59 AM,http://gadirajuweb.l3s.uni-hannover.de/SearchWell/Sangre/sangre_task.php?userID=36736084,37523,10693,0
36736084,http://searchwell.l3s.uni-hannover.de/en/search.jsf?query=Sangre de Cristo%27 mountain range ,12:36:39 AM,http://searchwell.l3s.uni-hannover.de/?uid=36736084,352470,19550,0
36736084,http://en.wikipedia.org.secure.waps.io/wiki/Sangre_de_Cristo_Mountains,12:36:55 AM,http://searchwell.l3s.uni-hannover.de/en/search.jsf?query=Sangre de Cristo%27 mountain range ,175449,39264,1
42128050,http://searchwell.l3s.uni-hannover.de/?uid=42128050,12:37:48 AM,http://gadirajuweb.l3s.uni-hannover.de/SearchWell/Sangre/sangre_task.php?userID=42128050,24196,1230,0
42128050,http://searchwell.l3s.uni-hannover.de/en/search.jsf?query=%27Sangre de Cristo%27 mountain range,12:38:16 AM,http://searchwell.l3s.uni-hannover.de/?uid=42128050,797135,26788,0
42128050,http://en.wikipedia.org.secure.waps.io/wiki/Sangre_de_Cristo_Mountains,12:38:35 AM,http://searchwell.l3s.uni-hannover.de/en/search.jsf?query=%27Sangre de Cristo%27 mountain range,74094,27577,0
42128050,http://en.wikipedia.org.secure.waps.io/wiki/Sangre_de_Cristo_Range,12:38:49 AM,http://searchwell.l3s.uni-hannover.de/en/search.jsf?query=%27Sangre de Cristo%27 mountain range,88775,10861,0
42128050,http://www.sangres.com.waps.io/mountains/sangres.htm,12:40:30 AM,http://searchwell.l3s.uni-hannover.de/en/search.jsf?query=%27Sangre de Cristo%27 mountain range,141746,47188,1
42128050,http://en.wikipedia.org.secure.waps.io/wiki/Sangre_de_Cristo_Mountains,12:43:04 AM,http://searchwell.l3s.uni-hannover.de/en/search.jsf?query=%27Sangre de Cristo%27 mountain range,259761,67504,0
42128050,http://en.wikipedia.org.secure.waps.io/wiki/Blanca_Peak,12:47:27 AM,http://en.wikipedia.org.secure.waps.io/wiki/Sangre_de_Cristo_Mountains,24030,16766,1
42128050,http://en.wikipedia.org.secure.waps.io/wiki/Sangre_de_Cristo_Mountains,12:47:52 AM,http://searchwell.l3s.uni-hannover.de/en/search.jsf?query=%27Sangre de Cristo%27 mountain range,57622,33186,1
41335577,http://searchwell.l3s.uni-hannover.de/?uid=41335577,12:18:51 AM,http://gadirajuweb.l3s.uni-hannover.de/SearchWell/Sangre/sangre_task.php?userID=41335577,5524,5136,0
41335577,http://searchwell.l3s.uni-hannover.de/en/search.jsf?query=sangre de cristo mountains,12:18:57 AM,http://searchwell.l3s.uni-hannover.de/?uid=41335577,739002,90081,0
41335577,http://en.wikipedia.org.secure.waps.io/wiki/Sangre_de_Cristo_Mountains,12:19:00 AM,http://searchwell.l3s.uni-hannover.de/en/search.jsf?query=sangre de cristo mountains,576536,101215,0
41335577,http://www.sangres.com.waps.io/mountains/sangres.htm,12:19:11 AM,http://searchwell.l3s.uni-hannover.de/en/search.jsf?query=sangre de cristo mountains,95830,8406,0
41335577,http://en.wikipedia.org.secure.waps.io/wiki/Sangre_de_Cristo_Range,12:19:20 AM,http://searchwell.l3s.uni-hannover.de/en/search.jsf?query=sangre de cristo mountains,83631,10294,0
41335577,http://wikitravel.org.waps.io/en/Sangre_de_Cristo_Mountains,12:19:31 AM,http://searchwell.l3s.uni-hannover.de/en/search.jsf?query=sangre de cristo mountains,71631,7554,0
41335577,http://www.pikespeakphoto.com.waps.io/sangres/sangre.html,12:19:42 AM,http://searchwell.l3s.uni-hannover.de/en/search.jsf?query=sangre de cristo mountains,8709,7980,1
41335577,http://www.go-colorado.com.secure.waps.io/Sangre-De-Cristo-Mountains/,12:19:52 AM,http://searchwell.l3s.uni-hannover.de/en/search.jsf?query=sangre de cristo mountains,38616,3035,0
41335577,http://www.sangres.com.waps.io/mountains/sangres.htm,12:21:24 AM,http://searchwell.l3s.uni-hannover.de/en/search.jsf?query=sangre de cristo mountains,3587,3412,0
41335577,http://www.go-colorado.com.secure.waps.io/Sangre-De-Cristo-Mountains/,12:22:18 AM,http://searchwell.l3s.uni-hannover.de/en/search.jsf?query=sangre de cristo mountains,1379,1262,0
41335577,http://www.wilderness.net.waps.io/NWPS/wildView?WID=529,12:23:23 AM,http://searchwell.l3s.uni-hannover.de/en/search.jsf?query=sangre de cristo mountains,5555,4546,0
41335577,http://en.wikipedia.org.secure.waps.io/wiki/Blanca_Peak,12:28:44 AM,http://en.wikipedia.org.secure.waps.io/wiki/Sangre_de_Cristo_Mountains,30086,3440,0
41335577,http://en.wikipedia.org.secure.waps.io/wiki/Sangre_de_Cristo_Mountains,12:29:14 AM,http://searchwell.l3s.uni-hannover.de/en/search.jsf?query=sangre de cristo mountains,59469,10795,1
33757795,http://searchwell.l3s.uni-hannover.de/?uid=33757795,12:29:32 AM,http://gadirajuweb.l3s.uni-hannover.de/SearchWell/Sangre/sangre_task.php?userID=33757795,456347,2021,0
37660122,http://searchwell.l3s.uni-hannover.de/?uid=37660122,12:29:06 AM,http://gadirajuweb.l3s.uni-hannover.de/SearchWell/Sangre/sangre_task.php?userID=37660122,18163,17910,0
37660122,http://searchwell.l3s.uni-hannover.de/en/search.jsf?query=the sangre de cristo mountains,12:29:25 AM,http://searchwell.l3s.uni-hannover.de/?uid=37660122,754915,20700,0
37660122,http://en.wikipedia.org.secure.waps.io/wiki/Sangre_de_Cristo_Mountains,12:29:30 AM,http://searchwell.l3s.uni-hannover.de/en/search.jsf?query=the sangre de cristo mountains,219972,61777,0
37660122,http://en.wikipedia.org.secure.waps.io/wiki/Sangre_de_Cristo_Mountains,12:34:19 AM,http://searchwell.l3s.uni-hannover.de/en/search.jsf?query=the sangre de cristo mountains,220328,12123,1
37660122,http://en.wikipedia.org.secure.waps.io/wiki/Rocky_Mountains,12:35:42 AM,http://en.wikipedia.org.secure.waps.io/wiki/Sangre_de_Cristo_Mountains,191261,43512,1
37660122,http://en.wikipedia.org.secure.waps.io/wiki/Sangre_de_Cristo_Mountains,12:39:29 AM,http://searchwell.l3s.uni-hannover.de/en/search.jsf?query=the sangre de cristo mountains,80511,33947,1
37953692,http://searchwell.l3s.uni-hannover.de/?uid=37953692,12:09:41 AM,http://gadirajuweb.l3s.uni-hannover.de/SearchWell/Sangre/sangre_task.php?userID=37953692,12839,613,0
37953692,http://searchwell.l3s.uni-hannover.de/?uid=37953692,12:09:52 AM,http://gadirajuweb.l3s.uni-hannover.de/SearchWell/Sangre/sangre_task.php?userID=37953692,15148,8022,0
37953692,http://searchwell.l3s.uni-hannover.de/en/search.jsf?query=Sangre de Cristo,12:10:21 AM,http://searchwell.l3s.uni-hannover.de/?uid=37953692,16158,15698,0
37953692,http://en.wikipedia.org.secure.waps.io/wiki/Sangre_de_Cristo_Mountains,12:10:25 AM,http://searchwell.l3s.uni-hannover.de/en/search.jsf?query=Sangre de Cristo,667850,73042,1
37953692,http://searchwell.l3s.uni-hannover.de/en/search.jsf?query=Sangre de Cristo %D0%B3%D0%BE%D1%80%D1%8B,12:10:38 AM,http://searchwell.l3s.uni-hannover.de/en/search.jsf?query=Sangre de Cristo,12173,11460,0
37953692,http://searchwell.l3s.uni-hannover.de/en/search.jsf?query=Sangre de Cristo %D0%B8%D0%BD%D1%84%D0%BE%D1%80%D0%BC%D0%B0%D1%86%D0%B8%D1%8F,12:10:51 AM,http://searchwell.l3s.uni-hannover.de/en/search.jsf?query=Sangre de Cristo %D0%B3%D0%BE%D1%80%D1%8B,9399,9230,0
37953692,http://searchwell.l3s.uni-hannover.de/en/search.jsf?query=Sangre de Cristo,12:11:01 AM,http://searchwell.l3s.uni-hannover.de/en/search.jsf?query=Sangre de Cristo %D0%B8%D0%BD%D1%84%D0%BE%D1%80%D0%BC%D0%B0%D1%86%D0%B8%D1%8F,697888,88286,0
37953692,http://www.sangres.com.waps.io/mountains/sangres.htm,12:11:13 AM,http://searchwell.l3s.uni-hannover.de/en/search.jsf?query=Sangre de Cristo,403747,30467,0
37953692,http://www.mtns.ru.waps.io/mountains/subrange/sangre_de_cristo_range/,12:11:44 AM,http://searchwell.l3s.uni-hannover.de/en/search.jsf?query=Sangre de Cristo %D0%B3%D0%BE%D1%80%D1%8B,74139,7521,0
37953692,http://en.wikipedia.org.secure.waps.io/wiki/Colorado,12:17:45 AM,http://en.wikipedia.org.secure.waps.io/wiki/Sangre_de_Cristo_Mountains,10058,7701,0
37953692,http://en.wikipedia.org.secure.waps.io/wiki/New_Mexico,12:17:50 AM,http://en.wikipedia.org.secure.waps.io/wiki/Sangre_de_Cristo_Mountains,855,0,0
36931574,http://searchwell.l3s.uni-hannover.de/?uid=36931574,12:10:34 AM,http://gadirajuweb.l3s.uni-hannover.de/SearchWell/Sangre/sangre_task.php?userID=36931574,17889,9812,0
36931574,http://searchwell.l3s.uni-hannover.de/en/search.jsf?query=Sangre de Cristo%27 mountain range ,12:10:52 AM,http://searchwell.l3s.uni-hannover.de/?uid=36931574,165975,4524,0
36931574,http://en.wikipedia.org.secure.waps.io/wiki/Sangre_de_Cristo_Mountains,12:11:06 AM,http://searchwell.l3s.uni-hannover.de/en/search.jsf?query=Sangre de Cristo%27 mountain range ,149892,57535,0
36931574,http://searchwell.l3s.uni-hannover.de/?uid=36931574,12:14:04 AM,http://gadirajuweb.l3s.uni-hannover.de/SearchWell/Sangre/sangre_task.php?userID=36931574,2272,1230,0
36931574,http://searchwell.l3s.uni-hannover.de/en/search.jsf?query=Sangre de Cristo%27 mountain range ,12:14:07 AM,http://searchwell.l3s.uni-hannover.de/?uid=36931574,61787,8842,0
36931574,http://www.britannica.com.secure.waps.io/place/Sangre-de-Cristo-Mountains,12:14:21 AM,http://searchwell.l3s.uni-hannover.de/en/search.jsf?query=Sangre de Cristo%27 mountain range ,46609,24600,0
36931574,http://searchwell.l3s.uni-hannover.de/?uid=36931574,12:15:25 AM,http://gadirajuweb.l3s.uni-hannover.de/SearchWell/Sangre/sangre_task.php?userID=36931574,1899,1027,0
36931574,http://searchwell.l3s.uni-hannover.de/en/search.jsf?query=Sangre de Cristo%27 mountain range ,12:15:28 AM,http://searchwell.l3s.uni-hannover.de/?uid=36931574,228440,3649,0
36931574,http://www.sangres.com.waps.io/mountains/sangres.htm,12:15:36 AM,http://searchwell.l3s.uni-hannover.de/en/search.jsf?query=Sangre de Cristo%27 mountain range ,218690,28342,0
39700030,http://searchwell.l3s.uni-hannover.de/?uid=39700030,12:13:24 AM,http://gadirajuweb.l3s.uni-hannover.de/SearchWell/Sangre/sangre_task.php?userID=39700030,12889,9391,0
39700030,http://searchwell.l3s.uni-hannover.de/en/search.jsf?query=rocky mountains utes,12:13:44 AM,http://searchwell.l3s.uni-hannover.de/?uid=39700030,15042,14444,0
33792477,http://searchwell.l3s.uni-hannover.de/?uid=33792477,12:50:24 AM,http://gadirajuweb.l3s.uni-hannover.de/SearchWell/Sangre/sangre_task.php?userID=33792477,4919,4832,0
33792477,http://searchwell.l3s.uni-hannover.de/en/search.jsf?query=Sangre de Cristo,12:50:30 AM,http://searchwell.l3s.uni-hannover.de/?uid=33792477,920943,9699,0
33792477,http://en.wikipedia.org.secure.waps.io/wiki/Sangre_de_Cristo_Mountains,12:50:32 AM,http://searchwell.l3s.uni-hannover.de/en/search.jsf?query=Sangre de Cristo,922593,11505,0
33792477,http://www.ewtn.com.secure.waps.io/spanish/prayers/oraci%C3%B3n_de_la_sangre_de_cristo.htm,12:50:55 AM,http://searchwell.l3s.uni-hannover.de/en/search.jsf?query=Sangre de Cristo,896425,7238,1
33792477,http://www.sangres.com.waps.io/mountains/sangres.htm,12:50:59 AM,http://searchwell.l3s.uni-hannover.de/en/search.jsf?query=Sangre de Cristo,128749,7514,1
38687457,http://searchwell.l3s.uni-hannover.de/?uid=38687457,12:41:37 AM,http://gadirajuweb.l3s.uni-hannover.de/SearchWell/Sangre/sangre_task.php?userID=38687457,45672,9448,0
38687457,http://searchwell.l3s.uni-hannover.de/en/search.jsf?query=sangre de cristo mountains,12:42:22 AM,http://searchwell.l3s.uni-hannover.de/?uid=38687457,40934,2497,0
38687457,http://en.wikipedia.org.secure.waps.io/wiki/Sangre_de_Cristo_Mountains,12:42:32 AM,http://searchwell.l3s.uni-hannover.de/en/search.jsf?query=sangre de cristo mountains,29356,11803,0
39934712,http://searchwell.l3s.uni-hannover.de/?uid=39934712,12:38:40 AM,http://gadirajuweb.l3s.uni-hannover.de/SearchWell/Sangre/sangre_task.php?userID=39934712,64045,10206,0
39934712,http://searchwell.l3s.uni-hannover.de/en/search.jsf?query=sangre de cristo mountain range,12:39:45 AM,http://searchwell.l3s.uni-hannover.de/?uid=39934712,1055597,44176,0
39934712,http://en.wikipedia.org.secure.waps.io/wiki/Sangre_de_Cristo_Mountains,12:39:58 AM,http://searchwell.l3s.uni-hannover.de/en/search.jsf?query=sangre de cristo mountain range,1369231,291650,0
39934712,http://en.wikipedia.org.secure.waps.io/wiki/Rocky_Mountains,12:51:58 AM,,164794,4538,0
39934712,http://en.wikipedia.org.secure.waps.io/wiki/Blanca_Peak,12:54:01 AM,,40184,9419,0
39934712,http://en.wikipedia.org.secure.waps.io/wiki/Mount_Phillips_(New_Mexico),12:55:20 AM,,449569,9622,0
39934712,http://searchwell.l3s.uni-hannover.de/en/search.jsf?query=sangre de cristo mountain tom wolf,12:57:24 AM,http://searchwell.l3s.uni-hannover.de/en/search.jsf?query=sangre de cristo mountain range,27271,11307,0
39934712,http://searchwell.l3s.uni-hannover.de/en/search.jsf?query=sangre de cristo mountain lone fighter,12:57:52 AM,http://searchwell.l3s.uni-hannover.de/en/search.jsf?query=sangre de cristo mountain tom wolf,139993,32011,0
39934712,http://searchwell.l3s.uni-hannover.de/en/search.jsf?query=blanca peak southern end,12:00:28 AM,http://searchwell.l3s.uni-hannover.de/en/search.jsf?query=sangre de cristo mountain lone fighter,43327,18467,0
39934712,http://searchwell.l3s.uni-hannover.de/en/search.jsf?query=timberline unusual high,12:01:13 AM,http://searchwell.l3s.uni-hannover.de/en/search.jsf?query=blanca peak southern end,17150,5980,0
39934712,http://searchwell.l3s.uni-hannover.de/en/search.jsf?query=timberline mountains unusual high,12:01:31 AM,http://searchwell.l3s.uni-hannover.de/en/search.jsf?query=timberline unusual high,2221,1905,0
39934712,http://searchwell.l3s.uni-hannover.de/en/search.jsf?query=timberline mountains unusually high,12:01:34 AM,http://searchwell.l3s.uni-hannover.de/en/search.jsf?query=timberline mountains unusual high,74103,3520,0
40786788,http://searchwell.l3s.uni-hannover.de/?uid=40786788,12:19:00 AM,http://gadirajuweb.l3s.uni-hannover.de/SearchWell/Sangre/sangre_task.php?userID=40786788,12982,12243,0
40786788,http://searchwell.l3s.uni-hannover.de/en/search.jsf?query=%D0%B3%D0%BE%D1%80%D1%8B %D1%81%D0%B0%D0%BD%D0%B3%D1%80 %D0%B4%D0%B5 %D0%BA%D1%80%D0%B8%D1%81%D1%82%D0%BE,12:19:15 AM,http://searchwell.l3s.uni-hannover.de/?uid=40786788,114621,17588,0
40786788,http://ru.wikipedia.org.secure.waps.io/wiki/%D0%90%D0%B4%D0%B0%D0%BC%D1%81_(%D0%B3%D0%BE%D1%80%D0%B0_%D0%9A%D0%BE%D0%BB%D0%BE%D1%80%D0%B0%D0%B4%D0%BE),12:19:23 AM,http://searchwell.l3s.uni-hannover.de/en/search.jsf?query=%D0%B3%D0%BE%D1%80%D1%8B %D1%81%D0%B0%D0%BD%D0%B3%D1%80 %D0%B4%D0%B5 %D0%BA%D1%80%D0%B8%D1%81%D1%82%D0%BE,16410,16113,0
40786788,http://ru.wikipedia.org.secure.waps.io/wiki/%D0%A1%D0%B0%D0%BD%D0%B3%D1%80_%D0%B4%D0%B5_%D0%9A%D1%80%D0%B8%D1%81%D1%82%D0%BE_(%D1%85%D1%80%D0%B5%D0%B1%D0%B5%D1%82),12:19:41 AM,http://ru.wikipedia.org.secure.waps.io/wiki/%D0%90%D0%B4%D0%B0%D0%BC%D1%81_(%D0%B3%D0%BE%D1%80%D0%B0_%D0%9A%D0%BE%D0%BB%D0%BE%D1%80%D0%B0%D0%B4%D0%BE),27303,2629,0
40786788,http://searchwell.l3s.uni-hannover.de/en/search.jsf?query=%D0%B3%D0%BE%D1%80%D1%8B %D1%81%D0%B0%D0%BD%D0%B3%D1%80 %D0%B4%D0%B5 %D0%BA%D1%80%D0%B8%D1%81%D1%82%D0%BE %D0%BF%D0%B8%D0%BA %D0%B1%D0%BB%D0%B0%D0%BD%D0%BA%D0%B0,12:21:11 AM,http://searchwell.l3s.uni-hannover.de/en/search.jsf?query=%D0%B3%D0%BE%D1%80%D1%8B %D1%81%D0%B0%D0%BD%D0%B3%D1%80 %D0%B4%D0%B5 %D0%BA%D1%80%D0%B8%D1%81%D1%82%D0%BE,185890,40433,0
40786788,http://dic.academic.ru.waps.io/dic.nsf/bse/129869/%D0%A1%D0%B0%D0%BD%D0%B3%D1%80%D0%B5,12:22:01 AM,http://searchwell.l3s.uni-hannover.de/en/search.jsf?query=%D0%B3%D0%BE%D1%80%D1%8B %D1%81%D0%B0%D0%BD%D0%B3%D1%80 %D0%B4%D0%B5 %D0%BA%D1%80%D0%B8%D1%81%D1%82%D0%BE %D0%BF%D0%B8%D0%BA %D0%B1%D0%BB%D0%B0%D0%BD%D0%BA%D0%B0,7643,7387,0
40786788,http://dic.academic.ru.waps.io/dic.nsf/brokgauz_efron/94412/%D0%A1%D0%BA%D0%B0%D0%BB%D0%B8%D1%81%D1%82%D1%8B%D0%B5,12:23:46 AM,http://searchwell.l3s.uni-hannover.de/en/search.jsf?query=%D0%B3%D0%BE%D1%80%D1%8B %D1%81%D0%B0%D0%BD%D0%B3%D1%80 %D0%B4%D0%B5 %D0%BA%D1%80%D0%B8%D1%81%D1%82%D0%BE %D0%BF%D0%B8%D0%BA %D0%B1%D0%BB%D0%B0%D0%BD%D0%BA%D0%B0,14779,13855,1
40786788,http://searchwell.l3s.uni-hannover.de/en/search.jsf?query=%D1%81%D0%B0%D0%BD%D0%B3 %D0%B4%D0%B5 %D0%BA%D1%80%D0%B8%D1%81%D1%82%D0%BE %D0%BF%D0%B5%D1%80%D0%B5%D0%B2%D0%BE%D0%B4,12:24:53 AM,http://searchwell.l3s.uni-hannover.de/en/search.jsf?query=%D0%B3%D0%BE%D1%80%D1%8B %D1%81%D0%B0%D0%BD%D0%B3%D1%80 %D0%B4%D0%B5 %D0%BA%D1%80%D0%B8%D1%81%D1%82%D0%BE %D0%BF%D0%B8%D0%BA %D0%B1%D0%BB%D0%B0%D0%BD%D0%BA%D0%B0,676240,9688,0
40786788,http://dic.academic.ru.waps.io/dic.nsf/bse/129869/%D0%A1%D0%B0%D0%BD%D0%B3%D1%80%D0%B5,12:25:44 AM,http://searchwell.l3s.uni-hannover.de/en/search.jsf?query=%D1%81%D0%B0%D0%BD%D0%B3 %D0%B4%D0%B5 %D0%BA%D1%80%D0%B8%D1%81%D1%82%D0%BE %D0%BF%D0%B5%D1%80%D0%B5%D0%B2%D0%BE%D0%B4,12452,8798,0
34427707,http://searchwell.l3s.uni-hannover.de/?uid=34427707,12:39:51 AM,http://gadirajuweb.l3s.uni-hannover.de/SearchWell/Sangre/sangre_task.php?userID=34427707,10446,3082,0
34427707,http://searchwell.l3s.uni-hannover.de/en/search.jsf?query=%D0%BF%D0%BB%D0%B0%D0%BD%D0%B8%D0%BD%D1%81%D0%BA%D0%B0%D1%82%D0%B0 %D0%B2%D0%B5%D1%80%D0%B8%D0%B3%D0%B0 %22Sangre de Cristo%22,12:40:03 AM,http://searchwell.l3s.uni-hannover.de/?uid=34427707,4605,3843,0
34427707,http://searchwell.l3s.uni-hannover.de/en/search.jsf?query=%22Sangre de Cristo%22,12:40:09 AM,http://searchwell.l3s.uni-hannover.de/en/search.jsf?query=%D0%BF%D0%BB%D0%B0%D0%BD%D0%B8%D0%BD%D1%81%D0%BA%D0%B0%D1%82%D0%B0 %D0%B2%D0%B5%D1%80%D0%B8%D0%B3%D0%B0 %22Sangre de Cristo%22,85223,2448,0
34427707,http://en.wikipedia.org.secure.waps.io/wiki/Sangre_de_Cristo_Mountains,12:40:13 AM,http://searchwell.l3s.uni-hannover.de/en/search.jsf?query=%22Sangre de Cristo%22,413219,92702,0
34427707,http://searchwell.l3s.uni-hannover.de/?uid=34427707,12:44:06 AM,http://gadirajuweb.l3s.uni-hannover.de/SearchWell/Sangre/sangre_task.php?userID=34427707,13248,2849,0
34427707,http://searchwell.l3s.uni-hannover.de/en/search.jsf?query=%22Sangre de Cristo%22,12:44:19 AM,http://searchwell.l3s.uni-hannover.de/?uid=34427707,165532,4857,0
34427707,http://en.wikipedia.org.secure.waps.io/wiki/Sangre_de_Cristo_Mountains,12:44:30 AM,http://searchwell.l3s.uni-hannover.de/en/search.jsf?query=%22Sangre de Cristo%22,1525,807,0
37114649,http://searchwell.l3s.uni-hannover.de/?uid=37114649,12:29:57 AM,http://gadirajuweb.l3s.uni-hannover.de/SearchWell/Sangre/sangre_task.php?userID=37114649,13647,2737,0
37114649,http://searchwell.l3s.uni-hannover.de/en/search.jsf?query=%E2%80%9CSangre de Cristo%E2%80%9D mountain range,12:30:13 AM,http://searchwell.l3s.uni-hannover.de/?uid=37114649,347561,4286,0
37114649,http://en.wikipedia.org.secure.waps.io/wiki/Sangre_de_Cristo_Mountains,12:30:26 AM,http://searchwell.l3s.uni-hannover.de/en/search.jsf?query=%E2%80%9CSangre de Cristo%E2%80%9D mountain range,471102,76852,1
37114649,http://en.wikipedia.org.secure.waps.io/wiki/Blanca_Peak,12:36:53 AM,http://en.wikipedia.org.secure.waps.io/wiki/Sangre_de_Cristo_Mountains,21923,16092,0
13396426,http://searchwell.l3s.uni-hannover.de/?uid=13396426,12:28:05 AM,http://gadirajuweb.l3s.uni-hannover.de/SearchWell/Sangre/sangre_task.php?userID=13396426,438776,3670,0
13396426,http://searchwell.l3s.uni-hannover.de/en/search.jsf?query=Sangre de Cristo%27 mountain range,12:35:25 AM,http://searchwell.l3s.uni-hannover.de/?uid=13396426,360342,6168,0
13396426,http://en.wikipedia.org.secure.waps.io/wiki/Sangre_de_Cristo_Mountains,12:35:28 AM,http://searchwell.l3s.uni-hannover.de/en/search.jsf?query=Sangre de Cristo%27 mountain range,318514,34148,1
13396426,http://en.wikipedia.org.secure.waps.io/wiki/Rocky_Mountains,12:36:00 AM,http://en.wikipedia.org.secure.waps.io/wiki/Sangre_de_Cristo_Mountains,306372,69815,0
13396426,http://en.wikipedia.org.secure.waps.io/wiki/Blanca_Peak,12:37:59 AM,http://en.wikipedia.org.secure.waps.io/wiki/Sangre_de_Cristo_Mountains,102817,21992,1
41571219,http://searchwell.l3s.uni-hannover.de/?uid=41571219,12:44:13 AM,http://gadirajuweb.l3s.uni-hannover.de/SearchWell/Sangre/sangre_task.php?userID=41571219,39133,36735,0
41571219,http://searchwell.l3s.uni-hannover.de/en/search.jsf?query=sangre de cristo mountain range,12:44:53 AM,http://searchwell.l3s.uni-hannover.de/?uid=41571219,423380,5348,0
41571219,http://en.wikipedia.org.secure.waps.io/wiki/Sangre_de_Cristo_Range,12:45:00 AM,http://searchwell.l3s.uni-hannover.de/en/search.jsf?query=sangre de cristo mountain range,417015,28158,0
41571219,http://en.wikipedia.org.secure.waps.io/wiki/Sangre_de_Cristo_Mountains,12:47:15 AM,http://searchwell.l3s.uni-hannover.de/en/search.jsf?query=sangre de cristo mountain range,186060,88435,1
41571219,http://en.wikipedia.org.secure.waps.io/wiki/Blanca_Peak,12:50:23 AM,http://en.wikipedia.org.secure.waps.io/wiki/Sangre_de_Cristo_Mountains,95243,17304,0
41742907,http://searchwell.l3s.uni-hannover.de/?uid=41742907,12:05:04 AM,http://gadirajuweb.l3s.uni-hannover.de/SearchWell/Sangre/sangre_task.php?userID=41742907,6139,6030,0
41742907,http://searchwell.l3s.uni-hannover.de/en/search.jsf?query=story of evolution,12:05:10 AM,http://searchwell.l3s.uni-hannover.de/?uid=41742907,646536,19436,0
41742907,http://storyofevolution.com.waps.io/,12:05:20 AM,http://searchwell.l3s.uni-hannover.de/en/search.jsf?query=story of evolution,134688,3123,1
41742907,http://www.evolutionary-metaphysics.net.waps.io/evolution_of_humankind.html,12:07:30 AM,http://searchwell.l3s.uni-hannover.de/en/search.jsf?query=story of evolution,511609,14489,0
35185245,http://searchwell.l3s.uni-hannover.de/?uid=35185245,12:10:14 AM,http://gadirajuweb.l3s.uni-hannover.de/SearchWell/Sangre/sangre_task.php?userID=35185245,19491,5135,0
35185245,http://searchwell.l3s.uni-hannover.de/en/search.jsf?query=Sangre de Cristo mountain range,12:10:34 AM,http://searchwell.l3s.uni-hannover.de/?uid=35185245,532474,2861,0
35185245,http://en.wikipedia.org.secure.waps.io/wiki/Sangre_de_Cristo_Mountains,12:10:39 AM,http://searchwell.l3s.uni-hannover.de/en/search.jsf?query=Sangre de Cristo mountain range,494465,44677,1
43691638,http://searchwell.l3s.uni-hannover.de/?uid=43691638,12:29:31 AM,http://gadirajuweb.l3s.uni-hannover.de/SearchWell/Sangre/sangre_task.php?userID=43691638,3534,3508,0
43691638,http://searchwell.l3s.uni-hannover.de/en/search.jsf?query=Sangre de Cristo%27 mountain range,12:29:35 AM,http://searchwell.l3s.uni-hannover.de/?uid=43691638,511656,38186,0
43691638,http://en.wikipedia.org.secure.waps.io/wiki/Sangre_de_Cristo_Mountains,12:29:39 AM,http://searchwell.l3s.uni-hannover.de/en/search.jsf?query=Sangre de Cristo%27 mountain range,595480,155554,0
43691638,http://www.sangres.com.waps.io/mountains/sangres.htm,12:32:25 AM,http://searchwell.l3s.uni-hannover.de/en/search.jsf?query=Sangre de Cristo%27 mountain range,88057,27326,0
43691638,http://searchwell.l3s.uni-hannover.de/en/search.jsf?query=Blanca Peak,12:38:07 AM,http://searchwell.l3s.uni-hannover.de/en/search.jsf?query=Sangre de Cristo%27 mountain range,85263,2156,0
43691638,http://en.wikipedia.org.secure.waps.io/wiki/Blanca_Peak,12:38:11 AM,http://searchwell.l3s.uni-hannover.de/en/search.jsf?query=Blanca Peak,12614,12494,1
43588858,http://searchwell.l3s.uni-hannover.de/?uid=43588858,12:08:30 AM,http://gadirajuweb.l3s.uni-hannover.de/SearchWell/Sangre/sangre_task.php?userID=43588858,31182,15655,0
43588858,http://searchwell.l3s.uni-hannover.de/en/search.jsf?query=Sangre de Cristo%27 mountain range,12:09:01 AM,http://searchwell.l3s.uni-hannover.de/?uid=43588858,442894,19995,0
43588858,http://en.wikipedia.org.secure.waps.io/wiki/Sangre_de_Cristo_Mountains,12:09:09 AM,http://searchwell.l3s.uni-hannover.de/en/search.jsf?query=Sangre de Cristo%27 mountain range,365370,153251,1
43588858,http://www.sangres.com.waps.io/mountains/sangres.htm,12:11:39 AM,http://searchwell.l3s.uni-hannover.de/en/search.jsf?query=Sangre de Cristo%27 mountain range,288529,60956,0
43588858,http://en.wikipedia.org.secure.waps.io/wiki/Sangre_de_Cristo_Range,12:12:48 AM,http://searchwell.l3s.uni-hannover.de/en/search.jsf?query=Sangre de Cristo%27 mountain range,10400,3574,0
43588858,http://www.britannica.com.secure.waps.io/place/Sangre-de-Cristo-Mountains,12:13:24 AM,http://searchwell.l3s.uni-hannover.de/en/search.jsf?query=Sangre de Cristo%27 mountain range,181666,49825,1
40102852,http://searchwell.l3s.uni-hannover.de/?uid=40102852,12:07:03 AM,http://gadirajuweb.l3s.uni-hannover.de/SearchWell/Sangre/sangre_task.php?userID=40102852,9170,8997,0
40102852,http://searchwell.l3s.uni-hannover.de/en/search.jsf?query=mounting,12:07:13 AM,http://searchwell.l3s.uni-hannover.de/?uid=40102852,680894,837,0
39609900,http://searchwell.l3s.uni-hannover.de/?uid=39609900,12:40:11 AM,http://gadirajuweb.l3s.uni-hannover.de/SearchWell/Sangre/sangre_task.php?userID=39609900,51331,1722,0
42493826,http://searchwell.l3s.uni-hannover.de/?uid=42493826,12:05:23 AM,http://gadirajuweb.l3s.uni-hannover.de/SearchWell/Sangre/sangre_task.php?userID=42493826,42468,3467,0
42493826,http://searchwell.l3s.uni-hannover.de/en/search.jsf?query=Sangre de Cristo mountain range,12:06:07 AM,http://searchwell.l3s.uni-hannover.de/?uid=42493826,25973,7243,0
42493826,http://en.wikipedia.org.secure.waps.io/wiki/Sangre_de_Cristo_Mountains,12:06:15 AM,http://searchwell.l3s.uni-hannover.de/en/search.jsf?query=Sangre de Cristo mountain range,482060,68421,0
34464644,http://searchwell.l3s.uni-hannover.de/?uid=34464644,12:30:47 AM,http://gadirajuweb.l3s.uni-hannover.de/SearchWell/Sangre/sangre_task.php?userID=34464644,12369,12051,0
34464644,http://searchwell.l3s.uni-hannover.de/en/search.jsf?query=sangre de cristo range,12:31:44 AM,http://searchwell.l3s.uni-hannover.de/?uid=34464644,585042,14217,0
34464644,http://en.wikipedia.org.secure.waps.io/wiki/Sangre_de_Cristo_Mountains,12:31:52 AM,http://searchwell.l3s.uni-hannover.de/en/search.jsf?query=sangre de cristo range,395627,133187,1
34464644,http://www.sangres.com.waps.io/mountains/sangres.htm,12:38:49 AM,http://searchwell.l3s.uni-hannover.de/en/search.jsf?query=sangre de cristo range,79803,17993,0
34464644,http://en.wikipedia.org.secure.waps.io/wiki/Sangre_de_Cristo_Mountains,12:39:00 AM,http://searchwell.l3s.uni-hannover.de/en/search.jsf?query=sangre de cristo range,90644,16651,0
42998877,http://searchwell.l3s.uni-hannover.de/?uid=42998877,12:19:11 AM,http://gadirajuweb.l3s.uni-hannover.de/SearchWell/Sangre/sangre_task.php?userID=42998877,66797,4904,0
42998877,http://searchwell.l3s.uni-hannover.de/en/search.jsf?query=Sangre de Cristo%27 mountain range,12:20:20 AM,http://searchwell.l3s.uni-hannover.de/?uid=42998877,39642,14478,0
42998877,http://en.wikipedia.org.secure.waps.io/wiki/Sangre_de_Cristo_Mountains,12:20:25 AM,http://searchwell.l3s.uni-hannover.de/en/search.jsf?query=Sangre de Cristo%27 mountain range,43879,7823,0
42998877,http://searchwell.l3s.uni-hannover.de/en/search.jsf?query=Sangre de Cristo%27 mountain range wikipedia espa%C3%B1ol,12:21:02 AM,http://searchwell.l3s.uni-hannover.de/en/search.jsf?query=Sangre de Cristo%27 mountain range,247981,6694,0
42998877,http://es.wikipedia.org.secure.waps.io/wiki/Sierra_de_la_Sangre_de_Cristo,12:21:11 AM,http://en.wikipedia.org.secure.waps.io/,297203,64621,0
42998877,http://en.wikipedia.org.secure.waps.io/wiki/Sangre_de_Cristo_Mountains,12:26:16 AM,http://es.wikipedia.org.secure.waps.io/,111816,59623,1
6335542,http://searchwell.l3s.uni-hannover.de/?uid=6335542,12:15:13 AM,http://gadirajuweb.l3s.uni-hannover.de/SearchWell/Sangre/sangre_task.php?userID=6335542,20631,9024,0
6335542,http://searchwell.l3s.uni-hannover.de/en/search.jsf?query=sangre de cristo mountains,12:15:35 AM,http://searchwell.l3s.uni-hannover.de/?uid=6335542,545132,14739,0
6335542,http://en.wikipedia.org.secure.waps.io/wiki/Sangre_de_Cristo_Mountains,12:15:52 AM,http://searchwell.l3s.uni-hannover.de/en/search.jsf?query=sangre de cristo mountains,532832,2145,0
36531316,http://searchwell.l3s.uni-hannover.de/?uid=36531316,12:35:35 AM,http://gadirajuweb.l3s.uni-hannover.de/SearchWell/Sangre/sangre_task.php?userID=36531316,21555,8639,0
36531316,http://searchwell.l3s.uni-hannover.de/en/search.jsf?query=Rocky Mountains,12:35:59 AM,http://searchwell.l3s.uni-hannover.de/?uid=36531316,11019,1794,0
36531316,http://searchwell.l3s.uni-hannover.de/en/search.jsf?query=Sangre de Cristo%27 mountain range ,12:36:12 AM,http://searchwell.l3s.uni-hannover.de/en/search.jsf?query=Rocky Mountains,216982,48354,0
36531316,http://en.wikipedia.org.secure.waps.io/wiki/Sangre_de_Cristo_Mountains,12:36:53 AM,http://searchwell.l3s.uni-hannover.de/en/search.jsf?query=Sangre de Cristo%27 mountain range ,839275,7609,0
36531316,http://en.wikipedia.org.secure.waps.io/wiki/Sangre_de_Cristo_Mountains,12:37:11 AM,http://searchwell.l3s.uni-hannover.de/en/search.jsf?query=Sangre de Cristo%27 mountain range ,285062,49217,0
36531316,http://en.wikipedia.org.secure.waps.io/wiki/Sangre_de_Cristo_Range,12:37:26 AM,http://searchwell.l3s.uni-hannover.de/en/search.jsf?query=Sangre de Cristo%27 mountain range ,264651,10730,1
36531316,http://www.britannica.com.secure.waps.io/place/Sangre-de-Cristo-Mountains,12:39:15 AM,http://searchwell.l3s.uni-hannover.de/en/search.jsf?query=Sangre de Cristo%27 mountain range ,695396,8367,0
36531316,http://www.mountainphotography.com.waps.io/gallery/sangres/,12:39:23 AM,http://searchwell.l3s.uni-hannover.de/en/search.jsf?query=Sangre de Cristo%27 mountain range ,118858,23927,1
36531316,http://searchwell.l3s.uni-hannover.de/en/search.jsf?query=Sangre de Cristo%27 mountain,12:39:51 AM,http://searchwell.l3s.uni-hannover.de/en/search.jsf?query=Sangre de Cristo%27 mountain range ,9433,3729,0
36531316,http://searchwell.l3s.uni-hannover.de/en/search.jsf?query=The Rocky Mountains reach from Mexico in the south up to Canada in the north,12:40:04 AM,http://searchwell.l3s.uni-hannover.de/en/search.jsf?query=Sangre de Cristo%27 mountain,657808,7557,0
36531316,http://en.wikipedia.org.secure.waps.io/wiki/Topographic_elevation,12:42:02 AM,http://en.wikipedia.org.secure.waps.io/wiki/Sangre_de_Cristo_Mountains,3965,3909,0
36531316,http://en.wikipedia.org.secure.waps.io/wiki/Sangre_de_Cristo_Mountains,12:42:10 AM,http://searchwell.l3s.uni-hannover.de/en/search.jsf?query=Sangre de Cristo%27 mountain range ,520790,14658,0
41270318,http://searchwell.l3s.uni-hannover.de/?uid=41270318,12:24:06 AM,http://gadirajuweb.l3s.uni-hannover.de/SearchWell/Sangre/sangre_task.php?userID=41270318,68425,2861,0
41270318,http://searchwell.l3s.uni-hannover.de/en/search.jsf?query=Sangre de Cristo%E2%80%9D mountain range,12:25:19 AM,http://searchwell.l3s.uni-hannover.de/?uid=41270318,29639,8188,1
41270318,http://en.wikipedia.org.secure.waps.io/wiki/Sangre_de_Cristo_Mountains,12:25:40 AM,http://searchwell.l3s.uni-hannover.de/en/search.jsf?query=Sangre de Cristo%E2%80%9D mountain range,443801,23622,0
41270318,http://en.wikipedia.org.secure.waps.io/wiki/Sangre_de_Cristo_Range,12:25:49 AM,http://searchwell.l3s.uni-hannover.de/en/search.jsf?query=Sangre de Cristo%E2%80%9D mountain range,483692,9527,1
41270318,http://en.wikipedia.org.secure.waps.io/wiki/Sangre_de_Cristo_Mountains,12:34:40 AM,http://searchwell.l3s.uni-hannover.de/en/search.jsf?query=Sangre de Cristo%E2%80%9D mountain range,0,0,1
40180342,http://searchwell.l3s.uni-hannover.de/?uid=40180342,12:08:08 AM,http://gadirajuweb.l3s.uni-hannover.de/SearchWell/Sangre/sangre_task.php?userID=40180342,18028,9799,0
40180342,http://searchwell.l3s.uni-hannover.de/en/search.jsf?query=%27Sangre de Cristo%27 mountain range,12:08:25 AM,http://searchwell.l3s.uni-hannover.de/?uid=40180342,370342,24473,0
40180342,http://en.wikipedia.org.secure.waps.io/wiki/Sangre_de_Cristo_Mountains,12:08:51 AM,http://searchwell.l3s.uni-hannover.de/en/search.jsf?query=%27Sangre de Cristo%27 mountain range,179855,105145,0
40180342,http://en.wikipedia.org.secure.waps.io/wiki/Sangre_de_Cristo_Range,12:11:53 AM,http://searchwell.l3s.uni-hannover.de/en/search.jsf?query=%27Sangre de Cristo%27 mountain range,89407,72789,0
40180342,http://www.sangres.com.waps.io/mountains/sangres.htm,12:13:39 AM,http://searchwell.l3s.uni-hannover.de/en/search.jsf?query=%27Sangre de Cristo%27 mountain range,50241,28670,0
43125608,http://searchwell.l3s.uni-hannover.de/?uid=43125608,12:17:15 AM,http://gadirajuweb.l3s.uni-hannover.de/SearchWell/Sangre/sangre_task.php?userID=43125608,11334,5475,0
43125608,http://searchwell.l3s.uni-hannover.de/en/search.jsf?query=Sangre de Cristo,12:17:27 AM,http://searchwell.l3s.uni-hannover.de/?uid=43125608,536028,5606,0
43125608,http://en.wikipedia.org.secure.waps.io/wiki/Sangre_de_Cristo_Mountains,12:17:31 AM,http://searchwell.l3s.uni-hannover.de/en/search.jsf?query=Sangre de Cristo,586508,17108,1
35902657,http://searchwell.l3s.uni-hannover.de/?uid=35902657,12:36:40 AM,http://gadirajuweb.l3s.uni-hannover.de/SearchWell/Sangre/sangre_task.php?userID=35902657,0,0,1
35902657,http://searchwell.l3s.uni-hannover.de/?uid=35902657,12:37:08 AM,http://gadirajuweb.l3s.uni-hannover.de/SearchWell/Sangre/sangre_task.php?userID=35902657,0,0,1
35902657,http://searchwell.l3s.uni-hannover.de/?uid=35902657,12:37:16 AM,http://gadirajuweb.l3s.uni-hannover.de/SearchWell/Sangre/sangre_task.php?userID=35902657,0,0,1
35902657,http://searchwell.l3s.uni-hannover.de/?uid=35902657,12:37:50 AM,http://gadirajuweb.l3s.uni-hannover.de/SearchWell/Sangre/sangre_task.php?userID=35902657,0,0,1
35902657,http://searchwell.l3s.uni-hannover.de/?uid=35902657,12:39:08 AM,http://gadirajuweb.l3s.uni-hannover.de/SearchWell/Sangre/sangre_task.php?userID=35902657,0,0,1
35902657,http://searchwell.l3s.uni-hannover.de/?uid=35902657,12:39:15 AM,http://gadirajuweb.l3s.uni-hannover.de/SearchWell/Sangre/sangre_task.php?userID=35902657,3498,0,1
35902657,http://searchwell.l3s.uni-hannover.de/?uid=35902657,12:39:23 AM,http://gadirajuweb.l3s.uni-hannover.de/SearchWell/Sangre/sangre_task.php?userID=35902657,0,0,1
35902657,http://searchwell.l3s.uni-hannover.de/en/search.jsf?query=,12:39:28 AM,http://searchwell.l3s.uni-hannover.de/?uid=35902657,0,0,1
35902657,http://searchwell.l3s.uni-hannover.de/en/search.jsf?query=,12:39:29 AM,http://searchwell.l3s.uni-hannover.de/en/search.jsf?query=,0,0,1
35902657,http://searchwell.l3s.uni-hannover.de/en/search.jsf?query=,12:39:31 AM,http://searchwell.l3s.uni-hannover.de/en/search.jsf?query=,0,0,1
35902657,http://searchwell.l3s.uni-hannover.de/?uid=35902657,12:39:53 AM,http://gadirajuweb.l3s.uni-hannover.de/SearchWell/Sangre/sangre_task.php?userID=35902657,0,0,1
35902657,http://searchwell.l3s.uni-hannover.de/?uid=35902657,12:39:58 AM,http://gadirajuweb.l3s.uni-hannover.de/SearchWell/Sangre/sangre_task.php?userID=35902657,20748,1386,1
35902657,http://searchwell.l3s.uni-hannover.de/en/search.jsf?query=%D0%B3%D0%BE%D1%80%D0%BD%D0%BE%D0%BC %D1%85%D1%80%D0%B5%D0%B1%D1%82%D0%B5 %C2%AB%D0%A1%D0%B0%D0%BD%D0%B3%D1%80-%D0%B4%D0%B5-%D0%9A%D1%80%D0%B8%D1%81%D1%82%D0%BE%C2%BB,12:40:24 AM,http://searchwell.l3s.uni-hannover.de/?uid=35902657,10066,261,1
35902657,http://too.by.waps.io/webimage/countrys/nalnd.html,12:40:38 AM,http://searchwell.l3s.uni-hannover.de/en/search.jsf?query=%D0%B3%D0%BE%D1%80%D0%BD%D0%BE%D0%BC %D1%85%D1%80%D0%B5%D0%B1%D1%82%D0%B5 %C2%AB%D0%A1%D0%B0%D0%BD%D0%B3%D1%80-%D0%B4%D0%B5-%D0%9A%D1%80%D0%B8%D1%81%D1%82%D0%BE%C2%BB,181338,36694,1
35902657,http://searchwell.l3s.uni-hannover.de/?uid=35902657,12:41:45 AM,http://gadirajuweb.l3s.uni-hannover.de/SearchWell/Sangre/sangre_task.php?userID=35902657,0,0,1
35902657,http://searchwell.l3s.uni-hannover.de/en/search.jsf?query=%D0%B3%D0%BE%D1%80%D0%BD%D0%BE%D0%BC %D1%85%D1%80%D0%B5%D0%B1%D1%82%D0%B5 %C2%AB%D0%A1%D0%B0%D0%BD%D0%B3%D1%80-%D0%B4%D0%B5-%D0%9A%D1%80%D0%B8%D1%81%D1%82%D0%BE%C2%BB,12:41:48 AM,http://searchwell.l3s.uni-hannover.de/?uid=35902657,241318,12131,1
35902657,http://ru.wikipedia.org.secure.waps.io/wiki/%D0%9A%D1%80%D0%B5%D1%81%D1%82%D0%BE%D0%BD%D1%8B,12:41:56 AM,http://searchwell.l3s.uni-hannover.de/en/search.jsf?query=%D0%B3%D0%BE%D1%80%D0%BD%D0%BE%D0%BC %D1%85%D1%80%D0%B5%D0%B1%D1%82%D0%B5 %C2%AB%D0%A1%D0%B0%D0%BD%D0%B3%D1%80-%D0%B4%D0%B5-%D0%9A%D1%80%D0%B8%D1%81%D1%82%D0%BE%C2%BB,30005,10981,1
35902657,http://too.by.waps.io/webimage/countrys/nalnd.html,12:43:31 AM,http://searchwell.l3s.uni-hannover.de/en/search.jsf?query=%D0%B3%D0%BE%D1%80%D0%BD%D0%BE%D0%BC %D1%85%D1%80%D0%B5%D0%B1%D1%82%D0%B5 %C2%AB%D0%A1%D0%B0%D0%BD%D0%B3%D1%80-%D0%B4%D0%B5-%D0%9A%D1%80%D0%B8%D1%81%D1%82%D0%BE%C2%BB,184088,90202,1
43310837,http://searchwell.l3s.uni-hannover.de/?uid=43310837,12:08:03 AM,http://gadirajuweb.l3s.uni-hannover.de/SearchWell/Sangre/sangre_task.php?userID=43310837,5046,3751,0
43310837,http://searchwell.l3s.uni-hannover.de/en/search.jsf?query=Sangre de Cristo,12:08:11 AM,http://searchwell.l3s.uni-hannover.de/?uid=43310837,388593,6067,0
43310837,http://en.wikipedia.org.secure.waps.io/wiki/Sangre_de_Cristo_Mountains,12:08:36 AM,http://searchwell.l3s.uni-hannover.de/en/search.jsf?query=Sangre de Cristo,365117,23397,0
37741931,http://searchwell.l3s.uni-hannover.de/?uid=37741931,12:08:02 AM,http://gadirajuweb.l3s.uni-hannover.de/SearchWell/Sangre/sangre_task.php?userID=37741931,2945,2447,0
37741931,http://searchwell.l3s.uni-hannover.de/en/search.jsf?query=Sangre de Cristo%27 mountain range,12:08:06 AM,http://searchwell.l3s.uni-hannover.de/?uid=37741931,213263,30228,0
37741931,http://en.wikipedia.org.secure.waps.io/wiki/Sangre_de_Cristo_Mountains,12:08:11 AM,http://searchwell.l3s.uni-hannover.de/en/search.jsf?query=Sangre de Cristo%27 mountain range,92904,27490,1
37741931,http://en.wikipedia.org.secure.waps.io/wiki/Sangre_de_Cristo_Range,12:10:01 AM,http://searchwell.l3s.uni-hannover.de/en/search.jsf?query=Sangre de Cristo%27 mountain range,33816,10178,1
37741931,http://wikitravel.org.waps.io/en/Sangre_de_Cristo_Mountains,12:10:45 AM,http://searchwell.l3s.uni-hannover.de/en/search.jsf?query=Sangre de Cristo%27 mountain range,22308,11133,1
37741931,http://searchwell.l3s.uni-hannover.de/en/search.jsf?query=blanca peak,12:11:42 AM,http://searchwell.l3s.uni-hannover.de/en/search.jsf?query=Sangre de Cristo%27 mountain range,92983,11147,0
37741931,http://en.wikipedia.org.secure.waps.io/wiki/Blanca_Peak,12:11:54 AM,http://searchwell.l3s.uni-hannover.de/en/search.jsf?query=blanca peak,62168,7519,1
37741931,http://searchwell.l3s.uni-hannover.de/en/search.jsf?query= Monte Phillips ,12:13:17 AM,http://searchwell.l3s.uni-hannover.de/en/search.jsf?query=blanca peak,161212,14465,0
40062468,http://searchwell.l3s.uni-hannover.de/?uid=40062468,12:17:03 AM,http://gadirajuweb.l3s.uni-hannover.de/SearchWell/Sangre/sangre_task.php?userID=40062468,200026,5099,0
40062468,http://searchwell.l3s.uni-hannover.de/en/search.jsf?query=Las Monta%C3%B1as Rocosas alcanzan desde M%C3%A9xico en el sur hasta Canad%C3%A1 en el norte,12:20:25 AM,http://searchwell.l3s.uni-hannover.de/?uid=40062468,460688,7281,0
40062468,http://es.wikipedia.org.secure.waps.io/wiki/Monta%C3%B1as_Rocosas,12:20:40 AM,http://searchwell.l3s.uni-hannover.de/en/search.jsf?query=Las Monta%C3%B1as Rocosas alcanzan desde M%C3%A9xico en el sur hasta Canad%C3%A1 en el norte,0,0,1
41618465,http://searchwell.l3s.uni-hannover.de/?uid=41618465,12:08:33 AM,http://gadirajuweb.l3s.uni-hannover.de/SearchWell/Sangre/sangre_task.php?userID=41618465,35593,9203,0
41618465,http://searchwell.l3s.uni-hannover.de/en/search.jsf?query=%E2%80%9CSangre de Cristo%E2%80%9D mountain range,12:09:10 AM,http://searchwell.l3s.uni-hannover.de/?uid=41618465,946078,9343,0
41618465,http://en.wikipedia.org.secure.waps.io/wiki/Sangre_de_Cristo_Mountains,12:09:17 AM,http://searchwell.l3s.uni-hannover.de/en/search.jsf?query=%E2%80%9CSangre de Cristo%E2%80%9D mountain range,456931,80375,0
41618465,http://en.wikipedia.org.secure.waps.io/wiki/Main_Page,12:16:54 AM,http://en.wikipedia.org.secure.waps.io/wiki/Sangre_de_Cristo_Mountains,11875,11276,0
41618465,http://en.wikipedia.org.secure.waps.io/wiki/Edible_mushroom,12:17:08 AM,http://en.wikipedia.org.secure.waps.io/wiki/Main_Page,470070,2173,0
38366313,http://searchwell.l3s.uni-hannover.de/?uid=38366313,12:08:23 AM,http://gadirajuweb.l3s.uni-hannover.de/SearchWell/Sangre/sangre_task.php?userID=38366313,21258,6480,0
38366313,http://searchwell.l3s.uni-hannover.de/en/search.jsf?query=%27Sangre de Cristo%27 mountain range ,12:08:45 AM,http://searchwell.l3s.uni-hannover.de/?uid=38366313,500272,3933,0
38366313,http://en.wikipedia.org.secure.waps.io/wiki/Sangre_de_Cristo_Mountains,12:08:50 AM,http://searchwell.l3s.uni-hannover.de/en/search.jsf?query=%27Sangre de Cristo%27 mountain range ,72692,30455,0
38366313,http://en.wikipedia.org.secure.waps.io/wiki/File:SangreDeCristo.png,12:10:03 AM,http://en.wikipedia.org.secure.waps.io/wiki/Sangre_de_Cristo_Mountains,14288,7726,0
38366313,http://en.wikipedia.org.secure.waps.io/wiki/Sangre_de_Cristo_Mountains,12:10:18 AM,http://searchwell.l3s.uni-hannover.de/en/search.jsf?query=%27Sangre de Cristo%27 mountain range ,408814,15370,0
43687043,http://searchwell.l3s.uni-hannover.de/?uid=43687043,12:50:41 AM,http://gadirajuweb.l3s.uni-hannover.de/SearchWell/Sangre/sangre_task.php?userID=43687043,8469,2129,0
43687043,http://searchwell.l3s.uni-hannover.de/en/search.jsf?query=Sangre de Cristo,12:50:50 AM,http://searchwell.l3s.uni-hannover.de/?uid=43687043,507532,14303,0
43687043,http://en.wikipedia.org.secure.waps.io/wiki/Sangre_de_Cristo_Mountains,12:50:53 AM,http://searchwell.l3s.uni-hannover.de/en/search.jsf?query=Sangre de Cristo,503675,17417,0
43687043,http://en.wikipedia.org.secure.waps.io/wiki/Sangre_de_Cristo_Range,12:50:58 AM,http://searchwell.l3s.uni-hannover.de/en/search.jsf?query=Sangre de Cristo,452396,37512,1
40491785,http://searchwell.l3s.uni-hannover.de/?uid=40491785,12:33:30 AM,http://gadirajuweb.l3s.uni-hannover.de/SearchWell/Sangre/sangre_task.php?userID=40491785,33184,6971,0
40491785,http://searchwell.l3s.uni-hannover.de/en/search.jsf?query=%D0%B3%D0%BE%D1%80%D0%BD%D0%BE%D0%BC %D1%85%D1%80%D0%B5%D0%B1%D1%82%D0%B5 %D0%A1%D0%B0%D0%BD%D0%B3%D1%80%D0%B5-%D0%B4%D0%B5-%D0%9A%D1%80%D0%B8%D1%81%D1%82%D0%BE,12:34:05 AM,http://searchwell.l3s.uni-hannover.de/?uid=40491785,14713,14647,0
40491785,http://searchwell.l3s.uni-hannover.de/en/search.jsf?query=%D0%A1%D0%B0%D0%BD%D0%B3%D1%80%D0%B5-%D0%B4%D0%B5-%D0%9A%D1%80%D0%B8%D1%81%D1%82%D0%BE,12:34:21 AM,http://searchwell.l3s.uni-hannover.de/en/search.jsf?query=%D0%B3%D0%BE%D1%80%D0%BD%D0%BE%D0%BC %D1%85%D1%80%D0%B5%D0%B1%D1%82%D0%B5 %D0%A1%D0%B0%D0%BD%D0%B3%D1%80%D0%B5-%D0%B4%D0%B5-%D0%9A%D1%80%D0%B8%D1%81%D1%82%D0%BE,408096,38737,0
40491785,http://enc-dic.com.waps.io/enc_sovet/Sangre-de-kristo-79147.html,12:36:01 AM,http://searchwell.l3s.uni-hannover.de/en/search.jsf?query=%D0%A1%D0%B0%D0%BD%D0%B3%D1%80%D0%B5-%D0%B4%D0%B5-%D0%9A%D1%80%D0%B8%D1%81%D1%82%D0%BE,268142,19636,1
40491785,http://bg.wikipedia.org.secure.waps.io/wiki/%D0%9D%D1%8E_%D0%9C%D0%B5%D0%BA%D1%81%D0%B8%D0%BA%D0%BE,12:36:37 AM,http://searchwell.l3s.uni-hannover.de/en/search.jsf?query=%D0%A1%D0%B0%D0%BD%D0%B3%D1%80%D0%B5-%D0%B4%D0%B5-%D0%9A%D1%80%D0%B8%D1%81%D1%82%D0%BE,30627,18379,0
40491785,http://dic.academic.ru.waps.io/dic.nsf/bse/129869/%D0%A1%D0%B0%D0%BD%D0%B3%D1%80%D0%B5,12:36:55 AM,http://searchwell.l3s.uni-hannover.de/en/search.jsf?query=%D0%A1%D0%B0%D0%BD%D0%B3%D1%80%D0%B5-%D0%B4%D0%B5-%D0%9A%D1%80%D0%B8%D1%81%D1%82%D0%BE,125833,11835,1
