25864227,http://searchwell.l3s.uni-hannover.de/?uid=25864227,"2017-07-26 10:26:44.0",http://gadirajuweb.l3s.uni-hannover.de/SearchWell/SunTzu/suntzu_task.php?userID=25864227,16297,6137,0
25864227,http://searchwell.l3s.uni-hannover.de/en/search.jsf?query=Sun Tzu ,"2017-07-26 10:27:03.0",http://searchwell.l3s.uni-hannover.de/?uid=25864227,8063,7237,0
25864227,http://searchwell.l3s.uni-hannover.de/en/search.jsf?query=sun tzu quotes,"2017-07-26 10:27:13.0",http://searchwell.l3s.uni-hannover.de/en/search.jsf?query=Sun Tzu ,415982,46655,0
25864227,http://www.great-quotes.com.waps.io/quotes/author/Sun/Tzu,"2017-07-26 10:29:13.0",http://searchwell.l3s.uni-hannover.de/en/search.jsf?query=sun tzu quotes,423199,11088,0
25864227,http://searchwell.l3s.uni-hannover.de/en/search.jsf?query=For to win one hundred victories in one hundred battles i,"2017-07-26 10:34:12.0",http://searchwell.l3s.uni-hannover.de/en/search.jsf?query=sun tzu quotes,79105,5920,0
25864227,http://searchwell.l3s.uni-hannover.de/en/search.jsf?query=The strong man is strongest when alone,"2017-07-26 10:35:34.0",http://searchwell.l3s.uni-hannover.de/en/search.jsf?query=For to win one hundred victories in one hundred battles i,24385,5192,0
25864227,http://searchwell.l3s.uni-hannover.de/en/search.jsf?query=All warfare is based on deception. Hence%2C when we are able to attack%2C we must seem unable%3B when usin,"2017-07-26 10:36:01.0",http://searchwell.l3s.uni-hannover.de/en/search.jsf?query=The strong man is strongest when alone,11379,9103,0
35197064,http://searchwell.l3s.uni-hannover.de/?uid=35197064,"2017-07-26 10:21:17.0",http://gadirajuweb.l3s.uni-hannover.de/SearchWell/SunTzu/suntzu_task.php?userID=35197064,16880,1987,0
35197064,http://searchwell.l3s.uni-hannover.de/en/search.jsf?query= Sun Tzu ,"2017-07-26 10:21:33.0",http://searchwell.l3s.uni-hannover.de/?uid=35197064,804513,63892,0
35197064,http://en.wikipedia.org.secure.waps.io/wiki/Sun_Tzu,"2017-07-26 10:21:41.0",http://searchwell.l3s.uni-hannover.de/en/search.jsf?query= Sun Tzu ,756277,233685,1
35197064,http://en.wikipedia.org.secure.waps.io/wiki/The_Art_of_War,"2017-07-26 10:23:23.0",http://en.wikipedia.org.secure.waps.io/wiki/Sun_Tzu,576549,55519,1
43665081,http://searchwell.l3s.uni-hannover.de/?uid=43665081,"2017-07-26 11:16:47.0",http://gadirajuweb.l3s.uni-hannover.de/SearchWell/SunTzu/suntzu_task.php?userID=43665081,16071,15939,0
43665081,http://searchwell.l3s.uni-hannover.de/en/search.jsf?query=el arte de la guerra ,"2017-07-26 11:17:06.0",http://searchwell.l3s.uni-hannover.de/?uid=43665081,377101,7014,0
43665081,http://es.wikipedia.org.secure.waps.io/wiki/El_arte_de_la_guerra,"2017-07-26 11:17:12.0",http://searchwell.l3s.uni-hannover.de/en/search.jsf?query=el arte de la guerra ,372012,23317,1
43665081,http://gorinkai.com.waps.io/textos/suntzu.htm,"2017-07-26 11:18:45.0",http://searchwell.l3s.uni-hannover.de/en/search.jsf?query=el arte de la guerra ,1680,793,1
41914129,http://searchwell.l3s.uni-hannover.de/?uid=41914129,"2017-07-26 10:38:36.0",http://gadirajuweb.l3s.uni-hannover.de/SearchWell/SunTzu/suntzu_task.php?userID=41914129,11807,5236,0
41914129,http://searchwell.l3s.uni-hannover.de/en/search.jsf?query=the life%2C writings and influence of the Chinese author Sun Tzu%27 . ,"2017-07-26 10:38:49.0",http://searchwell.l3s.uni-hannover.de/?uid=41914129,563312,19913,0
41914129,http://en.wikipedia.org.secure.waps.io/wiki/Sun_Tzu,"2017-07-26 10:40:00.0",http://searchwell.l3s.uni-hannover.de/en/search.jsf?query=the life%2C writings and influence of the Chinese author Sun Tzu%27 . ,110409,72614,1
41914129,http://www.thefamouspeople.com.waps.io/profiles/sun-tzu-261.php,"2017-07-26 10:40:23.0",http://searchwell.l3s.uni-hannover.de/en/search.jsf?query=the life%2C writings and influence of the Chinese author Sun Tzu%27 . ,476544,16479,1
15505671,http://searchwell.l3s.uni-hannover.de/?uid=15505671,"2017-07-26 11:13:32.0",http://gadirajuweb.l3s.uni-hannover.de/SearchWell/SunTzu/suntzu_task.php?userID=15505671,20997,6505,0
15505671,http://searchwell.l3s.uni-hannover.de/en/search.jsf?query=sun tzu art of war,"2017-07-26 11:13:54.0",http://searchwell.l3s.uni-hannover.de/?uid=15505671,15771,5355,0
15505671,http://en.wikipedia.org.secure.waps.io/wiki/Sun_Tzu,"2017-07-26 11:14:10.0",http://searchwell.l3s.uni-hannover.de/en/search.jsf?query=sun tzu art of war,465828,25842,0
15505671,http://searchwell.l3s.uni-hannover.de/?uid=15505671,"2017-07-26 11:14:10.0",http://gadirajuweb.l3s.uni-hannover.de/SearchWell/SunTzu/suntzu_task.php?userID=15505671,6012,5922,0
15505671,http://searchwell.l3s.uni-hannover.de/en/search.jsf?query=sun tzu art of war quotes,"2017-07-26 11:14:17.0",http://searchwell.l3s.uni-hannover.de/?uid=15505671,457548,7845,0
15505671,http://www.goodreads.com.secure.waps.io/work/quotes/3200649-s-nzi-b-ngf,"2017-07-26 11:14:23.0",http://searchwell.l3s.uni-hannover.de/en/search.jsf?query=sun tzu art of war quotes,348990,2668,1
15505671,http://en.wikipedia.org.secure.waps.io/wiki/Spring_and_Autumn_period,"2017-07-26 11:15:11.0",http://en.wikipedia.org.secure.waps.io/wiki/Sun_Tzu,304215,11243,0
19298085,http://searchwell.l3s.uni-hannover.de/?uid=19298085,"2017-07-26 10:23:36.0",http://gadirajuweb.l3s.uni-hannover.de/SearchWell/SunTzu/suntzu_task.php?userID=19298085,16636,4559,0
19298085,http://searchwell.l3s.uni-hannover.de/en/search.jsf?query=Sun Tzu,"2017-07-26 10:23:53.0",http://searchwell.l3s.uni-hannover.de/?uid=19298085,451944,22513,0
19298085,http://en.wikipedia.org.secure.waps.io/wiki/Sun_Tzu,"2017-07-26 10:24:07.0",http://searchwell.l3s.uni-hannover.de/en/search.jsf?query=Sun Tzu,436893,49989,0
19298085,http://en.wikipedia.org.secure.waps.io/wiki/The_Art_of_War,"2017-07-26 10:24:38.0",http://en.wikipedia.org.secure.waps.io/wiki/Sun_Tzu,302766,62554,1
33088361,http://searchwell.l3s.uni-hannover.de/?uid=33088361,"2017-07-26 10:39:13.0",http://gadirajuweb.l3s.uni-hannover.de/SearchWell/SunTzu/suntzu_task.php?userID=33088361,25863,6083,0
33088361,http://searchwell.l3s.uni-hannover.de/en/search.jsf?query=Sun Tzu,"2017-07-26 10:39:39.0",http://searchwell.l3s.uni-hannover.de/?uid=33088361,19834,19795,0
33088361,http://searchwell.l3s.uni-hannover.de/en/search.jsf?query=sun tzu free download,"2017-07-26 10:40:00.0",http://searchwell.l3s.uni-hannover.de/en/search.jsf?query=Sun Tzu,375658,31321,0
33088361,http://archive.org.secure.waps.io/details/art_of_war_librivox,"2017-07-26 10:44:07.0",http://searchwell.l3s.uni-hannover.de/en/search.jsf?query=sun tzu free download,130026,1146,0
40619580,http://searchwell.l3s.uni-hannover.de/?uid=40619580,"2017-07-26 10:18:35.0",http://gadirajuweb.l3s.uni-hannover.de/SearchWell/SunTzu/suntzu_task.php?userID=40619580,3623,2889,0
40619580,http://searchwell.l3s.uni-hannover.de/en/search.jsf?query= Sun Tzu,"2017-07-26 10:18:39.0",http://searchwell.l3s.uni-hannover.de/?uid=40619580,362289,6627,0
40619580,http://en.wikipedia.org.secure.waps.io/wiki/Sun_Tzu,"2017-07-26 10:18:45.0",http://searchwell.l3s.uni-hannover.de/en/search.jsf?query= Sun Tzu,417045,53354,1
41387391,http://searchwell.l3s.uni-hannover.de/en/search.jsf?query=the life%2C writings and influence of the Chinese author Sun Tzu,"2017-07-26 10:20:17.0",http://searchwell.l3s.uni-hannover.de/?uid=41387391,4807,4171,0
41387391,http://www.thefamouspeople.com.waps.io/profiles/sun-tzu-261.php,"2017-07-26 10:20:29.0",http://searchwell.l3s.uni-hannover.de/en/search.jsf?query=the life%2C writings and influence of the Chinese author Sun Tzu,116506,12341,0
42262643,http://searchwell.l3s.uni-hannover.de/?uid=42262643,"2017-07-26 10:20:40.0",http://gadirajuweb.l3s.uni-hannover.de/SearchWell/SunTzu/suntzu_task.php?userID=42262643,4511,4468,0
42262643,http://searchwell.l3s.uni-hannover.de/en/search.jsf?query=the life%2C writings and influence of the Chinese author Sun Tzu,"2017-07-26 10:20:58.0",http://searchwell.l3s.uni-hannover.de/?uid=42262643,655803,19777,0
42262643,http://www.thefamouspeople.com.waps.io/profiles/sun-tzu-261.php,"2017-07-26 10:23:23.0",http://searchwell.l3s.uni-hannover.de/en/search.jsf?query=the life%2C writings and influence of the Chinese author Sun Tzu,0,0,1
42262643,http://www.thefamouspeople.com.waps.io/profiles/sun-tzu-261.php,"2017-07-26 10:26:18.0",http://searchwell.l3s.uni-hannover.de/en/search.jsf?query=the life%2C writings and influence of the Chinese author Sun Tzu,98567,3553,0
42262643,http://en.wikipedia.org.secure.waps.io/wiki/Sun_Tzu,"2017-07-26 10:26:22.0",http://searchwell.l3s.uni-hannover.de/en/search.jsf?query=the life%2C writings and influence of the Chinese author Sun Tzu,233578,10938,1
43507316,http://searchwell.l3s.uni-hannover.de/?uid=43507316,"2017-07-26 10:38:52.0",http://gadirajuweb.l3s.uni-hannover.de/SearchWell/SunTzu/suntzu_task.php?userID=43507316,5496,1875,0
43507316,http://searchwell.l3s.uni-hannover.de/en/search.jsf?query=the life%2C writings and influence of the Chinese author Sun Tzu,"2017-07-26 10:38:58.0",http://searchwell.l3s.uni-hannover.de/?uid=43507316,302782,21394,0
43507316,http://searchwell.l3s.uni-hannover.de/en/search.jsf?query=Sun Tzu%27s best known work is %22The art of war%22.,"2017-07-26 10:44:05.0",http://searchwell.l3s.uni-hannover.de/en/search.jsf?query=the life%2C writings and influence of the Chinese author Sun Tzu,16838,11176,0
43507316,http://searchwell.l3s.uni-hannover.de/en/search.jsf?query=Sun Tzu reportedly lived during the Han Dynasty.,"2017-07-26 10:44:25.0",http://searchwell.l3s.uni-hannover.de/en/search.jsf?query=Sun Tzu%27s best known work is %22The art of war%22.,24968,3773,0
43507316,http://searchwell.l3s.uni-hannover.de/en/search.jsf?query=Sun Tzu was reportedly a famous general during his lifetime.,"2017-07-26 10:44:52.0",http://searchwell.l3s.uni-hannover.de/en/search.jsf?query=Sun Tzu reportedly lived during the Han Dynasty.,25384,17612,0
43507316,http://searchwell.l3s.uni-hannover.de/en/search.jsf?query= Sun Tzu believed that war is a very heroic endeavor.,"2017-07-26 10:45:19.0",http://searchwell.l3s.uni-hannover.de/en/search.jsf?query=Sun Tzu was reportedly a famous general during his lifetime.,20005,14070,0
43507316,http://searchwell.l3s.uni-hannover.de/en/search.jsf?query=Most of our knowledge about Sun Tzu is based on the works of the historian Sima Qian.,"2017-07-26 10:45:42.0",http://searchwell.l3s.uni-hannover.de/en/search.jsf?query= Sun Tzu believed that war is a very heroic endeavor.,26896,18784,0
43507316,http://searchwell.l3s.uni-hannover.de/en/search.jsf?query=In 1972%2C ancient bamboo slips featuring an early version of the Art of War were discovered in China.,"2017-07-26 10:46:11.0",http://searchwell.l3s.uni-hannover.de/en/search.jsf?query=Most of our knowledge about Sun Tzu is based on the works of the historian Sima Qian.,21698,8122,0
43507316,http://searchwell.l3s.uni-hannover.de/en/search.jsf?query=The following quote is from the Art of War%3A %22All warfare is based on deception.%22,"2017-07-26 10:46:35.0",http://searchwell.l3s.uni-hannover.de/en/search.jsf?query=In 1972%2C ancient bamboo slips featuring an early version of the Art of War were discovered in China.,10368,3795,0
43507316,http://searchwell.l3s.uni-hannover.de/en/search.jsf?query=The following quote is from the Art of War%3A %22War is the continuation of politics by other means.%22,"2017-07-26 10:46:48.0",http://searchwell.l3s.uni-hannover.de/en/search.jsf?query=The following quote is from the Art of War%3A %22All warfare is based on deception.%22,24301,5002,0
43507316,http://searchwell.l3s.uni-hannover.de/en/search.jsf?query=Sun Tzu wrote in the art of war %28varying translations%29%3A %22For to win one hundred victories in one hun,"2017-07-26 10:47:14.0",http://searchwell.l3s.uni-hannover.de/en/search.jsf?query=The following quote is from the Art of War%3A %22War is the continuation of politics by other means.%22,20571,13328,0
43507316,http://searchwell.l3s.uni-hannover.de/en/search.jsf?query=Sun Tzu reportedly said %28varying translations%29%3A %22The strong man is strongest when alone.%22,"2017-07-26 10:47:44.0",http://searchwell.l3s.uni-hannover.de/en/search.jsf?query=Sun Tzu wrote in the art of war %28varying translations%29%3A %22For to win one hundred victories in one hun,0,0,1
43507316,http://searchwell.l3s.uni-hannover.de/en/search.jsf?query=The following quote is from the Art of War%3A %22All warfare is based on deception. Hence%2C when we are a,"2017-07-26 10:48:06.0",http://searchwell.l3s.uni-hannover.de/en/search.jsf?query=Sun Tzu reportedly said %28varying translations%29%3A %22The strong man is strongest when alone.%22,6320,6128,0
42768791,http://searchwell.l3s.uni-hannover.de/?uid=42768791,"2017-07-26 10:41:01.0",http://gadirajuweb.l3s.uni-hannover.de/SearchWell/SunTzu/suntzu_task.php?userID=42768791,3631,3568,0
42768791,http://searchwell.l3s.uni-hannover.de/en/search.jsf?query=writings and influence of the Chinese author Sun Tzu%27,"2017-07-26 10:41:07.0",http://searchwell.l3s.uni-hannover.de/?uid=42768791,32821,9779,0
42768791,http://en.wikipedia.org.secure.waps.io/wiki/Sun_Tzu,"2017-07-26 10:41:13.0",http://searchwell.l3s.uni-hannover.de/en/search.jsf?query=writings and influence of the Chinese author Sun Tzu%27,7968,4717,0
11582908,http://searchwell.l3s.uni-hannover.de/?uid=11582908,"2017-07-26 10:19:21.0",http://gadirajuweb.l3s.uni-hannover.de/SearchWell/SunTzu/suntzu_task.php?userID=11582908,4510,4385,0
11582908,http://searchwell.l3s.uni-hannover.de/en/search.jsf?query=Chinese author Sun Tzu - about his life%2C his writings%2C and his influence to the present day,"2017-07-26 10:19:26.0",http://searchwell.l3s.uni-hannover.de/?uid=11582908,91581,31673,0
11582908,http://www.thefamouspeople.com.waps.io/profiles/sun-tzu-261.php,"2017-07-26 10:19:42.0",http://searchwell.l3s.uni-hannover.de/en/search.jsf?query=Chinese author Sun Tzu - about his life%2C his writings%2C and his influence to the present day,684860,17550,0
11582908,http://www.history.com.waps.io/topics/sun-tzu,"2017-07-26 10:20:01.0",http://searchwell.l3s.uni-hannover.de/en/search.jsf?query=Chinese author Sun Tzu - about his life%2C his writings%2C and his influence to the present day,666769,4805,0
11582908,http://searchwell.l3s.uni-hannover.de/en/search.jsf?query=Sun Tzu,"2017-07-26 10:20:58.0",http://searchwell.l3s.uni-hannover.de/en/search.jsf?query=Chinese author Sun Tzu - about his life%2C his writings%2C and his influence to the present day,605459,4648,0
11582908,http://en.wikipedia.org.secure.waps.io/wiki/Sun_Tzu,"2017-07-26 10:21:01.0",http://searchwell.l3s.uni-hannover.de/en/search.jsf?query=Sun Tzu,604059,45049,0
33650194,http://searchwell.l3s.uni-hannover.de/?uid=33650194,"2017-07-26 10:39:00.0",http://gadirajuweb.l3s.uni-hannover.de/SearchWell/SunTzu/suntzu_task.php?userID=33650194,3634,3613,0
33650194,http://searchwell.l3s.uni-hannover.de/en/search.jsf?query=the life%2C writings and influence of the Chinese author Sun Tzu,"2017-07-26 10:39:04.0",http://searchwell.l3s.uni-hannover.de/?uid=33650194,374790,4472,0
36736084,http://searchwell.l3s.uni-hannover.de/?uid=36736084,"2017-07-26 10:37:59.0",http://gadirajuweb.l3s.uni-hannover.de/SearchWell/SunTzu/suntzu_task.php?userID=36736084,3902,3523,0
36736084,http://searchwell.l3s.uni-hannover.de/en/search.jsf?query=the life%2C writings and influence of the Chinese author Sun Tzu%27 . ,"2017-07-26 10:38:05.0",http://searchwell.l3s.uni-hannover.de/?uid=36736084,526568,5045,0
36736084,http://www.thefamouspeople.com.waps.io/profiles/sun-tzu-261.php,"2017-07-26 10:39:36.0",http://searchwell.l3s.uni-hannover.de/en/search.jsf?query=the life%2C writings and influence of the Chinese author Sun Tzu%27 . ,210892,19737,1
36736084,http://en.wikipedia.org.secure.waps.io/wiki/Sun_Tzu,"2017-07-26 10:43:10.0",http://searchwell.l3s.uni-hannover.de/en/search.jsf?query=the life%2C writings and influence of the Chinese author Sun Tzu%27 . ,222548,1858,0
41335577,http://searchwell.l3s.uni-hannover.de/?uid=41335577,"2017-07-26 10:45:43.0",http://gadirajuweb.l3s.uni-hannover.de/SearchWell/SunTzu/suntzu_task.php?userID=41335577,4791,4517,0
41335577,http://searchwell.l3s.uni-hannover.de/en/search.jsf?query=the life%2C writings and influence of the Chinese author Sun Tzu,"2017-07-26 10:45:48.0",http://searchwell.l3s.uni-hannover.de/?uid=41335577,348832,21909,0
41335577,http://www.thefamouspeople.com.waps.io/profiles/sun-tzu-261.php,"2017-07-26 10:46:04.0",http://searchwell.l3s.uni-hannover.de/en/search.jsf?query=the life%2C writings and influence of the Chinese author Sun Tzu,392090,92797,1
41335577,http://en.wikipedia.org.secure.waps.io/wiki/Sun_Tzu,"2017-07-26 10:46:39.0",http://searchwell.l3s.uni-hannover.de/en/search.jsf?query=the life%2C writings and influence of the Chinese author Sun Tzu,212340,805,1
37953692,http://searchwell.l3s.uni-hannover.de/?uid=37953692,"2017-07-26 10:44:06.0",http://gadirajuweb.l3s.uni-hannover.de/SearchWell/SunTzu/suntzu_task.php?userID=37953692,44018,4940,0
37953692,http://searchwell.l3s.uni-hannover.de/en/search.jsf?query=Sun Tzu,"2017-07-26 10:44:51.0",http://searchwell.l3s.uni-hannover.de/?uid=37953692,15925,15289,0
37953692,http://searchwell.l3s.uni-hannover.de/en/search.jsf?query=The Art of War Sun Tzu,"2017-07-26 10:45:07.0",http://searchwell.l3s.uni-hannover.de/en/search.jsf?query=Sun Tzu,399251,14923,0
37953692,http://en.wikipedia.org.secure.waps.io/wiki/Sun_Tzu,"2017-07-26 10:45:50.0",http://searchwell.l3s.uni-hannover.de/en/search.jsf?query=Sun Tzu,1505131,47638,1
37953692,http://en.wikipedia.org.secure.waps.io/wiki/The_Art_of_War,"2017-07-26 10:45:59.0",http://searchwell.l3s.uni-hannover.de/en/search.jsf?query=The Art of War Sun Tzu,1439524,36254,1
37953692,http://searchwell.l3s.uni-hannover.de/?uid=37953692,"2017-07-26 10:51:27.0",http://gadirajuweb.l3s.uni-hannover.de/SearchWell/SunTzu/suntzu_task.php?userID=37953692,1956,1485,0
37953692,http://searchwell.l3s.uni-hannover.de/en/search.jsf?query=The Art of War Sun Tzu,"2017-07-26 10:51:29.0",http://searchwell.l3s.uni-hannover.de/?uid=37953692,827680,36922,0
37953692,http://www.history.com.waps.io/topics/the-art-of-war,"2017-07-26 10:51:44.0",http://searchwell.l3s.uni-hannover.de/en/search.jsf?query=The Art of War Sun Tzu,1220066,12959,0
37953692,http://searchwell.l3s.uni-hannover.de/?uid=37953692,"2017-07-26 11:04:58.0",http://gadirajuweb.l3s.uni-hannover.de/SearchWell/Tornado/tornado_task.php?userID=37953692,11829,5568,0
37953692,http://searchwell.l3s.uni-hannover.de/en/search.jsf?query=weather phenomenon that is called %22tornado%22,"2017-07-26 11:05:22.0",http://searchwell.l3s.uni-hannover.de/?uid=37953692,430642,26606,0
38608278,http://searchwell.l3s.uni-hannover.de/?uid=38608278,"2017-07-26 11:46:21.0",http://gadirajuweb.l3s.uni-hannover.de/SearchWell/SunTzu/suntzu_task.php?userID=38608278,2382,1991,0
38608278,http://searchwell.l3s.uni-hannover.de/en/search.jsf?query=sun tzu war,"2017-07-26 11:46:25.0",http://searchwell.l3s.uni-hannover.de/?uid=38608278,129240,17254,0
38608278,http://www.history.com.waps.io/topics/sun-tzu,"2017-07-26 11:46:32.0",http://searchwell.l3s.uni-hannover.de/en/search.jsf?query=sun tzu war,110114,60478,0
38608278,http://en.wikipedia.org.secure.waps.io/wiki/Sun_Tzu,"2017-07-26 11:48:26.0",http://searchwell.l3s.uni-hannover.de/en/search.jsf?query=sun tzu war,285367,39560,1
38608278,http://www.history.com.waps.io/topics/the-art-of-war,"2017-07-26 11:48:30.0",http://searchwell.l3s.uni-hannover.de/en/search.jsf?query=sun tzu war,455209,5289,0
38608278,http://www.goodreads.com.secure.waps.io/author/quotes/1771.Sun_Tzu,"2017-07-26 11:48:36.0",http://searchwell.l3s.uni-hannover.de/en/search.jsf?query=sun tzu war,64400,7316,1
38608278,http://searchwell.l3s.uni-hannover.de/en/search.jsf?query=sun tzu spies,"2017-07-26 11:48:37.0",http://searchwell.l3s.uni-hannover.de/en/search.jsf?query=sun tzu war,444570,7874,0
38608278,http://suntzusaid.com.secure.waps.io/book/13,"2017-07-26 11:49:10.0",http://searchwell.l3s.uni-hannover.de/en/search.jsf?query=sun tzu spies,32295,2276,1
39700030,http://searchwell.l3s.uni-hannover.de/?uid=39700030,"2017-07-26 10:36:35.0",http://gadirajuweb.l3s.uni-hannover.de/SearchWell/SunTzu/suntzu_task.php?userID=39700030,7211,5908,0
39700030,http://searchwell.l3s.uni-hannover.de/en/search.jsf?query=sun tzu,"2017-07-26 10:36:50.0",http://searchwell.l3s.uni-hannover.de/?uid=39700030,55463,6946,0
39616594,http://searchwell.l3s.uni-hannover.de/?uid=39616594,"2017-07-26 10:31:01.0",http://gadirajuweb.l3s.uni-hannover.de/SearchWell/SunTzu/suntzu_task.php?userID=39616594,17018,4871,0
39616594,http://searchwell.l3s.uni-hannover.de/en/search.jsf?query=Sun Tzu ,"2017-07-26 10:31:19.0",http://searchwell.l3s.uni-hannover.de/?uid=39616594,216810,32101,0
39616594,http://en.wikipedia.org.secure.waps.io/wiki/Sun_Tzu,"2017-07-26 10:31:54.0",http://searchwell.l3s.uni-hannover.de/en/search.jsf?query=Sun Tzu ,427989,38303,0
39616594,http://www.history.com.waps.io/topics/sun-tzu,"2017-07-26 10:34:07.0",http://searchwell.l3s.uni-hannover.de/en/search.jsf?query=Sun Tzu ,300272,1898,0
39616594,http://searchwell.l3s.uni-hannover.de/en/search.jsf?query=the life%2C writings and influence of the Chinese author Sun Tzu,"2017-07-26 10:34:57.0",http://searchwell.l3s.uni-hannover.de/en/search.jsf?query=Sun Tzu ,260929,14620,0
39616594,http://www.thefamouspeople.com.waps.io/profiles/sun-tzu-261.php,"2017-07-26 10:35:38.0",http://searchwell.l3s.uni-hannover.de/en/search.jsf?query=the life%2C writings and influence of the Chinese author Sun Tzu,216322,24618,0
39616594,http://papers.ssrn.com.secure.waps.io/sol3/papers.cfm?abstract_id=1112139,"2017-07-26 10:37:15.0",http://searchwell.l3s.uni-hannover.de/en/search.jsf?query=the life%2C writings and influence of the Chinese author Sun Tzu,121086,0,0
39934712,http://searchwell.l3s.uni-hannover.de/?uid=39934712,"2017-07-26 10:20:59.0",http://gadirajuweb.l3s.uni-hannover.de/SearchWell/SunTzu/suntzu_task.php?userID=39934712,3370,3333,0
39934712,http://searchwell.l3s.uni-hannover.de/en/search.jsf?query=he life%2C writings and influence of the Chinese author Sun Tzu,"2017-07-26 10:21:04.0",http://searchwell.l3s.uni-hannover.de/?uid=39934712,502379,21587,0
39934712,http://en.wikipedia.org.secure.waps.io/wiki/Sun_Tzu,"2017-07-26 10:21:20.0",http://searchwell.l3s.uni-hannover.de/en/search.jsf?query=he life%2C writings and influence of the Chinese author Sun Tzu,711401,139801,1
39934712,http://searchwell.l3s.uni-hannover.de/en/search.jsf?query= Sun Tzu han dynasty,"2017-07-26 10:29:28.0",http://searchwell.l3s.uni-hannover.de/en/search.jsf?query=he life%2C writings and influence of the Chinese author Sun Tzu,453516,21644,0
39934712,http://en.wikipedia.org.secure.waps.io/wiki/Sun_Tzu,"2017-07-26 10:33:32.0",http://searchwell.l3s.uni-hannover.de/en/search.jsf?query=he life%2C writings and influence of the Chinese author Sun Tzu,0,0,1
39934712,http://en.wikipedia.org.secure.waps.io/wiki/Sun_Tzu,"2017-07-26 10:33:33.0",,521898,104907,0
39934712,http://en.wikipedia.org.secure.waps.io/wiki/Bamboo_slips,"2017-07-26 10:35:59.0",,30910,22896,0
39934712,http://searchwell.l3s.uni-hannover.de/en/search.jsf?query= Art of War%3A %22All warfare is based on deception,"2017-07-26 10:37:02.0",http://searchwell.l3s.uni-hannover.de/en/search.jsf?query= Sun Tzu han dynasty,39692,6599,0
39934712,http://searchwell.l3s.uni-hannover.de/en/search.jsf?query=In 1972%2C ancient bamboo slips featuring an early version of the Art of War were discovered in China,"2017-07-26 10:37:43.0",http://searchwell.l3s.uni-hannover.de/en/search.jsf?query= Art of War%3A %22All warfare is based on deception,51224,7273,0
39934712,http://searchwell.l3s.uni-hannover.de/en/search.jsf?query=Art of War%3A %22War is the continuation of politics by other meansvered in China,"2017-07-26 10:38:35.0",http://searchwell.l3s.uni-hannover.de/en/search.jsf?query=In 1972%2C ancient bamboo slips featuring an early version of the Art of War were discovered in China,21326,15660,0
39934712,http://searchwell.l3s.uni-hannover.de/en/search.jsf?query=Art of War%3A %22War is the continuation of politics by other means,"2017-07-26 10:38:57.0",http://searchwell.l3s.uni-hannover.de/en/search.jsf?query=Art of War%3A %22War is the continuation of politics by other meansvered in China,68740,10208,0
39934712,http://searchwell.l3s.uni-hannover.de/en/search.jsf?query=sun tau The strong man is strongest when alone.%22,"2017-07-26 10:40:08.0",http://searchwell.l3s.uni-hannover.de/en/search.jsf?query=Art of War%3A %22War is the continuation of politics by other means,11208,2822,0
39934712,http://searchwell.l3s.uni-hannover.de/en/search.jsf?query=sun tau The strong man is strongest when alone,"2017-07-26 10:40:20.0",http://searchwell.l3s.uni-hannover.de/en/search.jsf?query=sun tau The strong man is strongest when alone.%22,39784,22788,0
39934712,http://searchwell.l3s.uni-hannover.de/en/search.jsf?query=Art of War%3A %22All warfare is based on deception. Hence%2C when we are able to attack%2C we must seem unab,"2017-07-26 10:41:01.0",http://searchwell.l3s.uni-hannover.de/en/search.jsf?query=sun tau The strong man is strongest when alone,37103,12676,0
39934712,http://searchwell.l3s.uni-hannover.de/en/search.jsf?query=sun taurus,"2017-07-26 10:41:39.0",http://searchwell.l3s.uni-hannover.de/en/search.jsf?query=Art of War%3A %22All warfare is based on deception. Hence%2C when we are able to attack%2C we must seem unab,38895,3841,0
40786788,http://searchwell.l3s.uni-hannover.de/?uid=40786788,"2017-07-26 11:27:39.0",http://gadirajuweb.l3s.uni-hannover.de/SearchWell/SunTzu/suntzu_task.php?userID=40786788,51100,22054,0
40786788,http://searchwell.l3s.uni-hannover.de/en/search.jsf?query=%D1%81%D1%83%D0%BD%D1%8C %D1%86%D0%B7%D1%8B %D0%B2%D0%B8%D0%BA%D0%B8%D0%BF%D0%B5%D0%B4%D0%B8%D1%8F,"2017-07-26 11:28:32.0",http://searchwell.l3s.uni-hannover.de/?uid=40786788,443396,17067,0
40786788,http://ru.wikipedia.org.secure.waps.io/wiki/%D0%A1%D1%83%D0%BD%D1%8C-%D1%86%D0%B7%D1%8B,"2017-07-26 11:28:37.0",http://searchwell.l3s.uni-hannover.de/en/search.jsf?query=%D1%81%D1%83%D0%BD%D1%8C %D1%86%D0%B7%D1%8B %D0%B2%D0%B8%D0%BA%D0%B8%D0%BF%D0%B5%D0%B4%D0%B8%D1%8F,142959,12545,1
40786788,http://ru.wikipedia.org.secure.waps.io/wiki/%D0%98%D1%81%D0%BA%D1%83%D1%81%D1%81%D1%82%D0%B2%D0%BE_%D0%B2%D0%BE%D0%B9%D0%BD%D1%8B,"2017-07-26 11:31:07.0",http://searchwell.l3s.uni-hannover.de/en/search.jsf?query=%D1%81%D1%83%D0%BD%D1%8C %D1%86%D0%B7%D1%8B %D0%B2%D0%B8%D0%BA%D0%B8%D0%BF%D0%B5%D0%B4%D0%B8%D1%8F,96918,51723,1
43626682,http://searchwell.l3s.uni-hannover.de/?uid=43626682,"2017-07-26 10:51:30.0",http://gadirajuweb.l3s.uni-hannover.de/SearchWell/SunTzu/suntzu_task.php?userID=43626682,2008,743,0
43626682,http://searchwell.l3s.uni-hannover.de/en/search.jsf?query=the life%2C writings and influence of the Chinese author Sun Tzu,"2017-07-26 10:51:33.0",http://searchwell.l3s.uni-hannover.de/?uid=43626682,640973,25015,0
43626682,http://en.wikipedia.org.secure.waps.io/wiki/Sun_Tzu,"2017-07-26 10:55:05.0",http://searchwell.l3s.uni-hannover.de/en/search.jsf?query=the life%2C writings and influence of the Chinese author Sun Tzu,258394,7463,1
43626682,http://www.thefamouspeople.com.waps.io/profiles/sun-tzu-261.php,"2017-07-26 10:55:06.0",http://searchwell.l3s.uni-hannover.de/en/search.jsf?query=the life%2C writings and influence of the Chinese author Sun Tzu,471112,15391,0
43626682,http://www.thoughtco.com.secure.waps.io/sun-tzu-and-the-art-of-war-195124,"2017-07-26 10:55:20.0",http://searchwell.l3s.uni-hannover.de/en/search.jsf?query=the life%2C writings and influence of the Chinese author Sun Tzu,287295,7342,1
43626682,http://searchwell.l3s.uni-hannover.de/en/search.jsf?query=All warfare is based on deception,"2017-07-26 11:02:17.0",http://searchwell.l3s.uni-hannover.de/en/search.jsf?query=the life%2C writings and influence of the Chinese author Sun Tzu,38139,3926,0
13396426,http://searchwell.l3s.uni-hannover.de/?uid=13396426,"2017-07-26 10:22:35.0",http://gadirajuweb.l3s.uni-hannover.de/SearchWell/SunTzu/suntzu_task.php?userID=13396426,9155,4,0
13396426,http://searchwell.l3s.uni-hannover.de/en/search.jsf?query=Sun Tzu,"2017-07-26 10:22:46.0",http://searchwell.l3s.uni-hannover.de/?uid=13396426,735753,16135,0
13396426,http://en.wikipedia.org.secure.waps.io/wiki/Sun_Tzu,"2017-07-26 10:23:20.0",http://searchwell.l3s.uni-hannover.de/en/search.jsf?query=Sun Tzu,569138,138188,1
13396426,http://searchwell.l3s.uni-hannover.de/?uid=13396426,"2017-07-26 10:28:05.0",http://gadirajuweb.l3s.uni-hannover.de/SearchWell/Sangre/sangre_task.php?userID=13396426,438776,3670,0
35196805,http://searchwell.l3s.uni-hannover.de/?uid=35196805,"2017-07-26 10:35:31.0",http://gadirajuweb.l3s.uni-hannover.de/SearchWell/SunTzu/suntzu_task.php?userID=35196805,4481,4316,0
35196805,http://searchwell.l3s.uni-hannover.de/en/search.jsf?query=Orcas Island%27,"2017-07-26 10:35:37.0",http://searchwell.l3s.uni-hannover.de/?uid=35196805,22003,12883,0
35196805,http://searchwell.l3s.uni-hannover.de/en/search.jsf?query=sun tzu,"2017-07-26 10:36:00.0",http://searchwell.l3s.uni-hannover.de/en/search.jsf?query=Orcas Island%27,315287,21952,0
35196805,http://en.wikipedia.org.secure.waps.io/wiki/Sun_Tzu,"2017-07-26 10:36:22.0",http://searchwell.l3s.uni-hannover.de/en/search.jsf?query=sun tzu,70370,20966,0
35196805,http://it.wikipedia.org.secure.waps.io/wiki/Sun_Tzu,"2017-07-26 10:37:36.0",http://en.wikipedia.org.secure.waps.io/,476760,65709,0
41742907,http://searchwell.l3s.uni-hannover.de/?uid=41742907,"2017-07-26 10:22:19.0",http://gadirajuweb.l3s.uni-hannover.de/SearchWell/SunTzu/suntzu_task.php?userID=41742907,16697,15688,0
41742907,http://searchwell.l3s.uni-hannover.de/en/search.jsf?query=history of india,"2017-07-26 10:22:45.0",http://searchwell.l3s.uni-hannover.de/?uid=41742907,400729,15647,0
41742907,http://www.facts-about-india.com.waps.io/history-of-india.php,"2017-07-26 10:23:29.0",http://searchwell.l3s.uni-hannover.de/en/search.jsf?query=history of india,300612,7206,1
41742907,http://www.mapsofindia.com.waps.io/history/,"2017-07-26 10:27:26.0",http://searchwell.l3s.uni-hannover.de/en/search.jsf?query=history of india,63510,191,0
35185245,http://searchwell.l3s.uni-hannover.de/?uid=35185245,"2017-07-26 10:19:57.0",http://gadirajuweb.l3s.uni-hannover.de/SearchWell/SunTzu/suntzu_task.php?userID=35185245,12245,11870,0
35185245,http://searchwell.l3s.uni-hannover.de/en/search.jsf?query=sun tzu quotes,"2017-07-26 10:20:11.0",http://searchwell.l3s.uni-hannover.de/?uid=35185245,423458,3990,0
35185245,http://www.brainyquote.com.waps.io/quotes/authors/s/sun_tzu.html,"2017-07-26 10:20:29.0",http://searchwell.l3s.uni-hannover.de/en/search.jsf?query=sun tzu quotes,47407,38881,0
35185245,http://www.military-quotes.com.waps.io/Sun-Tzu.htm,"2017-07-26 10:21:21.0",http://searchwell.l3s.uni-hannover.de/en/search.jsf?query=sun tzu quotes,79569,73435,1
43691638,http://searchwell.l3s.uni-hannover.de/?uid=43691638,"2017-07-26 10:34:33.0",http://gadirajuweb.l3s.uni-hannover.de/SearchWell/SunTzu/suntzu_task.php?userID=43691638,4488,4447,0
43691638,http://searchwell.l3s.uni-hannover.de/en/search.jsf?query=the life%2C writings and influence of the Chinese author Sun Tzu,"2017-07-26 10:34:38.0",http://searchwell.l3s.uni-hannover.de/?uid=43691638,493229,24971,0
43691638,http://en.wikipedia.org.secure.waps.io/wiki/Sun_Tzu,"2017-07-26 10:34:45.0",http://searchwell.l3s.uni-hannover.de/en/search.jsf?query=the life%2C writings and influence of the Chinese author Sun Tzu,312983,56459,1
43691638,http://www.amazon.com.secure.waps.io/Art-War-Chinese-Binding/dp/0785829229,"2017-07-26 10:37:37.0",http://searchwell.l3s.uni-hannover.de/en/search.jsf?query=the life%2C writings and influence of the Chinese author Sun Tzu,0,0,1
43691638,http://www.amazon.com.secure.waps.io/Art-War-Sun-Tzu/dp/1945644036,"2017-07-26 10:37:58.0",http://searchwell.l3s.uni-hannover.de/en/search.jsf?query=the life%2C writings and influence of the Chinese author Sun Tzu,15791,5897,0
36543765,http://searchwell.l3s.uni-hannover.de/?uid=36543765,"2017-07-26 10:50:18.0",http://gadirajuweb.l3s.uni-hannover.de/SearchWell/SunTzu/suntzu_task.php?userID=36543765,16456,3029,0
36543765,http://searchwell.l3s.uni-hannover.de/en/search.jsf?query=The Art of War,"2017-07-26 10:50:37.0",http://searchwell.l3s.uni-hannover.de/?uid=36543765,183612,20445,0
36543765,http://en.wikipedia.org.secure.waps.io/wiki/Art_of_war,"2017-07-26 10:50:46.0",http://searchwell.l3s.uni-hannover.de/en/search.jsf?query=The Art of War,800095,57861,1
36543765,http://searchwell.l3s.uni-hannover.de/en/search.jsf?query= Sun Tzu,"2017-07-26 10:53:42.0",http://searchwell.l3s.uni-hannover.de/en/search.jsf?query=The Art of War,695186,27475,0
36543765,http://en.wikipedia.org.secure.waps.io/wiki/Sun_Tzu,"2017-07-26 10:53:49.0",http://searchwell.l3s.uni-hannover.de/en/search.jsf?query= Sun Tzu,430240,20164,1
36543765,http://play.google.com.secure.waps.io/store/books/details/Sun_Tzu_Sun_Tzu_The_Art_of_War?id=xUtTAQAAQBAJ,"2017-07-26 10:54:11.0",http://searchwell.l3s.uni-hannover.de/en/search.jsf?query= Sun Tzu,615196,8623,1
43588858,http://searchwell.l3s.uni-hannover.de/?uid=43588858,"2017-07-26 10:22:25.0",http://gadirajuweb.l3s.uni-hannover.de/SearchWell/SunTzu/suntzu_task.php?userID=43588858,15573,6688,0
43588858,http://searchwell.l3s.uni-hannover.de/en/search.jsf?query=the life%2C writings and influence of the Chinese author Sun Tzu,"2017-07-26 10:22:42.0",http://searchwell.l3s.uni-hannover.de/?uid=43588858,486888,35960,0
43588858,http://www.ancient.eu.waps.io/Sun-Tzu/,"2017-07-26 10:23:25.0",http://searchwell.l3s.uni-hannover.de/en/search.jsf?query=the life%2C writings and influence of the Chinese author Sun Tzu,447268,63611,0
43588858,http://www.thefamouspeople.com.waps.io/profiles/sun-tzu-261.php,"2017-07-26 10:24:03.0",http://searchwell.l3s.uni-hannover.de/en/search.jsf?query=the life%2C writings and influence of the Chinese author Sun Tzu,412593,52178,0
43588858,http://papers.ssrn.com.secure.waps.io/sol3/papers.cfm?abstract_id=1112139,"2017-07-26 10:24:14.0",http://searchwell.l3s.uni-hannover.de/en/search.jsf?query=the life%2C writings and influence of the Chinese author Sun Tzu,91716,13490,0
43588858,http://www.ancient.eu.waps.io/Sun-Tzu/,"2017-07-26 10:26:35.0",http://searchwell.l3s.uni-hannover.de/en/search.jsf?query=the life%2C writings and influence of the Chinese author Sun Tzu,11280,4085,0
43588858,http://www.scienceofstrategy.org.waps.io/main/content/and-after-effect-sun-tzus-strategy-chinese-history,"2017-07-26 10:27:08.0",http://searchwell.l3s.uni-hannover.de/en/search.jsf?query=the life%2C writings and influence of the Chinese author Sun Tzu,121838,31923,1
40102852,http://searchwell.l3s.uni-hannover.de/?uid=40102852,"2017-07-26 10:38:46.0",http://gadirajuweb.l3s.uni-hannover.de/SearchWell/SunTzu/suntzu_task.php?userID=40102852,230969,4665,0
40102852,http://searchwell.l3s.uni-hannover.de/en/search.jsf?query=mounting,"2017-07-26 10:42:39.0",http://searchwell.l3s.uni-hannover.de/?uid=40102852,163850,13553,0
42493826,http://searchwell.l3s.uni-hannover.de/?uid=42493826,"2017-07-26 11:11:37.0",http://gadirajuweb.l3s.uni-hannover.de/SearchWell/SunTzu/suntzu_task.php?userID=42493826,12152,11840,0
42493826,http://searchwell.l3s.uni-hannover.de/en/search.jsf?query=Sun Tz,"2017-07-26 11:11:51.0",http://searchwell.l3s.uni-hannover.de/?uid=42493826,12232,4348,0
42493826,http://en.wikipedia.org.secure.waps.io/wiki/Sun_Tzu,"2017-07-26 11:12:02.0",http://searchwell.l3s.uni-hannover.de/en/search.jsf?query=Sun Tz,401703,165306,0
35743341,http://searchwell.l3s.uni-hannover.de/?uid=35743341,"2017-07-26 10:52:09.0",http://gadirajuweb.l3s.uni-hannover.de/SearchWell/SunTzu/suntzu_task.php?userID=35743341,14800,4582,0
35743341,http://searchwell.l3s.uni-hannover.de/en/search.jsf?query=Sun Tzu,"2017-07-26 10:52:26.0",http://searchwell.l3s.uni-hannover.de/?uid=35743341,651926,16248,0
35743341,http://en.wikipedia.org.secure.waps.io/wiki/Sun_Tzu,"2017-07-26 10:52:33.0",http://searchwell.l3s.uni-hannover.de/en/search.jsf?query=Sun Tzu,995891,95551,0
35743341,http://www.history.com.waps.io/topics/sun-tzu,"2017-07-26 10:55:01.0",http://searchwell.l3s.uni-hannover.de/en/search.jsf?query=Sun Tzu,59961,33588,0
35743341,http://www.history.com.waps.io/news/history-lists/8-legendary-battle-cries,"2017-07-26 10:56:03.0",http://www.history.com.waps.io/topics/sun-tzu,165367,97438,0
35743341,http://www.history.com.waps.io/topics/sun-tzu,"2017-07-26 10:58:49.0",http://searchwell.l3s.uni-hannover.de/en/search.jsf?query=Sun Tzu,149094,27396,1
35743341,http://searchwell.l3s.uni-hannover.de/en/search.jsf?query=The Art of War features a detailed chapter on the use of spies during wartime,"2017-07-26 11:03:19.0",http://searchwell.l3s.uni-hannover.de/en/search.jsf?query=Sun Tzu,25067,6426,0
35743341,http://searchwell.l3s.uni-hannover.de/en/search.jsf?query=punishments,"2017-07-26 11:03:45.0",http://searchwell.l3s.uni-hannover.de/en/search.jsf?query=The Art of War features a detailed chapter on the use of spies during wartime,4615,3408,0
35743341,http://searchwell.l3s.uni-hannover.de/en/search.jsf?query=Sun Tzu was reportedly the inventor of the repeating crossbow,"2017-07-26 11:03:51.0",http://searchwell.l3s.uni-hannover.de/en/search.jsf?query=punishments,23061,3435,0
35743341,http://searchwell.l3s.uni-hannover.de/en/search.jsf?query=Sun Tzu was reportedly the inventor of the repeating crossbow,"2017-07-26 11:04:15.0",http://searchwell.l3s.uni-hannover.de/en/search.jsf?query=Sun Tzu was reportedly the inventor of the repeating crossbow,41080,1248,0
6335542,http://searchwell.l3s.uni-hannover.de/?uid=6335542,"2017-07-26 10:18:18.0",http://gadirajuweb.l3s.uni-hannover.de/SearchWell/SunTzu/suntzu_task.php?userID=6335542,13068,4610,0
6335542,http://searchwell.l3s.uni-hannover.de/en/search.jsf?query=the life%2C writings and influence of the Chinese author Sun Tzu,"2017-07-26 10:18:33.0",http://searchwell.l3s.uni-hannover.de/?uid=6335542,1541233,28148,0
6335542,http://en.wikipedia.org.secure.waps.io/wiki/Sun_Tzu,"2017-07-26 10:19:33.0",http://searchwell.l3s.uni-hannover.de/en/search.jsf?query=the life%2C writings and influence of the Chinese author Sun Tzu,1490019,6658,0
36531316,http://searchwell.l3s.uni-hannover.de/?uid=36531316,"2017-07-26 10:36:55.0",http://gadirajuweb.l3s.uni-hannover.de/SearchWell/SunTzu/suntzu_task.php?userID=36531316,8311,8279,0
36531316,http://searchwell.l3s.uni-hannover.de/en/search.jsf?query=Sun Tzu,"2017-07-26 10:37:04.0",http://searchwell.l3s.uni-hannover.de/?uid=36531316,194253,33189,0
36531316,http://en.wikipedia.org.secure.waps.io/wiki/Sun_Tzu,"2017-07-26 10:37:36.0",http://searchwell.l3s.uni-hannover.de/en/search.jsf?query=Sun Tzu,357899,2059,1
36531316,http://www.military-quotes.com.waps.io/Sun-Tzu.htm,"2017-07-26 10:37:39.0",http://searchwell.l3s.uni-hannover.de/en/search.jsf?query=Sun Tzu,518100,62223,0
36531316,http://searchwell.l3s.uni-hannover.de/en/search.jsf?query=The Art of War,"2017-07-26 10:40:20.0",http://searchwell.l3s.uni-hannover.de/en/search.jsf?query=Sun Tzu,99275,23440,0
36531316,http://classics.mit.edu.waps.io/Tzu/artwar.html,"2017-07-26 10:40:22.0",http://searchwell.l3s.uni-hannover.de/en/search.jsf?query=Sun Tzu,49370,9853,1
36531316,http://searchwell.l3s.uni-hannover.de/en/search.jsf?query=Sun tzu live in which dynasty,"2017-07-26 10:42:02.0",http://searchwell.l3s.uni-hannover.de/en/search.jsf?query=The Art of War,251385,2445,0
28516930,http://searchwell.l3s.uni-hannover.de/?uid=28516930,"2017-07-26 11:12:33.0",http://gadirajuweb.l3s.uni-hannover.de/SearchWell/SunTzu/suntzu_task.php?userID=28516930,79814,9118,0
28516930,http://searchwell.l3s.uni-hannover.de/en/search.jsf?query=Chinese author Sun Tzu - about his life%2C his writings%2C and his influence to the present day,"2017-07-26 11:13:53.0",http://searchwell.l3s.uni-hannover.de/?uid=28516930,317841,48829,0
28516930,http://www.ancient.eu.waps.io/Sun-Tzu/,"2017-07-26 11:14:35.0",http://searchwell.l3s.uni-hannover.de/en/search.jsf?query=Chinese author Sun Tzu - about his life%2C his writings%2C and his influence to the present day,249679,59628,1
28516930,http://simplyknowledge.com.waps.io/popular/biography/sun-tzu,"2017-07-26 11:15:46.0",http://searchwell.l3s.uni-hannover.de/en/search.jsf?query=Chinese author Sun Tzu - about his life%2C his writings%2C and his influence to the present day,574643,13272,0
28516930,http://en.wikipedia.org.secure.waps.io/wiki/Sunzi,"2017-07-26 11:16:26.0",http://searchwell.l3s.uni-hannover.de/en/search.jsf?query=Chinese author Sun Tzu - about his life%2C his writings%2C and his influence to the present day,142919,11032,1
28516930,http://searchwell.l3s.uni-hannover.de/en/search.jsf?query=very heroic endeavor,"2017-07-26 11:19:30.0",http://searchwell.l3s.uni-hannover.de/en/search.jsf?query=Chinese author Sun Tzu - about his life%2C his writings%2C and his influence to the present day,101474,31402,0
28516930,http://www.fanfiction.net.secure.waps.io/s/12445875/1/Heroic-Endeavor,"2017-07-26 11:19:45.0",http://searchwell.l3s.uni-hannover.de/en/search.jsf?query=very heroic endeavor,21202,21160,0
28516930,http://searchwell.l3s.uni-hannover.de/en/search.jsf?query=War is the continuation of politics by other means,"2017-07-26 11:21:13.0",http://searchwell.l3s.uni-hannover.de/en/search.jsf?query=very heroic endeavor,35140,13032,0
28516930,http://searchwell.l3s.uni-hannover.de/en/search.jsf?query=repeating crossbow,"2017-07-26 11:21:49.0",http://searchwell.l3s.uni-hannover.de/en/search.jsf?query=War is the continuation of politics by other means,1512,28,0
28516930,http://searchwell.l3s.uni-hannover.de/en/search.jsf?query=repeating crossbow,"2017-07-26 11:21:51.0",http://searchwell.l3s.uni-hannover.de/en/search.jsf?query=repeating crossbow,84712,37338,0
28516930,http://www.instructables.com.waps.io/id/How-to-Make-a-Repeating-Crossbow/,"2017-07-26 11:22:46.0",http://searchwell.l3s.uni-hannover.de/en/search.jsf?query=repeating crossbow,10266,9466,1
28516930,http://searchwell.l3s.uni-hannover.de/en/search.jsf?query=For to win one hundred victories in one hundred battles is not the acme of skill. To subdue the enem,"2017-07-26 11:23:32.0",http://searchwell.l3s.uni-hannover.de/en/search.jsf?query=repeating crossbow,107077,5808,0
43125608,http://searchwell.l3s.uni-hannover.de/?uid=43125608,"2017-07-26 10:16:52.0",http://gadirajuweb.l3s.uni-hannover.de/SearchWell/SunTzu/suntzu_task.php?userID=43125608,7509,3599,0
43125608,http://searchwell.l3s.uni-hannover.de/en/search.jsf?query=Sun Tzu,"2017-07-26 10:17:01.0",http://searchwell.l3s.uni-hannover.de/?uid=43125608,179419,6532,0
43125608,http://en.wikipedia.org.secure.waps.io/wiki/Sun_Tzu,"2017-07-26 10:17:05.0",http://searchwell.l3s.uni-hannover.de/en/search.jsf?query=Sun Tzu,591554,61105,0
6715485,http://searchwell.l3s.uni-hannover.de/?uid=6715485,"2017-07-26 10:23:35.0",http://gadirajuweb.l3s.uni-hannover.de/SearchWell/SunTzu/suntzu_task.php?userID=6715485,31985,6523,0
6715485,http://searchwell.l3s.uni-hannover.de/en/search.jsf?query=%C3%87inli yazar Sun Tzu hakk%C4%B1nda hayat%C4%B1,"2017-07-26 10:24:08.0",http://searchwell.l3s.uni-hannover.de/?uid=6715485,737114,8697,0
6715485,http://tr.wikipedia.org.secure.waps.io/wiki/Sun_Tzu,"2017-07-26 10:24:29.0",http://searchwell.l3s.uni-hannover.de/en/search.jsf?query=%C3%87inli yazar Sun Tzu hakk%C4%B1nda hayat%C4%B1,716538,51172,1
43310837,http://searchwell.l3s.uni-hannover.de/?uid=43310837,"2017-07-26 10:17:43.0",http://gadirajuweb.l3s.uni-hannover.de/SearchWell/SunTzu/suntzu_task.php?userID=43310837,16569,5509,0
43310837,http://searchwell.l3s.uni-hannover.de/en/search.jsf?query=Chinese author Sun Tzu - about his life,"2017-07-26 10:18:01.0",http://searchwell.l3s.uni-hannover.de/?uid=43310837,290028,4548,0
43310837,http://www.thefamouspeople.com.waps.io/profiles/sun-tzu-261.php,"2017-07-26 10:18:23.0",http://searchwell.l3s.uni-hannover.de/en/search.jsf?query=Chinese author Sun Tzu - about his life,271740,46646,0
42179203,http://searchwell.l3s.uni-hannover.de/?uid=42179203,"2017-07-26 10:30:07.0",http://gadirajuweb.l3s.uni-hannover.de/SearchWell/SunTzu/suntzu_task.php?userID=42179203,20708,20039,0
42179203,http://searchwell.l3s.uni-hannover.de/en/search.jsf?query=sun tzu quotes,"2017-07-26 10:30:28.0",http://searchwell.l3s.uni-hannover.de/?uid=42179203,54687,24303,0
42179203,http://www.brainyquote.com.waps.io/quotes/authors/s/sun_tzu.html,"2017-07-26 10:30:53.0",http://searchwell.l3s.uni-hannover.de/en/search.jsf?query=sun tzu quotes,159035,8885,1
42179203,http://www.military-quotes.com.waps.io/Sun-Tzu.htm,"2017-07-26 10:31:06.0",http://searchwell.l3s.uni-hannover.de/en/search.jsf?query=sun tzu quotes,385154,11276,0
42179203,http://www.great-quotes.com.waps.io/quotes/author/Sun/Tzu,"2017-07-26 10:31:10.0",http://searchwell.l3s.uni-hannover.de/en/search.jsf?query=sun tzu quotes,379310,11881,0
42179203,http://searchwell.l3s.uni-hannover.de/en/search.jsf?query=sun tzu information,"2017-07-26 10:31:24.0",http://searchwell.l3s.uni-hannover.de/en/search.jsf?query=sun tzu quotes,362541,32435,0
42179203,http://www.history.com.waps.io/topics/sun-tzu,"2017-07-26 10:31:31.0",http://searchwell.l3s.uni-hannover.de/en/search.jsf?query=sun tzu information,357094,869,0
42179203,http://www.history.com.waps.io/topics/the-art-of-war,"2017-07-26 10:31:43.0",http://searchwell.l3s.uni-hannover.de/en/search.jsf?query=sun tzu information,344616,32094,0
42179203,http://www.7clingo.com.waps.io/5-facts-about-sun-tzu-before-the-art-of-war/,"2017-07-26 10:32:14.0",http://searchwell.l3s.uni-hannover.de/en/search.jsf?query=sun tzu information,87203,16716,1
42179203,http://www.britannica.com.secure.waps.io/biography/Sunzi,"2017-07-26 10:34:33.0",http://searchwell.l3s.uni-hannover.de/en/search.jsf?query=sun tzu information,26522,7832,1
43430725,http://searchwell.l3s.uni-hannover.de/?uid=43430725,"2017-07-26 11:09:28.0",http://gadirajuweb.l3s.uni-hannover.de/SearchWell/SunTzu/suntzu_task.php?userID=43430725,363025,2183,0
38366313,http://searchwell.l3s.uni-hannover.de/?uid=38366313,"2017-07-26 10:17:51.0",http://gadirajuweb.l3s.uni-hannover.de/SearchWell/SunTzu/suntzu_task.php?userID=38366313,3576,3536,0
38366313,http://searchwell.l3s.uni-hannover.de/en/search.jsf?query=%27Sangre de Cristo%27 mounta%27the life%2C writings and influence of the Chinese author Sun Tzu%27 .in range ,"2017-07-26 10:17:55.0",http://searchwell.l3s.uni-hannover.de/?uid=38366313,5003,4149,0
38366313,http://searchwell.l3s.uni-hannover.de/?uid=38366313,"2017-07-26 10:18:01.0",http://gadirajuweb.l3s.uni-hannover.de/SearchWell/SunTzu/suntzu_task.php?userID=38366313,8154,7626,0
38366313,http://searchwell.l3s.uni-hannover.de/en/search.jsf?query=%27Sangre de Cristo%27 mounta%27the life%2C writings and influ%27the life%2C writings and influence of the Chine,"2017-07-26 10:18:10.0",http://searchwell.l3s.uni-hannover.de/?uid=38366313,17492,15562,0
38366313,http://searchwell.l3s.uni-hannover.de/en/search.jsf?query=%27the life%2C writings and influence of the Chinese author Sun Tzu%27 . ,"2017-07-26 10:18:30.0",http://searchwell.l3s.uni-hannover.de/en/search.jsf?query=%27Sangre de Cristo%27 mounta%27the life%2C writings and influ%27the life%2C writings and influence of the Chine,605033,6657,0
38366313,http://en.wikipedia.org.secure.waps.io/wiki/Sun_Tzu,"2017-07-26 10:18:36.0",http://searchwell.l3s.uni-hannover.de/en/search.jsf?query=%27the life%2C writings and influence of the Chinese author Sun Tzu%27 . ,497938,66331,1
43687043,http://searchwell.l3s.uni-hannover.de/?uid=43687043,"2017-07-26 10:33:06.0",http://gadirajuweb.l3s.uni-hannover.de/SearchWell/SunTzu/suntzu_task.php?userID=43687043,8429,1698,0
43687043,http://searchwell.l3s.uni-hannover.de/en/search.jsf?query=the Chinese author Sun Tzu,"2017-07-26 10:33:16.0",http://searchwell.l3s.uni-hannover.de/?uid=43687043,352828,5786,0
26079868,http://searchwell.l3s.uni-hannover.de/?uid=26079868,"2017-07-26 10:22:55.0",http://gadirajuweb.l3s.uni-hannover.de/SearchWell/SunTzu/suntzu_task.php?userID=26079868,4482,4412,0
26079868,http://searchwell.l3s.uni-hannover.de/en/search.jsf?query=Chinese author Sun Tzu - about his life%2C his writings%2C and his influence to the present day,"2017-07-26 10:22:57.0",http://searchwell.l3s.uni-hannover.de/?uid=26079868,56121,45748,0
26079868,http://www.ancient.eu.waps.io/Sun-Tzu/,"2017-07-26 10:23:30.0",http://searchwell.l3s.uni-hannover.de/en/search.jsf?query=Chinese author Sun Tzu - about his life%2C his writings%2C and his influence to the present day,548456,64667,0
26079868,http://www.history.com.waps.io/topics/sun-tzu,"2017-07-26 10:23:36.0",http://searchwell.l3s.uni-hannover.de/en/search.jsf?query=Chinese author Sun Tzu - about his life%2C his writings%2C and his influence to the present day,541797,43335,0
26079868,http://searchwell.l3s.uni-hannover.de/en/search.jsf?query=the art of war sun tzu,"2017-07-26 10:23:57.0",http://searchwell.l3s.uni-hannover.de/en/search.jsf?query=Chinese author Sun Tzu - about his life%2C his writings%2C and his influence to the present day,519381,6391,0
26079868,http://en.wikipedia.org.secure.waps.io/wiki/Sun_Tzu,"2017-07-26 10:24:06.0",http://searchwell.l3s.uni-hannover.de/en/search.jsf?query=Chinese author Sun Tzu - about his life%2C his writings%2C and his influence to the present day,516013,74005,0
26079868,http://en.wikipedia.org.secure.waps.io/wiki/The_Art_of_War,"2017-07-26 10:27:37.0",http://searchwell.l3s.uni-hannover.de/en/search.jsf?query=the art of war sun tzu,299020,12128,0
37419835,http://searchwell.l3s.uni-hannover.de/?uid=37419835,"2017-07-26 10:24:01.0",http://gadirajuweb.l3s.uni-hannover.de/SearchWell/SunTzu/suntzu_task.php?userID=37419835,275950,4599,0
37419835,http://searchwell.l3s.uni-hannover.de/en/search.jsf?query= Polly Mosendz,"2017-07-26 10:28:38.0",http://searchwell.l3s.uni-hannover.de/?uid=37419835,3598,3244,0
37419835,http://searchwell.l3s.uni-hannover.de/?uid=37419835,"2017-07-26 10:28:42.0",http://gadirajuweb.l3s.uni-hannover.de/SearchWell/SunTzu/suntzu_task.php?userID=37419835,260405,992,0
37419835,http://searchwell.l3s.uni-hannover.de/?uid=37419835,"2017-07-26 10:28:45.0",http://gadirajuweb.l3s.uni-hannover.de/SearchWell/SunTzu/suntzu_task.php?userID=37419835,13000,12553,0
37419835,http://searchwell.l3s.uni-hannover.de/en/search.jsf?query=%D0%A1%D1%83%D0%BD%D1%8C-%D0%A6%D0%B7%D1%8B - %D0%BE %D0%B5%D0%B3%D0%BE %D0%B6%D0%B8%D0%B7%D0%BD%D0%B8%2C %D0%B5%D0%B3%D0%BE %D0%BF%D0%B8%D1%81%D0%B0%D0%BD%D0%B8%D1%8F%D1%85 %D0%B8 %D0%B5%D0%B3%D0%BE %D0%B2%D0%BB%D0%B8%D1%8F%D0%BD%D0%B8%D0%B8 %D0%BD%D0%B0 %D1%81%D0%B5%D0%B3%D0%BE%D0%B4%D0%BD%D1%8F%D1%88%D0%BD%D0%B8%D0%B9 %D0%B4%D0%B5%D0%BD%D1%8C ,"2017-07-26 10:29:06.0",http://searchwell.l3s.uni-hannover.de/?uid=37419835,233831,1893,0
28282475,http://searchwell.l3s.uni-hannover.de/?uid=28282475,"2017-07-26 12:06:22.0",http://gadirajuweb.l3s.uni-hannover.de/SearchWell/SunTzu/suntzu_task.php?userID=28282475,22002,20316,0
28282475,http://searchwell.l3s.uni-hannover.de/en/search.jsf?query=sun tzu,"2017-07-26 12:06:45.0",http://searchwell.l3s.uni-hannover.de/?uid=28282475,606441,5413,0
28282475,http://en.wikipedia.org.secure.waps.io/wiki/Sun_Tzu,"2017-07-26 12:06:49.0",http://searchwell.l3s.uni-hannover.de/en/search.jsf?query=sun tzu,471516,48711,1
34192482,http://en.wikipedia.org.secure.waps.io/wiki/The_Art_of_War,"2017-07-26 10:37:58.0",http://searchwell.l3s.uni-hannover.de/en/search.jsf?query=art of war wiki,244982,41367,0
34192482,http://refspace.com.waps.io/quotes/The_Art_of_War,"2017-07-26 10:38:06.0",http://searchwell.l3s.uni-hannover.de/en/search.jsf?query=art of war quotes,394907,22794,1
